title,content,url,source,category,scraped_at
Ini Penyebab Persib Telat Panas Lawan Selangor FC,"PelatihPersib Bandung,Bojan Hodak, mengungkap alasan timnya telat panas melawanSelangor FC. Masalah adaptasi terhadap cuaca jadi sebabnya. Persib Bandung melakukan comeback luar biasa untuk menang 3-2 di kandang Selangor FC, MBPJ Stadium, pada match day keempat Grup G AFC Champions League 2, Kamis (6/11/2025). Maung Bandung tertinggal dua gol saat babak pertama tuntas. Tuan rumah bikin gol lewat Chrigor di menit ke-3 dan bunuh diri Patrico Matricardi di menit ke-17. SCROLL TO CONTINUE WITH CONTENT Persib bangkit bikin tiga gol selepas jeda. Andrew Jung memperkecil ketinggalan Persib di menit ke-48. Adam Alis kemudian menjadi pahlawan kemenangan Persib. Ia bikin dua gol di ke-81 dan 90+7 untuk memastikan kemenangan Pangeran Biru.  Gol penentu kemenangan Persib lahir berawal dari kesalahan kiper Selangor Sikh Izhan. Izhan tak cukup baik saat menyapu bola backpass. Sapuannya justru membentur Adam yang melakukan pressing. Bola kemudian memantul masuk ke gawang Selangor. Kemenangan ini membawa Persib semakin kukuh di puncak Grup G dengan sepuluh poin. Pasukan Bojan Hodak hanya butuh satu angka lagi untuk memastikan melaju ke 16 besar. Sementara, Selangor dipastikan tersingkir dari ACL 2. Mereka kini di posisi juru kunci dengan belum meraih poin. Bojan Hodak tetap memuji Izhan meski bikin blunder yang membuat Persib menang. Terlepas dari blunder tersebut, Izhan bikin dua penyelamatan krusial untuk membendung serangan Pangeran Biru. ""Pada babak kedua, seandainya kiper mereka (Selangor) tidak melakukan penyelamatan, mungkin ada 6-7 gol yang bisa tercipta. Jadi saya merasa senang, kami menang 3-2 dan paling penting adalah tiga poin,"" ujar Bojan dikutip dari detikJabar. Pelatih asal Kroasia ini juga mengungkap Persib telat panas melawan Selangor. Menurutnya, masalah adaptasi cuaca sebab Persib kesulitan di babak pertama. ""Kami juga bermain setiap 4-5 hari dan menurut saya cuacanya lebih panas dari Bandung. Jadi mungkin di awal kami tidak cukup siap. Kami di babak kedua kami bisa mulai rileks dan bisa mencetak gol,"" jelas Bojan. ""Setelah Andrew Jung mencetak gol, kami mulai mencari gol kedua. Di babak kedua, setelah melakukan pergantian, kami mulai bermain lebih agresif dan bisa mencetak gol kedua. Kami mulai bisa mendominasi,"" tambahnya. ",,Detik,liga_indonesia,
"Lawan Indonesia, Brasil Mau Cepat-cepat Segel Babak Selanjutnya","Brasil U-17bentrok denganTimnas Indonesia U-17padaPiala Dunia U-17 2025. Tim Samba mau segera lolos dari fase grup dengan menaklukkan Garuda Muda. Matchday kedua Grup H Piala Dunia U-17 mempertemukan Indonesia vs Brasil. Duel dijadwalkan Jumat (7/11/2025) malam WIB di Aspire Zone, Al Rayyan. Brasil saat ini berada di puncak klasemen sementara Grup H. Vitor Hugo cs menang telak 7-0 atas Honduras di pertandingan pertama. SCROLL TO CONTINUE WITH CONTENT  Berbanding terbalik dengan Brasil, Indonesia harus menelan kekalahan pada partai pertamanya di Piala Dunia U-17. Pasukan Nova Arianto menyerah 1-3 dari Zambia U-17. Brasil hanya butuh satu kemenangan lagi demi bisa mengunci tempat ke babak selanjutnya. Indonesia pun jadi bidikan tim berjulukCanarinha(Burung Kenari Kecil) ini untuk meraih poin penuh berikutnya. Hal itu diutarakan salah satu penggawa Timnas Brasil U-17, Andrey Fernandes. Dia menyebut timnya fokus penuh demi meraih kemenangan atas Indonesia.   [Gambas:Instagram]   ""Kami bersatu dengan baik dan 100 persen fokus pada pertandingan melawan Indonesia. Kami akan berjuang keras untuk mengamankan tempat kami di tahap selanjutnya,"" kata Fernandes dalam akun Instagram Timnas Brasil U-17. Timnas Brasil U-17 jelas jadi unggulan meraih kemenangan atas Indonesia. Di satu sisi, bukan tidak mungkin Garuda Muda membuat kejutan demi menjaga asa melaju dari fase grup Piala Dunia U-17 2025. ",,Detik,liga_indonesia,
Kiper Selangor Menangis Usai Blunder yang Bikin Persib Menang,"KiperSelangorFC, Sikh Izhan, menangis usai bikin blunder yang membuatPersib Bandungmenang 3-2. Blunder Izhan bikin Gergasi Merah tersingkir dariAFC Champions League 2. Persib Bandung melakukan comeback luar biasa untuk menang 3-2 di kandang Selangor FC, MBPJ Stadium, pada match day keempat Grup G AFC Champions League 2, Kamis (6/11/2025). Maung Bandung tertinggal dua gol saat babak pertama tuntas. Tuan rumah bikin gol lewat Chrigor di menit ke-3 dan bunuh diri Patrico Matricardi di menit ke-17. SCROLL TO CONTINUE WITH CONTENT Persib bangkit bikin tiga gol selepas jeda. Andrew Jung memperkecil ketinggalan Persib di menit ke-48. Adam Alis kemudian menjadi pahlawan kemenangan Persib. Ia bikin dua gol di ke-81 dan 90+7 untuk memastikan kemenangan Pangeran Biru. Gol penentu kemenangan Persib lahir berawal dari kesalahan kiper Selangor Sikh Izhan. Izhan tak tenang saat mendapatkan bola backpass. Ia berusaha langsung menyapu bola tapi bola tak tepat mengenai kakinya. Bola justru mengarah ke depan membentur Adam yang melakukan pressing. Bola kemudian memantul masuk ke gawang Selangor. Izhan tampak begitu terpukul usai melakukan blunder. Ia langsung tersujud lemas lalu dan kemudian tampak menangis. JARINGAN KEMENANGAN ADAM ALIS!Comeback dilengkapkan oleh Persib Bandung di MBPJ selepas kesilapan sekali lagi dari Selangor!Selangor sah tersingkir selepas 0 mata dari 4 perlawanan di ACL2.#ACL2pic.twitter.com/vtgcZFiXOT   Para pemain Selangor berusaha menenangkan dan menyemangati Izhan. Namun, Izhan tampak masih menangis hingga saat meninggalkan lapangan ketika laga usai. Blunder ini mencoreng penampilan Izhan yang tampil apik sepanjang laga. Ia mampu dua kali melakukan penyelamatan krusial membendung serangan Persib. Izhan layak sangat terpukul karena blundernya ini membuat Selangor dipastikan tersingkir dari ACL 2. Selangor di posisi juru kunci Grup F dengan belum meraih angka dengan sisa dua laga. Sementara, Persib semakin kukuh di puncak Grup G dengan sepuluh poin. Pasukan Bojan Hodak hanya butuh satu angka lagi untuk memastikan melaju ke 16 besar. ",,Detik,liga_indonesia,
"Tantang Brasil, Garuda Muda Siap Raih Poin Perdana","PerjalananTimnas Indonesia U-17dalam ajangPiala Dunia U17di Qatar kembali menghadapi tantangan berat. Setelah dipecundangi oleh Zambia dengan skor 1-3 pada partai pembuka,Garuda Mudaakan menghadapi tim unggulan Brasil. Pelatih Timnas Indonesia U-17, Nova Arianto, berkata jika timnya tak boleh kalah sebelum bertanding. Dirinya juga mengakui jika Selecao Muda memang diprediksi dapat menjadi juara turnamen kali ini. Meski demikian dalam pertandingan nanti, Nova Arianto menegaskan bahwa tak akan ada perubahan formasi anak asuhnya. ""Kalau formasi mungkin tetap sama ya, sekali lagi Brasil menjadi salah satu unggulan di Piala Dunia ini dan saya sampaikan ke pemain jangan pernah takut sebelum bertanding,"" kata Nova Arianto dalam rekaman yang diterimadetikSport. SCROLL TO CONTINUE WITH CONTENT ""Kita mencoba saja. Kita mencoba sejauh mana kemampuan kita. Harapannya pemain bisa lebih berani lagi, lebih siap lagi untuk bertanding,"" kata dia. Dalam partai sebelumnya Brasil baru saja menghajar Honduras dengan skor 7-0. Matchday kedua Piala Dunia U-17 2025 Grup H antara Brasil vs Indonesia akan berlangsung malam ini (7/11/2025). Pertandingan tersebut berlangsung di Aspire Zone pitch 7, Doha, Qatar pukul 22.45 WIB. Laga kedua tim ini bisa disaksikan secara gratis di situs FIFA+. Sebagai catatan, Brasil merupakan tim dengan raihan empat kali juara Piala Dunia U-17. Mereka mendapatkan gelar tersebut pada 1997, 1999, 2003 dan 2019. Striker dari tim Canarinha, Wenderson Wanderley Santos de Melo (Dell) berkata jika dirinya memiliki target untuk memenangi Piala Dunia U-17 Qatar ini. ""Kami memenangi gelar juara di Amerika Selatan --sekarang waktunya untuk Piala Dunia. Saya sangat bangga dan gembira bisa bermain untuk negara saya,"" kata Dell dikutip dari situs FIFA dilansir olehdetikSport. Pertandingan nanti juga akan sangat menentukan nasib Indonesia dalam turnamen ini. Sebab hanya dua tim dari masing-masing grup yang dipastikan lolos, dan ada 8 tiket lainnya untuk tim peringkat ketiga terbaik. Saat ini Garuda Muda berada di peringkat ketiga Grup H dengan raihan 0 poin. Kesempatan mereka meraih poin tersisa di dua laga. Lalu, apakah Timnas Indonesia mampu meraih poin perdana menghadapi tim kuat Brasil? Atau ini merupakan laga terakhir mereka sebelum angkat koper dari Qatar? Simak obrolannya bersamadetikSportdalam segmend'Hattrick! Beralih ke Berita Nusantara,detikSoreakan mengulas lebih dalam bagaimana proses peralihan kekuasaan Keraton Kasunanan Solo usaiPaku Buwono XIIImangkat. Seperti diketahui, Putra mahkota Keraton Solo KGPAA Hamangkunegoro Sudibya Rajaputra Narendra Mataram mengukuhkan dirinya sebagai Paku Buwono (PB) XIV. Pengukuhan ini dilakukan jelang prosesi pemberangkatan jenazah PB XIII. Dalam acara ituKGPAA Hamangkunegoromengucapkan ikrar kesetiaan dan kesanggupan untuk meneruskan tahta Raja. Ikrar itu disampaikan di depan keluarga besar, abdi dalem, hingga sentono. Namun adakah ganjalan dalam proses peralihan kekuasaan ini? Ikuti paparannya bersama RedakturdetikJatengselengkapnya. Hari ini, detikSore akan menghadirkan Direktur utama Kilang Pertamina Internasional, Taufik Aditiyawarman. Kepada detikSore ia akan memaparkan sejumlah strategi untuk menjaga ketahanan energi bagi Indonesia. Dalam pengoperasiannya, Kilang Pertamina Internasional tak henti melakukan inovasi untuk terus menghasilkan produk berkualitas dan lebih ramah lingkungan. Inovasi tersebut antara lain produksi bahan bakar pesawat dengan memanfaatkan bahan jelantah (PertaminaSAF) yang diproduksi di Kilang Cilacap 6.⁠Lalu apa saja inovasi serta gebrakan lain yang disiapkan? Ikuti diskusi selengkapnya dalam detikSore. Jelang petang nanti, detikSore akan menghadirkan Ahmad Doli Kurnia, Wakil Ketua Badan Legislasi DPR RI. kepada detikSore ia akan memaparkan sejumlah usaha yang dilakukan Baleg dalam rangka mendorong upaya penegakan demokrasi di Indonesia. Ikuti diskusi lengkapnya. Ikuti terus ulasan mendalam berita-berita hangat detikcom dalam sehari yang disiarkan secara langsung langsung (live streaming) pada Senin-Jumat, pukul 15.30-18.00 WIB, di 20.detik.com dan TikTok detikcom. Jangan ketinggalan untuk mengikuti analisis pergerakan pasar saham jelang penutupan IHSG di awal acara. Sampaikan komentar Anda melalui kolom live chat yang tersedia. ""Detik Sore, Nggak Cuma Hore-hore!""",,Detik,liga_indonesia,
Prediksi Timnas Indonesia U-17 Vs Brasil U-17: Ujian Berat Garuda Muda,"Timnas Indonesia U-17 vs Brasil U-17tersaji diPiala Dunia U-17 2025nanti malam. Berikut prediksi pertandingan yang bakal berat bagi Garuda Muda itu. Indonesia vs Brasil tersaji di laga kedua Grup H Piala Dunia U-17 2025. Laga digelar di Aspire Zone, Al Rayyan, Qatar, Jumat (7/11/2025) malam WIB. Laga itu mempertemukan dua tim yang meraih hasil berbeda di laga perdana. Indonesia tumbang 1-3 dari Zambia, sementara Brasil tampil perkasa dengan menggilas Honduras 7-0. SCROLL TO CONTINUE WITH CONTENT Saat melawan Zambia, Indonesia sedianya sempat unggul lebih dulu. Zahabi Gholy membawa skor 1-0 di menit ke-12, namun ditekan setelahnya. Zambia kemudian membalas tiga gol lewat brace Abel Nyirongo dan satu gol Lukonde Mwale. SementaraBrasilbegitu perkasa saat melawan Honduras. Tim asuhan Dudu Patetuci benar-benar memperlihatkan kualitas skuadnya.  Ruan Pablo, Dell, Felipe Morais, Vitor Hugo, Angelo mampu menekan Honduras lewat serangan mematikan. Sekali shot, bola masuk ke gawang lawan. Statistik menunjukkan, Brasil menciptkan peluang 18 kali, 10 di antaranya on target, dan 7 menghadirkan gol. Sofascore bahkan menjadikan Brasil tim dengan rating terbaik kedua dengan nilai 7.53, hanya kalah dari Korea Utara (7.78). Jelas, bakal sulit Indonesia meladeni skuad Brasil, yang rata-rata juga sudah berkelas dunia. Meski begitu, apa pun bisa saja terjadi. Saat melawan Zambia, Indonesia memperlihatkan semangat juang tinggi meski tertinggal. Beberapa kali peluang emas diciptakan, yang bisa saja menjadi gol dan memaksa hasil imbang. Melawan Brasil, performa seperti itu yang jelas diharapkan dari skuad Nova Arianto. Meski kalah kelas, di mana Brasil berstatus juara dunia empat kali, Indonesia tetap punya peluang sekecil apa pun itu. LagaTimnas Indonesia U-17 vs Brasil U-17akan digelar pukul 22.45 WIB. Ayo dukung Garuda Muda untuk menang dan menjaga kans ke babak berikutnya.",,Detik,liga_indonesia,
FIFA Matchday: Timnas U-23 Proyeksi SEA Games Uji Coba 2 Kali Lawan Mali,"Timnas Indonesia U-23proyeksiSEA Games 2025akan mengisi slot FIFA Matchday Bulan November. PSSI memilih Mali sebagai lawan uji tanding sebanyak dua kali. Lantaran timnas senior sedang tidak punya pelatih, PSSI menetapkanTimnas U-23yang akan menjalani FIFA Matchday bulan ini. Bagi Timnas U-23 kesempatan ini bak menyelam sambil minum air. Uji coba ini akan digelar sebanyak dua kali di Stadion Pakansari pada 15 dan 18 November. Sebanyak 30 pemain dipanggil untuk menjalani dua laga ini. SCROLL TO CONTINUE WITH CONTENT  ""PSSI memastikan bahwa Timnas U-23 akan melawan Mali U-23 sebanyak dua kali pada tanggal 15 dan 18 November ini di Stadion Pakansari dengan kick off pukul 20.00 WIB. Tim Mali akan datang ke Indonesia pada tanggal 13 November,"" kata Sekjen PSSI Yunus Nusi, dalam pernyataannya. ""Untuk penjualan tiket dua pertandingan ini, kami akan segera menginformasikannya. Semoga dua uji coba internasional ini membuat Timnas U-23 semakin matang dan solid jelang bertanding di SEA Games 2025 mendatang,"" ujarnya menambahkan. Sebelumnya pada tanggal 10 dan 13 Oktober lalu, Garuda Muda sudah melakoni dua laga uji coba internasional melawan India di Stadion Madya, Jakarta.  Laga melawanMalisekaligus bisa menjadi kesempatan terakhir buat pelatih Timnas U-23 Indra Sjafri untuk memilih skuad final. Karena masih ada 30 pemain, ia harus mencoret tujuh orang agar menyisakan 23 pemain. Tanggal 15 dan 18 November 2025 Pukul 20.00 WIB di Stadion Pakansari, Kabupaten Bogor.",,Detik,liga_indonesia,
"Klasemen ACL 2: Persib Kukuh di Puncak, Selangkah Lagi ke 16 Besar","Persib Bandungkukuh di puncak klasemen Grup GAFC Champions League 2usai menang dari Selangor FC. Maung Bandung selangkah lagi amankan tiket ke 16 besar. Persib Bandung meraih kemenangan 3-2 di kandang Selangor FC, MBPJ Stadium, pada match day keempat Grup G AFC Champions League 2, Kamis (6/11/2025). Tiga angka ini didapat Maung Bandung lewat comeback dramatis. Tim tamu tertinggal dua gol lebih dulu akibat gol dari Chrigor di menit ke-3 dan bunuh diri Patrico Matricardi di menit ke-17. Persib secara luar membalikkan keadaan usai bikin tiga gol selepas jeda. SCROLL TO CONTINUE WITH CONTENT Andrew Jung memperkecil ketinggalan Persib di menit ke-48. Adam Alis kemudian menjadi pahlawan kemenangan Persib usai bikin brace di menit ke-81 dan 90+7.  Kemenangan ini membawa Persib kukuh di puncak klasemen Grup G dengan 10 poin. Hasil dari tiga kali menang dan sekali imbang. Anak asuhan Bojan Hodak unggul satu angka dari Bangkok United dengan sembilan angka di posisi kedua. Bangkok United pada matchday keempat mampu menang 2-1 di kandang Lion City Sailors. Lion City Sailors di urutan ketiga dengan empat angka. Sementara, Selangor jadi juru kunci dengan belum meraih angka. Kekalahan atas Persib turut memastikan Gergasi Merah tersingkir dari ajang ini. Meski Grup G masih menyisakan dua laga lagi. Persaingan lolos ke fase gugur dari Grup G berkutat ke tiga klub yaitu Persib, Bangkok United, dan Lion City Sailors. Persib hanya butuh satu angka lagi untuk mengamankan tiket ke 16 besar. Dua laga sisa Persib di Grup G adalah bertandang ke markas Lion City Sailors (26/11) dan lalu menjamu Bangkok United di kandang (10/12) dalam duel pamungkas. ",,Detik,liga_indonesia,
Campus League Dimulai dengan 21 Tim,"Campus League cabang olahragafutsalsedang bergulir. Ada 21 tim putra dan putri dari berbagai universitas yang siap bersaing. Ajang ini bergulir di GOR Ki Bagoes Hadikoesoemo, Universitas Islam Indonesia (UII) pada 6-12 November 2025. 21 tim yang terlibat terdiri dari 16 tim putra dan 5 tim putri, yang berasal dari wiliayah Yogyakarta, Magelang, Surabaya, Malang, dan Tulungagung. Ada 10 tim putra yang datang dengan status lolos dari fase City Play-off Surabaya dan Yogyakarta. 6 tim lainnya langsung ke fase regional dengan status undangan berdasarkan reputasi dan kontribusinya dalam pembinaan futsal kampus, yakni Universitas Islam Indonesia sebagai tuan rumah, Universitas Tidar Magelang, Universitas Surabaya (UBAYA), Universitas Gadjah Mada, Universitas Negeri Yogyakarta, dan Universitas Ahmad Dahlan Yogyakarta. SCROLL TO CONTINUE WITH CONTENT Seluruh tim putra akan dibagi ke dalam empat grup berisi empat tim. Hanya juara grup yang berhak melaju ke babak semifinal, sekaligus memastikan tiket menuju fase National yang akan berlangsung di Jakarta pada Desember 2025. Namun, empat semifinalis tersebut masih punya sasaran antara untuk memperebutkan posisi juara Regional Yogyakarta melalui pertandingan final pada 11-12 November.  ""Akhirnya kami bisa memulai perjalanan panjang ini untuk berkontribusi dalam pembangunan ekosistem pembinaan di Yogyakarta. Ini akan menjadi awal yang tepat karena Yogyakarta adalah kota pelajar dan kampus,"" ujar CEO Campus League, Ryan Gozali. ""Semoga pertandingan bisa berjalan dengan baik. Tim-tim kampus bisa menunjukkan permainan terbaiknya dam menjadi yang terbaik untuk mewakili wilayahnya di babak nasional nanti,"" Ryan menambahkan. Campus League dirancang sebagai ekosistem kompetisi olahraga kampus yang akan terus berkembang dari tahun ke tahun, dengan futsal menjadi pondasi pada musim perdana sebelum meluas ke cabang olahraga lain. ",,Detik,liga_indonesia,
"Ditekuk PSBS, Laju Tak Terkalahkan Persita pun Terhenti","Catatan tak terkalahkanPersitadiSuper Leaguemusim 2025/26 harus terhenti di tanganPSBS Biak. PelatihCarlos Penamengaku Pendekar Cisadane tampil di bawah standar pada laga ini. Bertanding di Stadion Maguwoharjo, Sleman, Kamis (6/11/2025), Persita kalah 1-2. Gol bunuh diri George Brown pada menit ke-10 sempat memberikan keunggulan bagi Persita di babak pertama, namun PSBS mampu bangkit usai turun minum. Ruyery Blanco menyamakan skor di menit ke-69 usai menerima umpan Arjuna Agung. Tiga poin berhasil disegel tuan rumah usai Yano Putra membalikkan keadaan di injury time. SCROLL TO CONTINUE WITH CONTENT  Ini menjadi kekalahan ketiga bagi Persita musim ini, atau yang pertama sejak Agustus lalu. Sebelum ini, Hokky Caraka dkk sempat melewati delapan laga tanpa terkalahkan, termasuk meraih lima kemenangan secara beruntun. Kekalahan ini membuat Persita gagal menyodok ke posisi dua klasemen sementara. Dengan 18 poin, mereka kini ada di posisi lima dan masih bisa digeser PSIM Yogyakarta yang punya tabungan satu laga melawan Persis akhir pekan ini. ""Penampilan yang buruk dari kami. Saya pikir PSBS Biak layak menang, mereka tampil lebih baik, mereka lebih lapar dan lebih bergairah dibanding kami, saya hanya bisa mengucapkan selamat kepada mereka dan kami harus belajar dari laga ini,"" ujar Pena dalam jumpa pers. ""Mereka menekan kami dengan bagus, kami juga tidak memenangkan duel, lebih sulit bagi kami. Dengan situasi seperti itu kami masih bisa mencetak gol, namun di babak kedua kami tidak berhasil, tidak mampu bertahan dengan baik, tidak menyerang dengan baik.""  ""Namun laga hari ini tidak mengubah hal-hal bagus yang sudah kami lakukan sampai sekarang. Kami tim yang sama yang menang lima kali beruntun, tidak kalah delapan kali beruntun, kami tim yang sama. Namun hari ini kami tidak di level terbaik, mereka tampil lebih baik, dan kami pun kalah. Sesimpel itu,"" tegas Pena. Persita sekarang punya waktu rehat selama sekitar dua pekan sebelum kembali bertanding pada tanggal 23 November mendatang untuk menjamu Malut United di Tangerang. ",,Detik,liga_indonesia,
Indonesia U-17 Vs Brasil U-17: Garuda Muda Dibantai 0-4,"Timnas Indonesia U-17dibantaiBrasil U-17dengan skor 0-4. Kekalahan ini bikin Garuda Muda belum meraih poin di Grup HPiala Dunia U-17 2025. Indonesia menghadapi pada laga kedua Grup H Piala Dunia U-17 2025 berlangsung di Lapangan 7 Aspire Zone, Jumat (7/11/2025). Brasil unggul 3-0 di babak pertama. Selecao membuka keunggulan lewat gol cepat Eduardo di menit ke-3. Mereka menambah dua gol sebelum jeda usai Putu Panji melakukan bunuh diri di menit ke-34 dan Kayke cetak gol di menit ke-39. SCROLL TO CONTINUE WITH CONTENT Brasil bikin satu gol selepas jeda lewat sepakan jarak jauh Ruan Pablo di menit ke-79. Indonesia kalah 0-4. Kekalahan ini membuat Indonesia berada di posisi ketiga Grup H dengan belum meraih poin. Indonesia punya selisih gol lebih baik dari Honduras sebagai juru kunci. Brasil di puncak klasemen dengan enam angka. Mereka sudah mengamankan tiket ke fase gugur.  Jalannya Pertandingan Tim Samba Muda langsung mampu mencetak gol ketika laga baru berjalan tiga menit. Gol berawal dari tendangan bebas Tiago di sisi kiri. Bola tak bisa dihalau dengan baik lini belakang Indonesia. Eduardo memenangi duel udara. Sundulannya tak terbendung oleh Daffa Al Gasemi. Garuda Muda berupaya lepas dari tekanan Brasil di awal laga. Namun, serangan Indonesia seringkali mudah dipatahkan pemain Brasil. Hal ini bikin Brasil masih dominan. Brasil hampir saja menggandakan keunggulan di menit ke-17. Tiago melepas sepakan voli keras dari luar kotak penalti. Dafa masih sigap menepis bola. Dafa harus bekerja keras membendung serangan Brasil. Ia kembali melakukan penyelamatan gemilang saat menepis tembakan Felipe Moraes dari dalam kotak penalti di menit ke-22. Brasil mengurung lini pertahanan Indonesia. Gempuran Brasil berbuah gol kedua pada menit ke-34. Tembakan Kayke Santos berubah arah usai membentur Putu Panji. Dafa yang terkecoh tak bisa berbuat banyak. Brasil menambah gol lima menit berselang. Kayke menusuk dari sisi kanan lalu melepas umpan tarik yang menemui Felipe Morais. Felipe melepas tembakan keras yang bersarang ke pojok kanan gawang Dafa. Skor 3-0 untuk Brasil menutup babak pertama. Selepas jeda, Brasil sedikit mengendurkan serangan. Namun, kondisi ini tak bisa dimanfaatkan Indonesia. Bangunan serangan pasukan Nova Arianto mudah dimentahkan lini belakang Brasil. Laga menjadi minim peluang berbahaya hingga pertengahan babak kedua. Ruan Pablo mencetak gol indah pada menit ke-79. Ia melepas tembakan jarak jauh yang meluncur deras ke pojok kiri gawang Indonesia. Brasil menjauh 4-0. Fadly Alberto bisa menusuk ke kotak penalti Brasil di menit ke-85. Tembakannya dari sudut sempit tapi hanya menerpa jaring luar Brasil. Brasil mengakhiri laga dengan kemenangan 4-0. Susunan Pemain Indonesia:Dafa Al Gasemi Setiawarman; Lucas Lee, Algazani Dwi Sugandi, Putu Panji, Mathew Baker; Eizar Tanjung, Nazriel Alfaro, Evandra Florasta; Dimas Adi Prasetyo, Fadly Alberto Hengga,Rafi Rasyiq Brasil:Joao Pedro; Angelo, Vitor Hugo, Luis Eduardo, Arthur Ryan; Ze Lucas, Tiago, Felipe Morais; Ruan Pablo, Dell, Kayke Santos ",,Detik,liga_indonesia,
Bhayangkara FC Vs Bali United: The Guardian Menang 2-1,"Bhayangkara Presisi Lampung FCmenjamuBali Uniteddalam lanjutan Super League. The Guardian menutup laga dengan hasil manis. Bhayangkara FC vs Bali United berlangsung di Stadion Sumpah Pemuda, Lampung, Jumat (7/11/2025) sore WIB. Pasukan Paul Munster menang 2-1. Tuan rumah sudah memimpin 1-0 saat laga baru berjalan empat menit. Dendy Sulistyawan mencetak gol dengan memanfaatkan assist dari Ryan Kurnia. SCROLL TO CONTINUE WITH CONTENT Bali United punya peluang emas di menit ke-32. Thijmen Goppel melepaskan umpan. Rahmat Arjuna menyambut lewat sundulan, namun tak berbuah gol.  Gol penyeimbang 1-1 didapatkan Bali United pada babak kedua. Adalah Made Andhika Wijaya yang mencetak gol di menit ke-60. Bali United harus bermain dengan 10 orang di menit ke-82. Tim Receveur mendapatkan kartu kuning dua kali setelah berbenturan dengan Dedi Kusnandar. Bhayangkara FC akhirnya mampu memimpin 2-1 di menit ke-84. Bola sepak pojok dari Firza Andika berhasil disundul Slavko Damjanovic. Skor tersebut bertahan sampai laga tuntas. Bhayangkara FC duduk di posisi keenam dengan 18 gol dan Bali United di urutan ke-10 dengan 13 poin. Susunan Pemain: Bhayangkara FC: Aqil Savik, Ari Idrus, Nehar Sadiki, Slavko Damjanovic, Firza Andika, Christian Ilic, Lautaro Belleggia, Wahyu Subo Seto, Dendy Sulistyawan, Ilija Spasojevic, Ryan Kurnia. Bali United: Mike Hauptmeijer; Joao Vitor Ferrari, Kadek Arel, Ricky Fajrin, Thijmen Gopel, Brandon Wilson, I Kadek Agung, Tim Receveur, Boris Kopitovic, Jordy Bruijn, Rahmat Arjuna",,Detik,liga_indonesia,
"Rumput JIS Belum Pulih, Persija Terancam Jadi Tim Musafir Lagi","Rumput lapanganJakarta International Stadium (JIS)belum pulih pasca konser boyband.Persija Jakartapun terancam lanjut menjadi tim musafir lagi. Laga kandang Persija terdekat adalah melawan Persik Kediri pada 20 November dan PSIM Yogyakarta pada 28 November 2025. Sebelum itu, Persija akan dijamu Arema FC dulu di Malang pada, Sabtu (8/11/2025). Laga melawan Arema akan menjadi laga away ke-6 beruntun Persija. Meski sempat memainkan laga kandang melawan PSBS Biak pada 31 Oktober, namun Persija saat itu terusir ke Solo karena JIS dan Stadion Utama Gelora Bung Karno (SUGBK) sedang tidak bisa digunakan. SCROLL TO CONTINUE WITH CONTENT  Masalah klasik yang selalu menimpaPersijasetiap musimnya ini diperkirakan masih akan berlangsung sampai beberapa waktu ke depan. Tim pun hanya bisa pasrah dengan nasib yang dialami. ""Saya tidak tahu. Manajemen belum memberikan kabar yang pasti. Kami berharap semakin cepat kembali ke JIS,"" kata Pelatih Persija Mauricio Souza kepada wartawan terkait kepastian laga kandang selanjutnya. ""Pastinya, saya rindu sekali. JIS itu tempat yang luar biasa untuk bermain. Dukungan para suporter kami sangat luar biasa,"" ujarnya menambahkan.  Terakhir kaliPersijabermain di Jakarta terjadi pada 14 September saat menjamu Bali United di JIS. Sejak saat itu, Persija menjalani empat laga tandang kontra PSM Makassar, Borneo FC Samarinda, Persebaya Surabaya, Madura United. Lalu satu kali laga usiran ke Solo kontra PSBS Biak. Beruntung bagi Persija yang tetap bisa meriah hasil positif dalam kondisi tidak ideal. Tiga kemenangan dan dua kali kalah sudah cukup membawa Persija ke peringkat ke-2 klasemen sementara Super League 2025/26. ""Semoga kami bisa kembali bermain di rumah lagi. Penting bagi kami untuk melewati periode tandang ini dengan hasil yang baik,"" ucap Mauricio.",,Detik,liga_indonesia,
Ronaldo: Tak Adil Tentukan GOAT dari Titel Piala Dunia,"Cristiano Ronaldotak terlalu memusingkan soalPiala Dunia.Baginya tidak adil menentukan status pemain terbaik dalam sejarah hanya karena menang Piala Dunia. Sudah banyak prestasi yang ditorehkan Ronaldo dalam 20 tahun lebih karier sepakbolanya. KaptenTimnas Portugalitu telah meraih banyak trofi bergengsi di level klub dan tim nasional. Bersama Timnas Portugal, Ronaldo sudah memenangkan titel Piala Eropa dan UEFA Nations League. Dia tercatat sebagai top skor sepakbola internasional dengan 143 gol, sementara rekening golnya apabila digabung bersama klub-klub yang dibelanya berada di angka 952. SCROLL TO CONTINUE WITH CONTENT  Piala Dunia jadi satu-satunya trofi yang belum didapatkan Ronaldo. CR7 sudah lima kali tampil di Piala Dunia, tapi pencapaian terbaiknya hanya semifinalis edisi 2006. Alhasil, tak sedikit yang menilai Ronaldo belum layak disebut pemain terbaik sepanjang masa (GOAT) karena tak pernah angkat trofi Piala Dunia. Berbeda dengan rival utamanya di dunia sepakbola,Lionel Messi, yang juara bersama Timnas Argentina tahun 2022. Piala Dunia 2026 jadi kesempatan terakhir Ronaldo untuk menjadi juara dunia. Pemain berusia 40 tahun ini mengaku tak terlalu ambisius mengejar titel juara, lantaran trofi tersebut tak akan menodai catatan emasnya di lapangan hijau.  🚨🚨🎙️| Cristiano Ronaldo on World Cup: ""You want a competition with 6 or 7 games to define if I am the best in history, you think that's fair?""""If you ask me if it's a dream to win the World Cup, no it's not a dream!""[@PiersUncensored]pic.twitter.com/LU8LVtK2eW  ""Jika Anda bertanya kepadaku, Cristiano, apakah memenangkan Piala Dunia adalah sebuah mimpi? Tidak, itu bukan mimpi,"" kata Ronaldo dalam wawancara dengan Piers Morgan, dilansir dariESPN. ""Mendefinisikan apa? Mendefinisikan apakah aku salah satu yang terbaik dalam sejarah, memenangkan satu turnamen [yang hanya terdiri dari] enam pertandingan, tujuh pertandingan. Menurut Anda itu adil?"" ujarnya. ",,Detik,liga_indonesia,
Cristiano Ronaldo Plin-plan soal Piala Dunia?,"Cristiano Ronaldodinilai plin-plan soal Piala Dunia. Pernah sebut memenangi trofi itu adalah mimpi terbesar, tapi kini sepertinya tidak lagi. Dalam wawancara dengan Piers Morgan di akun Youtube pribadi milik Cristiano Ronaldo, CR7 menjawab pertanyaan soal kariernya, rencana pensiun, sampai terdekat Piala Dunia 2026.  SCROLL TO CONTINUE WITH CONTENT Timnas Portugalselangkah lagi lolos kePiala Dunia 2026.Mereka sedang jalani Kualifikasi Zona Eropa dan butuh satu dari dua laga lagi kontra Irlandia dan Armenia pada November nanti. Titel Piala Dunia belum pernah masuk lemariCristiano Ronaldo.Akankah CR7 berambisi memenanginya di tahun depan? Sekaligus tentu, mengukuhkan gelar GOAT (Greatest of All Time)? ""Jika Anda bertanya kepadaku, Cristiano, apakah memenangkan Piala Dunia adalah sebuah mimpi? Tidak, itu bukan mimpi,"" kata Ronaldo. ""Mendefinisikan apa? Mendefinisikan apakah aku salah satu yang terbaik dalam sejarah, memenangkan satu turnamen (yang hanya terdiri dari) enam pertandingan, tujuh pertandingan. Menurut Anda itu adil?"" sambung pemain berusia 40 tahun itu.  Di Piala Dunia 2022 kemarin setelah Timnas Portugal dikalahkan Maroko di perempatfinal,Cristiano Ronaldotampak terpukul. Tangisnya pecah ketika timnya tersingkir. Ditambah, pelatih Portugal saat itu yakni Fernando Santos mencadangkan Ronaldo di beberapa laga sepanjang turnamen. CR7 pun harus mengalah dan menghangatkan bangku cadangan. Selepas Portugal tersingkir, Ronaldo menulis kata-kata sedih di sosmed pribadinya. Ronaldo ungkap, mimpi terbesarnya adalah bawa Portugal raih titel Piala Dunia. ""Memenangkan Piala Dunia untuk Portugal adalah impian terbesar dan terambisius dalam karieku. Aku berjuang untuk itu. Aku berjuang keras untuk mimpi itu. Dalam lima edisi Piala Dunia yang aku ikuti selama 16 tahun, selalu bersama para pemain hebat dan didukung oleh jutaan rakyat Portugal, aku memberikan segalanya. Aku memberikan segalanya di lapangan. Aku tidak pernah takut berjuang dan tidak pernah menyerah untuk mimpi itu,"" tulisnya.  Ronaldo sudah persembahkan titel juara Piala Eropa dan dua kali menangi UEFA Nations League buatTimnas Portugal.AkankahPiala Dunia 2026nanti jadi panggung terakhirnya bersama A Selecao? Atas perkataan terbaru Ronaldo, dirinya dicap plin-plan oleh banyak penggemar sepakbola. Duh... ",,Detik,liga_indonesia,
Timnas Indonesia Tanpa Garuda Calling Pertama di Era Erick Thohir,"Timnas Indonesiatanpa Garuda Calling diFIFA MatchdayNovember 2025. Ini adalah kali pertama terjadi di era PSSI kepemimpinanKetum Erick Thohir. PSSImemilih tidak menurunkanTimnas Indonesiake FIFA Matchday alias jeda internasional bulan ini karena tim belum punya pelatih. Federasi sudah memecat Patrick Kluivert Cs, namun belum menunjuk penggantinya sampai saat ini. Akhirnya slot FIFA Matchday pun diberikan ke Timnas Indonesia U-23 sebagai persiapan SEA Games 2025. Di era Erick Thohir yang menjadi Ketum PSSI sejak Februari 2023, ini adalah kali pertama timnas senior tidak mengisi agenda FIFA Matchday. SCROLL TO CONTINUE WITH CONTENT  Adapun agendaFIFA Matchdayjatuh pada Bulan Maret, Juni, September, Oktober, dan November setiap tahunnya. Di periode-periode itu, Timnas Indonesia era Erick Thohir sibuk tampil di Kualifiasi Piala Dunia dan memainkan sejumlah laga uji coba. Misalnya pada Maret 2023, PSSI mengundang Burundi sebagai lawan uji tanding dua kali. Saat itu Erick baru sekitar satu bulan menjabat sebagai Ketum PSSI. Pada FIFA Matchday selanjutnya, Erick membuat gebrakan dengan mengundang Argentina. Timnas Indonesia yang biasanya mengajak tim 'antah-berantah', berkesempatan memainkan pertandingan besar melawan tim juara bertahan Piala Dunia 2022. Setelahnya Timnas Indonesia rutin mengisi slot FIFA Matchday dengan laga-laga kualifikasi dan uji coba. Sesuatu yang jarang terjadi di era-era Ketum PSSI sebelumnya.  Sebelum Erick Thohir masuk, Timnas Indonesia melewatkan agenda FIFA Matchday Maret, Oktober, dan November 2022. Tahun sebelumnya, melewatkan juga agenda pada Maret dan September 2021. Bahkan Timnas Indonesia tanpa pertandingan resmi sama sekali sepanjang 2020 di era COVID-19. Saat itu Mochamad Iriawan tercatat sebagai pucuk pimpinan PSSI. Timnas Indonesiatanpa agendaFIFA Matchdayadalah hal yang biasa terjadi di era sebelum kepemimpinanErick Thohir.Kadang sekalinya mengisi internasional pun, timnas hanya bermain satu kali dalam periode tertentu. Padahal setiap tim bisa memainkan dua pertandingan di periode jeda internasional.  Adapun Erick memang menjanjikan Timnas Indonesia rutin mengisi jeda internasional di masa kampanye. Saat itu ia ingin memperbaiki ranking Garuda yang sempat terperosok jauh di bawah. Untuk itu, ia berkoordinasi dengan PT Liga Indonesia Baru (kini menjadi I.League) agar mengosongkan agenda kompetisi saat FIFA Matchday. Sebelumnya, jadwal kompetisi domestik kerap tetap berjalan di agenda internasional akibat berbagai hal seperti izin kompetisi yang sulit didapat, penundaan pertandingan, hingga penataan jadwal yang kurang rapi dan terstruktur.",,Detik,liga_indonesia,
Piala Dunia U-17 2025: Indonesia Rapuh Banget di Babak Pertama,"Timnas Indonesiasudah kebobolan banyak gol diPiala Dunia U-17 2025. Garuda Muda rapuh banget saat paruh pertama laga. Dalam dua pertandingan, Indonesia kebobolan tujuh gol. Pada pertandingan pertama, Indonesia kalah 1-3 dari Zambia, lalu digilas oleh Brasil 0-4. Indonesia rapuh banget saat babak pertama. Gawang tim asuhan Nova Arianto itu kebobolan sebanyak enam kali. SCROLL TO CONTINUE WITH CONTENT  Rinciannya, Indonesia kebobolan dalam rentang menit ke-1 sampai ke-15 sebanyak sekali. Paling banyak, Indonesia kebobolan pada rentang menit ke-31 sampai ke-45 dengan torehan lima gol. Satu gol masuk ke gawangIndonesiapada menit ke-61 sampai menit ke-75. Indonesia bersih dari kebobolan pada menit ke-16 sampai menit ke-30, menit ke-46 sampai menit ke-60, dan menit ke-76 sampai menit ke-90. Indonesia bisa mencetak satu gol di Piala Dunia U-17 2025. Zahaby Gholy pencetak golnya, yang dikemas saat pertandingan melawan Zambia. Rincian gol ke gawang Indonesia di Piala Dunia U-17 2025 bisa dilihat di bawah ini.  Jumlah Gol: 7Babak I: 6Babak II: 1Menit Gol 1-15: 1Menit Gol 16-30: 0Menit Gol 31-45: 5Menit Gol 46-60: 0Menit Gol 61-75: 1Menit Gol 76-90: 0  ",,Detik,liga_indonesia,
Persik Vs Persebaya Tuntas 1-1,"Persik Kediriberhadapan denganPersebaya Surabayadalam lanjutan Super League. Kedua tim harus rela sama-sama mengantongi satu poin. Persik vs Persebaya berlangsung di Stadion Brawijaya, Jumat (7/11/2025) malam WIB. Pertandingan tuntas dengan skor 1-1. Persik mengambil inisiatif serangan di awal . Peluang pertama hadir pada menit ke-12 melalui sepakan keras Rafael Walian, namun bola bisa diamankan oleh kiper Persebaya. SCROLL TO CONTINUE WITH CONTENT Gempuran berlanjut melalui aksi Jose Enrique di sisi kiri yang menusuk ke kotak penalti pada menit ke-18. Umpan Enrique gagal disambut oleh Bayu Otto yang terlambat masuk ke area berbahaya.  Persebaya membalas lewat peluang emas pada menit ke-30. Mihailo Perovic menerima umpan silang dari Gali Freitas, namun sundulannya masih melambung tipis di atas mistar gawang Persik. Keunggulan 1-0 didapatkan Persebaya pada menit ke-53. Gol tim tamu dicetak oleh Arief Catur. Persik berhasil menyamakan keunggulan menjadi 1-1 di menit ke-63. Gol tim tuan rumah dicetak oleh Jose Enrique. Persebaya harus bermain dengan 10 orang di menit ke-76. Francisco Rivera diganjar kartu merah langsung setelah tangannya memukul kepala Yusuf Meilana. Persik gagal memanfaatkan keunggulan jumlah pemain di sisa waktu. Pertandingan tuntas dengan skor 1-1. Persebaya kini ada di posisi kesembilan dengan 15 poin. Persik di urutan ke-11 dengan 12 poin. Susunan Pemain: Persik Kediri: Leo Navacchio, Kiko, Lucao, Mukhtarov, Yusuf Meilana, Imanol Garcia, Bayu Otto, Lugo, Supriadi, Ezra Walian, Jose Enrique. Persebaya Surabaya: Andhika Ramadhani, Dime Dimov, Rachmat Irianto, Arief Catur, Dejan Tumbas, Francisco Rivera, Toni Firmansyah, Milos Raickovic, Mihailo Perovic, Bruno Moreira, Gali Freitas.",,Detik,liga_indonesia,
AFC Selidiki Suporter Selangor FC yang Ricuh saat Hadapi Persib,"Selangor FCmenghadapi ancaman sanksi berat dariAFC. Hal itu buntut dari ulah suporternya yang mengamuk usai dikalahkanPersib Bandung. Selangor kalah 2-3 dari Persib dalam lanjutan Liga Champions Asia 2 di Stadion Petaling Jaya, Kamis (6/11/2025) malam WIB. Hasil itu membuat Gergasi Merah tersingkir karena belum meraih poin sama sekali dari empat laga. Di laga itu, kekalahan Selangor juga diwarnai kemarahan suporternya. Fans tuan rumah sempat ribut di tribune, hingga mengamuk usai laga. SCROLL TO CONTINUE WITH CONTENT Fans Selangor bahkan terlihat masuk ke lapangan untuk protes. Sementara di video yang beredar lainnya, terlihat fans Selangor yang marah berusaha masuk ke ruang ganti pemain dan merusak beberapa fasilitas stadion. Situasi itu langsung direspons AFC. Sekjen Datuk Seri Windsor Paul John menyebut tindakan serius akan diambil.  ""AFC menanggapi masalah keamanan dengan serius dalam pertandingan, tetapi kami menunggu laporan lengkap terlebih dahulu untuk mengetahui apa yang terjadi,"" kata Windsor Paul John, mengutipHarian Metro. ""Setelah menerima laporan lengkap, laporan tersebut akan diteruskan ke Komite Disiplin AFC,"" kata Windsor. BagiPersib Bandung, kemenangan atasSelangor FCmembuat mereka di ambang kelolosan ke 16 besar. Saat ini Maung Bandung memimpin Grup G dengan 10 poin, unggul atas Bangkok United (9) dan Lion City Sailors (4), dengan menyisakan dua pertandingan lagi. ",,Detik,liga_indonesia,
FIFA Matchday: 30 Pemain Timnas Indonesia U-23 Vs Mali,"Sebanyak 30 pemain dipanggilTimnas Indonesia U-23proyeksi SEA Games 2025 untuk agenda FIFA Matchday. Garuda Muda akan beruji coba melawanMali. Pelatih Timnas U-23Indra Sjafridiberikan kesempatan oleh PSSI untuk mematangkan timnya jelang SEA Games. Federasi memilih Mali sebagai lawan uji coba di masa FIFA Matchday alias jeda internasional.  SCROLL TO CONTINUE WITH CONTENT Timnas U-23mengisi slot jeda internasional bulan ini selagi timnas senior belum punya pelatih. Ketimbang jeda internasional dibiarkan lewat, Timnas U-23 dipilih PSSI untuk mengisi slot tersebut. Bagi Indra Sjafri, uji coba ini menjadi kesempatan terakhirnya untuk memilih skuad final. Ia harus mencoret tujuh pemain agar timnya menyisakan 23 orang yang akan mengisi skuad final SEA Games. Dari 30 pemain itu, tiga di antaranya adalah diaspora yakni Ivar Jenner, Dion Markx, dan Mauro Zijlstra. Sedangkan Marselino Ferdinan tidak masuk daftar panggil. Sisanya skuad didominasi oleh pemain-pemain dari klub Super League. Borneo FC Samarinda dan Bali United menjadi penyumbang terbanyak; masing-masing mengirim tiga pemain.  Agenda uji coba ini masuk dalam rangkaian Pemusatan Latihan (TC) Timnas U-23 di Jakarta pada 6 - 27 November. Sedangkan uji coba melawan Mali akan digelar pada 15 dan 18 November di Stadion Pakansari, Kabupaten Bogor.  [Gambas:Instagram]   Kiper 1.Cahya Supriadi (PSIM Yogyakarta)2.Muhammad Ardiansyah (PSM Makassar)3.Daffa Fasya (Borneo FC)4.Ikram Algifari (FC Bekasi) Bek 5.Kadek Arel (Bali United)6.Kakang Rudianto (Persib Bandung)7.Muhammad Ferarri (Bhayangkara FC)8.Frengky Missa (Bhayangkara FC)9.Dony Tri Pamungkas (Persija Jakarta)10.Alfharezzi Buffon (Borneo FC)11.Dion Markx (TOP Oss)12.Brandon Scheunemann (Arema FC)13.Mikael Tata (Persebaya Surabaya)14.Raka Cahyana (PSIM Yogyakarta)15.Robi Darwis (Persib Bandung) Gelandang 16.Arkhan Fikri (Arema FC)17.Rayhan Hannan (Persija Jakarta)18.Zanadin Fariz (Persis Solo)19.Ivar Jenner (FC Utrecht)20.Toni Firmansyah (Persebaya Surabaya)21.Rivaldo Pakpahan (Borneo FC)22.Ananda Raehan (PSM Makassar)23.Rifqy Ray Farandi (Persik Kediri)24.Wigi Pratama (Persik Kediri) Depan 25.Hokky Caraka (Persita Tangerang)26.Rafael Struick (Dewa United)27.Jens Raven (Bali United)28.Rahmat Arjuna (Bali United)29.Ricky Pratama (PSM Makassar)30.Mauro Zijlstra (FC Volendam).",,Detik,liga_indonesia,
Nova Arianto Nilai Timnas U-17 Tampil Lebih Baik Lawan Brasil,"Timnas Indonesia U-17tak mampu menghindari kekalahan telak dariBrasil. Namun PelatihTimnas U-17Nova Ariantomenilai secara permainan sudah ada peningkatan. Timnas U-17 kalah telak 0-4 dari Brasil dalam laga di Lapangan 7 Aspire Zone, Jumat (7/11/2025), pada laga keduaPiala Dunia U-17 2025. Garuda Muda sudah bobol saat laga baru tiga menit, ditambah gol bunuh diri Putu Panji pada menit ke-34 dan gol dari Kayke lima menit berselang. Brasil menambah satu gol lain pada menit ke-79 melalui tembakan jarak jauh Ruan Pablo. Skor ini cukup mencerminkan jalannya laga, dengan Brasil memang mendominasi dan mendesak timnas U-17 dengan kualitas olah bolanya. SCROLL TO CONTINUE WITH CONTENT  Pelatih Timnas U-17 Nova Arianto enggan semata-mata fokus ke skor, apalagi jika mengingat Brasil memang tim unggulan di turnamen ini. Baginya sikap dan etos kerja para pemain patut diapresiasi. Timnas U-17 bekerja keras untuk menahan tekanan Brasil dan Nova menilai secara permainan, pemain tampil lebih baik ketimbang saat kalah 1-3 dari Zambia di laga pertama. ""Ya, saya cukup senang ya dengan kerja keras mereka hari ini. Sekali lagi, ini pertandingan lebih baik daripada pertandingan kita melawan Zambia, dan saya mau pemain selalu menunjukkan effort seperti ini,"" ujarnya selepas pertandingan.  ""Dan selagi kita masih ada satu gim lagi, bagaimanapun caranya saya minta dapat tiga poin dan peluang kita masih terbuka untuk lolos babak selanjutnya,"" imbuhnya. Indonesia masih tanpa poin dari dua pertandingan di Grup H sementara Brasil dan Zambia telah memastikan lolos. Timnas U-17 saat ini ada di peringkat tiga dengan selisih gol lebih baik dari Honduras. Peluang untuk lanjut ke babak 32 besar masih terbuka lewat jalur delapan tim peringkat tiga terbaik. Indonesia akan menghadapi Honduras pada Senin (10/11) malam WIB.",,Detik,liga_indonesia,
Jadwal Super League Hari Ini: Ada Derby Jatim Persik Vs Persebaya,"BRI Super League 2025/2026kembali menyajikan pertandingan hari ini. Ada dua laga yang dimainkan, termasuk duelPersik Kediri vs Persebaya Surabaya. Pekan ke-12 Super League hari Jumat (7/11/2025) dibuka dengan duelBhayangkara Presisi LampungkontraBali United. Pertandingan digelar di Stadion Sumpah Pemuda PKOR Way Halim pukul 15.30 WIB. Bhayangkara saat ini menempati peringkat kedelapan dengan 15 poin. Bali United di posisi kesepuluh dengan 13 poin. SCROLL TO CONTINUE WITH CONTENT  Bhayangkara dan Bali United lagi di fase naik-turun. Kedua tim belum menemukan momentum yang menjaga konsistensi mereka. Bhayangkara pekan lalu ditahan imbang Persita Tangerang 1-1 usai menang beruntun di dua laga sebelumnya. Bali United juga diimbangi Persita tanpa gol dan kalah 1-2 dari Persib Bandung. Bergeser ke pertandingan pukul 19.00 WIB ada Derby Jatim antara Persik vs Persebaya. Pertandingan digelar di Stadion Gelora Joko Samudro, Gresik. Panasnya gengsi pertandingan dua tim asal Jawa Timur ini memaksa duel tak bisa digelar di kandang Persik, Stadion Brawijaya. Pertandingan dipindah ke Gresik demi alasan keamanan.  Persik dan Persebaya sama-sama belum menemukan konsistensi menatap Derby Jatim. Macan Putih tumbang 3 kali dan hanya menang sekali dalam 5 laga terakhir, sementara Bajul Ijo menang 2 kali, sekali kalah, dan imbang 2 kali. Persik sementara ini tertahan di urutan ke-11 klasemen dengan 11 poin. Persebaya di posisi kesembilan dengan 14 poin. Jadwal Super League Hari Ini (7 November 2025) 15.30 WIB: Bhayangkara vs Bali United19.00 WIB: Persik Kediri vs Persebaya Surabaya. ",,Detik,liga_indonesia,
"Union Berlin Vs Bayern: Imbang 2-2, Laju Sempurna Die Roten Terhenti","Rentetan kemenanganBayern Munichdi musim 2025/2026 terhenti di tanganUnion Berlin. Bayern harus puas dengan hasil seri 2-2 usai dua kali tertinggal. LagaUnion Berlin vs Bayerndi pekan ke-10Bundesligadigelar di Stadion An der Alten Forsterei, Berlin, Sabtu (8/11/2025) malam WIB. Bayern datang dengan catatan 16 kemenangan beruntun di semua kompetisi sejak awal musim. Union Berlin sempat menjebol gawang Bayern pada menit kesembilan lewat sundulan Ilyas Ansah usai memanfaatkan sepak pojok. Namun, setelah mengecek VAR, wasit menganulir gol tersebut karena offside. SCROLL TO CONTINUE WITH CONTENT Gawang Bayern akhirnya benar-benar bobol pada menit ke-27. Berawal dari sepak pojok Janik Haberer, Danilho Doekhi yang ada di kotak penalti lantas melepaskan tembakan mendatar. Kiper Bayern Manuel Neuer gagal menangkap dengan sempurna dan bola masuk ke gawang.  Bayern mencetak gol balasan pada menit ke-38 lewat Luis Diaz. Dari sudut sempit di sisi kiri kotak penalti Union Berlin, Luis Diaz melepaskan tembakan dengan kanannya. Luis Diaz menyia-nyiakan sebuah peluang bagus pada menit ke-45. Meski tinggal menghadapi kiper Union Berlin, Luis Diaz gagal mengarahkan sepakannya ke gawang. Pada injury time, Harry Kane sempat membobol gawang Union Berlin. Namun, gol tidak disahkan wasit karena Kane lebih dulu berada dalam posisi offside. Union Berlin kembali memimpin pada menit ke-83. Danilho Doekhi menyambar bola rebound untuk menjebol gawang Neuer.  Bayern lantas selamat dari kekalahan berkat gol Kane pada injury time. Kane menanduk bola umpan silang Tom Bischof untuk mengubah skor menjadi 2-2. Dengan hasil ini, Bayern masih nyaman di puncak klasemen Liga Jerman dengan 28 poin dari 10 laga. Sementara Union Berlin ada di urutan ke-10 dengan 12 poin. Susunan Pemain Union Berlin: Ronnow, Haberer (Juranovic 70'), Doekhi, Querfeld, Diogo Leite, Rothe (Kohn 78'), Burke (Jeong 78'), Khedira, Kemlein (Kral 70'), Schafer, Ansah (Skarke 78') Bayern Munich: Neuer, Laimer (Bischof 80'), Upamecano, Tah, Stanisic, Kimmich, Goretzka (Pavlovic 80'), Olise, Gnabry (Karl 59'), Luis Diaz, Kane",,Detik,liga_indonesia,
"PSSI, Thom Haye, dan Shayne Pattynama Kena Denda FIFA","PSSI,Thom Haye, dan Shayne Pattynama kenadenda FIFA.Itu gegara aksi tidak suportif di laga Irak vs Indonesia pada ronde keempat Kualifikasi Piala Dunia 2026. Dilansir dari laman resmi FIFA di laman legal, FIFA merilis 'Sanksi disiplin terkait kualifikasi Piala Dunia FIFA'. Ada dua pemain Timnas Indonesia yang masuk dalam daftar tersebut yakniThom HayedanShayne Pattynama.Plus PSSI! Kedua pemain kena denda sebesar 5.000 CHF (Swiss Franc) atau setara Rp 103 juta karena perilaku buruk dan tidak sportif terhadap ofisial pertandingan di laga Irak vs Indonesia pada 12 Oktober kemarin. Mereka memprotes keras keputusan wasit. SCROLL TO CONTINUE WITH CONTENT Keduanya juga kena larangan bermain di empat laga berikutnya dalam pertandingan-pertandingan yang masuk dalam kalender FIFA.  UntukPSSI,dendanya sebesar 50 ribu CHF atau setara Rp 1 miliar. Itu akibat pelemparan botol oleh para suporter ke dalam lapangan di laga yang sama.",,Detik,liga_indonesia,
Klok Persembahkan Kemenangan Comeback Persib buat Pengorbanan Bobotoh,"Marc Klokmempersembahkan kemenangan comebackPersib BandungatasSelangor FCke Bobotoh yang sudah melakukan pengorbanan. Malam indah di Petaling Jaya! Persib menang 3-2 atas Selangor pada matchday ke-4AFC Champions League (ACL) Two (2)di Stadion MBPJ, Petaling Jaya, Malaysia, Kamis (6/11/2025). tuan rumah sebenarnya sempat unggul 2-0 lebih dulu, namun Persib secara dramatis mampu membalikkan keadaan. Selangor sudah unggul 2-0 saat laga baru berjalan 17 menit lewat gol Chrigor Moraes dan own goal Matricardi Patricio. Persib membalas tiga gol di babak kedua lewat Andrew Jung pada menit ke-49 dan brace Adam Alis pada menit ke-82 dan injury time babak kedua. SCROLL TO CONTINUE WITH CONTENT Saat kedudukan masih 2-2 di ujung waktu normal, friksi sempat terjadi di tribune penonton. Sejumlah Bobotoh yang datang langsung ke stadion terlihat mendapat serangan dari kubu suporter tuan rumah.  Mencoba untuk meredakan situasi, Klok dan Tho Haye sempat meminta penonton untuk menenangkan diri. Laga pun sempat terhenti sebentar. Luapan emosi suporter Selangor semakin menjadi setelah laga berakhir yang dimenangi Persib. Dalam video yang beredar di media sosial, skuadPersibsempat tertahan di dalam stadion karena situasi tersebut. Klok yang begitu berterima kasih atas dukungan langsung Bobotoh pun mempersembahkan kemenangan timnya buat para pendukung setia Persib. Kemenangan ini menjadi kenangan malam yang indah Persib dan Bobotoh di Petaling Jaya. ""Satu-satunya cara bagi kami untuk bisa membuat mereka mengingat momen ini adalah menciptakan malam yang indah bagi mereka (Bobotoh),"" kata Klok, dikutip darilaman Persib.  Bagi Persib, kemenangan ini sukses mempertahankan posisi mereka di puncak klasemen Grup G dengan 10 poin. Bangkok United masih membuntuti di peringkat ke-2 dengan sembilan angka setelah menumbangkan finalis tahun lalu dari Singapura, Lion City Sailors dengan skor 2-1, Kamis (6/11). Masih ada dua pertandingan sisa yang akan dilalui Persib untuk menentukan nasib mereka di kompetisi antarklub Asia level 2 ini. Selanjutnya Persib akan bertandang ke markas Lion City pada 26 November dan menjamu Bangkok United pada 10 Desember.  ",,Detik,liga_indonesia,
"Jadwal Timnas Indonesia U-17 Vs Brasil U-17: Main Jam Berapa, Tayang di Mana?","Indonesiaakan menantangBrasilpada matchday kedua Grup HPiala Dunia U-17 2025. Garuda Muda pantang kalah lagi jika ingin menjaga asa lolos ke fase gugur. Duel Brasil vs Indonesia akan digelar di Aspire Zone pitch 7, Doha, pada Jumat (7/11) pukul 22.45 WIB dan bisa disaksikan secara gratis di situs FIFA+. Kedua tim datang dengan kondisi berbeda ke laga ini. Brasil saat ini duduk di puncak klasemen sementara usai menang telak 7-0 atas Honduras di laga pertama. Sedangkan Indonesia baru saja dikalahkan Zambia 1-3 meski sempat memimpin lebih dulu. SCROLL TO CONTINUE WITH CONTENT  Di atas kertas, Brasil sebagai kiblat sepakbola diunggulkan menang atas Indonesia. Kualitas tim Samba juga tampak merata di semua lini dengan enam pemain berbeda berhasil mencetak gol ke gawang Honduras. Namun pelatih Nova Arianto telah meminta anak-anak asuhnya agar tak menyerah sebelum bertanding. Hal terpenting adalah bermain berani dan gigih. ""Brasil menjadi salah satu tim unggulan di Piala Dunia ini, dan saya sampaikan ke pemain jangan pernah takut sebelum bertanding,"" ujar Nova pada Selasa (4/11) lalu.  ""Kami akan mencoba sejauh mana kemampuan kami untuk mencoba melawan Brasil dan harapannya pemain bisa lebih berani lagi, lebih siap lagi untuk pertandingan berikutnya,"" tegas mantan bek Timnas Indonesia itu. ",,Detik,liga_indonesia,
Persis Solo Tanpa Peter de Roo Jelang Derby Mataram Vs PSIM,"Persis Solotanpa pelatih Peter de Roo jelang pertandingan Derby Mataram. Pelatih asal Belanda itu diduga bebas tugas lantaran rentetan hasil buruk. Peter de Roo menjalani pekerjaan berat bersama Persis sejak ditunjuk awal musim ini. Selain klub diterpa masalah finansial, tim juga tidak bisa unjuk gigi. Sampai pekan ke-11 Super League 2025/26, Persis cuma meraih lima poin hasil dari sekali menang, dua kali imbang, dan tujuh kali kalah. Laskar Sambernyawa pun tertahan di peringkat ke-17, atau hanya satu strip dari posisi buncit. SCROLL TO CONTINUE WITH CONTENT  Diduga sudah tidak ingin melanjutkan kerja sama dengan Peter, sang pelatih sudah tidak mewakili tim dalam sesi konferensi pers pada, Jumat (7/11/2025). Persis akan menjamuPSIM Yogyakartapada pekan ke-12 Super League di Stadion Manahan, Solo, Sabtu (8/11). Dalam sesi konferensi pers, Persis diwakili Titan Wulung Suryata. Hal ini yang menguatkan dugaan bahwa Peter sudah tidak bersama Persis lagi. ""Sepeninggalan coach Peter sebelumnya tidak kami inginkan sebetulnya, terlepas beberapa hasil. Tapi para pemain tidak fokus pada hal itu,"" kata Titan Wulung saat memberikan keterangan, dikutip daridetikJateng. ""Fokus mereka beralih bagaimana kami bisa memenangkan laga besok. Saya rasa laga besok lebih penting dari apapun itu,"" ujarnya menambahkan. Persis hanya mampu mencetak sembilan gol dan sudah kebobolan 20 kali. Mereka baru saja menelan tiga kekalahan beruntun dari Malut United, Persib Bandung, dan Persebaya Surabaya. Sejauh ini, belum ada tanggapan dari manajemen Persis Solo terkait nasib Peter di Laskar Sambernyawa. Termasuk status Titan yang masih menjadi asisten pelatih, atau sudah diangkat sebagai caretaker. ""Nanti saja menunggu rilis,"" tutur Media Officer Persis Solo, Bryan Barcelona.",,Detik,liga_indonesia,
Kebahagiaan Arsenal Dirusak Mantan,"Sebelum keSunderland,Arsenaldalam periode bahagia dengan rentetan 10 kemenangan dan 8 clean sheet beruntun di semua ajang. Namun, semua kebahagiaan itu dihentikan mantan pemainnya. Sunderland vs Arsenal berlangsung di Stadium of Light dalam lanjutan Liga Inggris, Minggu (9/11/2025) dini hari WIB. pertandingan tuntas 2-2. Arsenal tertinggal 0-1 lebih dulu di babak pertama akibat golDaniel Ballard. Hal membuat rangkaian delapan clean sheet beruntun Arsenal terhenti. SCROLL TO CONTINUE WITH CONTENT  Di babak kedua, Arsenal membalas untuk memimpin 2-1 lewat Bukayo Saka dan Leandro Trossard. Keunggulan itu bertahan sampai mendekati akhir laga. Alih-alih pulang dengan tiga poin dan melanjutkan tren kemenangan di semua ajang, Arsenal malah imbang 2-2. Brian Brobbey membobol gawang David Raya di injury time setelah menyodok assistBallard. Sosok Ballard tak dibicarakan jelang laga ini. Tujuan malah lebih ke Granit Xhaka yang pernah menjadi kapten Arsenal. Ballard merupakan pemain jebolan Arsenal. Bek berusia 26 tahun itu cuma banyak menghabiskan waktu di kelompok usia Arsenal.  Setelah dipinjamkan Arsenal ke Swindon town, Blackpool, dan Millwall, Ballard dijual ke Sunderland pada 2022. Ini menjadi musim keempat Ballard bersama Sunderland dan untuk pertama kalinya berhadapan dengan Arsenal. ""Ya, saya menghabiskan 10-12 tahun di sana, bahkan seluruh masa kecil saya di sana. Mereka mengajarkan saya segalanya,"" kata Ballard kepada beIN Sports selepas laga. ""Saya punya teman-teman sepantaran dan beberapa pelatih hebat di sana, jadi Arsenal akan selalu punya tempat khusus di hati saya,"" tegasnya.",,Detik,liga_inggris,
"Haaland Lagi 'Galak', Apa Rahasianya?","Erling Haalandlagi panas-panasnya awal musim ini. Apa sih rahasia yang bikin strikerManchester Cityitu moncer? Haaland sudah mendonasikan 27 gol dari 17 pertandingan bersama Manchester City dan Timnas Norwegia musim ini. Khusus di klub, Haaland mencetak 18 gol dan satu assist dari 14 laga. Haaland sementara memimpin daftar top scorer Liga Inggris dengan 13 gol. Statistik top Haaland ini hampir menyamai rasio gol di musim pertamanya ketika membuat 53 gol. SCROLL TO CONTINUE WITH CONTENT Jika Haaland bisa mempertahankan ketajamannya, maka rekor gol di musim perdana bisa saja dipecahkan. Performa ini seperti menjawab kritik yang diarahkan kepadanya musim lalu.  City sama sekali tidak meraih trofi dan Haaland ""cuma"" bikin 34 gol dari 48 laga. Soal rahasia performanya musim ini, Haaland menyebut cuma menjaga makan dan pikiran agar bisa lebih tenang saat bermain. ""Awal yang bagus dan i feel really good. Saya merasa inilah versi terbak saya. Saya tidak pernah merasa lebih baik dari sekarang,"" ujar Haaland diESPN. ""Untuk menjaga kondisi, saya hanya perlu berpikir jernih, saya harus memulihkan diri dengan baik, saya mendapat banyak perawatan, saya harus menjaga m akan,"" sambungnya. ""Saya tidak mau macam-macam dan mencoba menyeimbangkan hidup. Ini soal menjaga level energi kita, terus termotivasi dan melakukan hal-hal yang bermanfaat untuk badan serta pikiran."" ",,Detik,liga_inggris,
"Soal Chelsea Musim Ini, Maresca: Di Luar Bising, di Dalam...","Chelseakembali menang diLiga Inggris. Manajer The Blues,Enzo Maresca, menegaskan timnya kalem di dalam tapi ada gangguan bising dari luar. Dalam lanjutan Liga Inggris, Chelsea menang 3-0 atas Wolverhampton Wanderers. Dalam pertandingan di Stamford Bridge, gol Chelsea dikemas oleh Malo Gusto, Joao Pedro, dan Pedro Neto. Kemenangan ini mengantarkan Chelsea menembus posisi ke posisi kedua klasemen Liga Inggris. Si Biru menorehkan 20 poin. SCROLL TO CONTINUE WITH CONTENT  Beberapa hari lalu,Chelseadikritik oleh Wayne Rooney karena kebijakan rotasi yang dilakukan oleh Maresca. Pelatih asal Italia itu pun menjawab dengan santai, menegaskan tim asal London Barat itu sudah menuju arah yang tepat. ""Ada banyak kebisingan di luar. Di dalam, kami yakin bahwa sebagai klub, sebagai tim kami ada di arah yang benar dan melakukan hal bagus. Pada saat bersamaan, kami banyak melakukan hal bagus,"" kata Maresca di Sky Sports.  Maresca juga memberikan penjelasan soal rotasi yang dia lakukan. Andai Chelsea tak menang, kebijakannya itu baru menjadi masalah. ""Itu bagian dari pekerjaan saya, itu bagian dari pertandingan. Pada akhirnya, ini adalah urusan saat anda tak menang ada masalah, tapi saat anda menang semuanya bagus,"" kataMaresca. ",,Detik,liga_inggris,
Sunderland Vs Arsenal: Laga Emosional untuk Xhaka,"GelandangSunderland,Granit Xhaka, harus berhadapan denganArsenalpada akhir pekan ini. Laga tersebut bakal menjadi sangat emosional untuk pemain berusia 33 tahun tersebut. Xhaka menghabiskan waktu tujuh musim bersama Arsenal. Dia kemudian pindah ke Bayer Leverkusen selama dua musim. Sunderland kemudian memboyong Xhaka pada musim panas 2025. Pemain asal Swiss itu menjelma menjadi andalan tim di lini tengah dan juga menjadi kapten. SCROLL TO CONTINUE WITH CONTENT  Sunderland menjamu Arsenal di Stadium of Light dalam lanjutan Liga Inggris, Minggu (9/11/2025) dini hari WIB. Xhaka menganggap laga ini bakal sangat emosional untuknya. ""Kami tahu kualitas yang dimiliki Arsenal. Ini akan menjadi pertandingan yang emosional bagi saya - saya menjalani tujuh tahun yang luar biasa di sana. Saya masih berhubungan dengan banyak pemain, dengan staf pelatih,"" kata Xhaka yang dikutip dari situs resmi Sunderland. ""Bermain melawan mereka di Sunderland, tentu saja, sangat istimewa. Semoga saya juga bisa menikmatinya dan mari kita lihat siapa tim yang lebih baik pada hari ini,"" sambungnya. Xhaka mencatatkan 297 laga bersama Arsenal di semua ajang. Dia mengangkat dua trofi Piala FA dan Community Shiled. ",,Detik,liga_inggris,
Tottenham Vs Man Utd: Setan Merah Banyak Masalah,"Ruben Amorimkecewa meskiManchester Unitedselamat dari kekalahan saat melawanTottenham Hotspur. Amorim menyebut MU masih punya banyak masalah. LagaTottenham vs Man Utddi pekan ke-11Premier Leaguedigelar di Tottenham Hotspur Stadium, Sabtu (8/11/2025) malam WIB. Kedua tim berbagi poin usai bermain imbang 2-2. MU unggul lebih dulu lewat gol Bryan Mbeumo pada menit ke-32. Gagal menambah gol, MU kemudian justru kebobolan dua gol pada menit-menit akhir dan balik tertinggal 1-2 dari tuan rumah. SCROLL TO CONTINUE WITH CONTENT MU pada akhirnya selamat dari kekalahan berkat gol Matthijs de Ligt di penghujung injury time. Dengan hasil ini, Setan Merah tidak terkalahkan dalam lima pertandingan terakhirnya (W3 D2).  Meski demikian, Amorim menilai MU masih punya banyak pekerjaan rumah. Ia juga menyoroti kesulitan MU setelah Casemiro dan Harry Maguire ditarik keluar. ""Kami punya banyak masalah,"" ujar Amorim seperti dilansir Sky Sports. ""Kami baru di awal. Saya tahu kadang hasil-hasilnya menunjukkan bahwa kami membaik, tapi banyak yang harus kami kerjakan.""  ""Anda bisa membagi pertandingan ke 10 menit terakhir, juga ketika kami menarik keluar Harry Maguire dan Casemiro bersamaan, kemudian kebobolan dua gol, lalu kehilangan (Sesko), bahkan sebelum gol kedua dengan kesempatan besar."" ""Main dengan 10 orang, tapi kemudian mengatasi segalanya dan berhasil mencetak gol, itu bagus, tapi kalau melihat ke sisa pertandingan, kami nyaman."" ""Saya kira kami harusnya lebih baik, lebih agresif, merasakan atmosfer stadion. Kami mengendalikan permainan dengan baik, tapi harus lebih baik, karena pertandingannya sebenarnya bisa direbut,"" kata Amorim.  ",,Detik,liga_inggris,
"Arsenal Kecewa Dijegal Sunderland, tapi...","Arsenalkehilangan tiga poin di depan mata saat melawanSunderland. Walaupun ada rasa kecewa,Riccardo Calafiorimensyukuri kemampuan tim untuk bangkit. Sunderland vs Arsenal berlangsung di Stadium of Light dalam lanjutan Liga Inggris, Minggu (9/11/2025) dini hari WIB. Pertandingan tuntas 2-2. Arsenal tertinggal 0-1 lebih dulu di babak pertama akibat gol Daniel Ballard. Hal itu membuat rangkaian delapan clean sheet beruntun Arsenal terhenti. SCROLL TO CONTINUE WITH CONTENT Di babak kedua, Arsenal membalas untuk memimpin 2-1 lewat Bukayo Saka dan Leandro Trossard. Keunggulan itu bertahan sampai mendekati akhir laga. Arsenal ternyata gagal membawa pulang tiga poin. Gawang David Raya dibobol Brian Brobbey di injury time untuk mengubah skor akhir menjadi 2-2.  ""Saya rasa Anda bisa melihat kami sangat, sangat kecewa, terutama karena kami berhasil bangkit,"" kata Calafiori yang dikutip dari situs resmi Arsenal. ""Saya sangat menyukai reaksi kami di babak kedua. Saya rasa kami pantas (menang) dan kami mendominasi permainan. Pada akhirnya, karena duel atau satu aksi, kami kehilangan beberapa poin di sini,"" sambungnya. Hasil ini membuat Arsenal di puncak klasemen dengan 26 poin. Sunderland ada di urutan ketiga dengan 19 poin. ""Kami berada di puncak klasemen, jadi setidaknya harus bahagia. Kami perlu memikirkan itu. Kami perlu memikirkan pertandingan berikutnya yang akan sulit, dan sebenarnya banyak pertandingan yang akan sulit dalam beberapa bulan ke depan. Jadi, kami sepenuhnya fokus dan saya bangga dengan tim saya sejauh ini,"" tegasnya. ",,Detik,liga_inggris,
Rooney 'Kompor-komporin' Pemain Chelsea soal Kebijakan Rotasi Maresca,"Enzo Marescamenerapkan kebijakan rotasi di skuadChelseasaat ini. Pemain The Blues diminta mempertanyakannya. Hal itu disarankanWayne Rooney, eks penyerang Manchester United. Dalam program Youtube-nya, top skor sepanjang masa Setan Merah itu menyebut pemain Chelsea harusnya gerah dengan kebijakan rotasi Maresca. ""Para pemain ingin bermain, mereka ingin membangun hubungan,"" kata mantan kapten Inggris itu dalam acara Wayne Rooney Show. SCROLL TO CONTINUE WITH CONTENT ""Jika terus mengganti-ganti susunan pemain, para pemain tidak akan senang. Saya pikir hal itu akan balik menghantui mereka."" ""Jika mereka terus meraih hasil, maka tidak ada yang perlu dipertanyakan, tapi jika tidak, harus ada pertanyaan yang diajukan,"" terangnya.  Saat ini,Enzo Marescamemang terus merotasi skuadnya. Terakhir saat Si Biru ditahan Qarabag 2-2 di Liga Champions, dengan manajer Italia itu mengaku gonta-ganti skuad karena efek kelelahan imbas tampil di Piala Dunia Antarklub 2025. Dari lima laga terakhir, hasilnya tak melulu kemenangan. Reece James dkk mengemas 3 kemenangan, sekali imbang, dan sekali kalah. Dalam lima pertandingan terakhirnya, Chelsea menang tiga kali, imbang dengan Qarabag, dan kalah dari Sunderland yang baru promosi di liga. Wayne Rooneymenilai, sosok pemimpin di skuadChelseaharus mempertanyakannya. ""Saya pikir kebanyakan klub sekarang memiliki kelompok kepemimpinan, dan sebagai kelompok, Anda harus menanyakan manajer,"" kata Rooney. ""Orang-orang membicarakan 'kekuatan pemain,' tapi ini bukan kekuatan pemain."" ""Saya akan khawatir jika tim terus berubah. Jika saya berada di kelompok itu, saya akan berbicara dengan rekan setim saya dan mengatakan, 'Lihat, saya tidak puas dengan ini,"" terangnya. ",,Detik,liga_inggris,
Amorim Sayangkan Kegagalan MU Habisi Spurs,"Ruben Amorimtidak puas meskiManchester Unitedselamat dari kekalahan saat menghadapiTottenham Hotspur. Ia menilai MU terlalu nyaman setelah unggul lebih dulu. DuelTottenham vs Man Utddi pekan ke-11Premier Leaguedigelar di Tottenham Hotspur Stadium, Sabtu (8/11/2025) malam WIB. Kedua tim harus puas berbagi poin usai imbang 2-2. MU unggul lebih dulu lewat gol Bryan Mbeumo pada menit ke-32. Namun, Tottenham mampu membalikkan keadaan pada menit-menit akhir lewat gol Mathys Tel dan Richarlison. SCROLL TO CONTINUE WITH CONTENT Gol dari Matthijs de Ligt di penghujung injury time lantas menyelamatkan MU dari kekalahan. Ini jadi kali kedua secara beruntun MU mendapat hasil seri berkat gol di menit-menit akhir usai imbang dengan skor yang sama melawan Nottingham Forest pekan lalu.  Amorim merasa MU seharusnya bisa menang atas Spurs. Ia menilai timnya kehilangan intensitas setelah unggul lebih dulu. ""Ketika Anda tidak bisa menang, jangan kalah, sekali lagi kami melakukannya. Kami masih bisa berkembang sebagai tim, karena hari ini harusnya jadi hari kami untuk memenangi pertandingan ini,"" ujar Amorim kepada TNT Sports. ""Kami harrus melihat ke diri sendiri, kami tidak menekan dengan intensitas yang sama, kami merasa nyaman tapi kami harus paham kalau kami punya keberanian lebih kami akan menghabisi lawan. Tapi kadang ini terjadi, babak pertama lebih baik daripada babak kedua."" ""Kami percaya kepada kapasitas kami untuk mencetak gol sampai menit terakhir,"" kata Amorim menambahkan.  ",,Detik,liga_inggris,
"MU Lagi Oke, tapi Rekornya Memble Lawan Tottenham","Manchester Unitedbermodalkan tren bagus untuk menantangTottenham Hotspur. MU akan mencoba mengakhiri puasa kemenangan selama tiga tahun. MU sedang menanjak setelah tidak terkalahkan di empat pertandingan Premier League terakhir. Sejak dibekap Brentford pada September silam, pasukan Ruben Amorim berturut-turut mengalahkan Sunderland 2-0, Liverpool 2-1, Brighton 4-2, sebelum memaksakan hasil seri 2-2 di markas Nottingham Forest. Lawatan ke Stadion Tottenham Hotspur diLiga Inggrisakhir pekan ini akan jadi pembuktian konsistensi Setan Merah. Apalagi, MU kesulitan mengalahkan tim London Utara itu sejak menang 2-0 di Old Trafford, Oktober 2022. SCROLL TO CONTINUE WITH CONTENT  Manchester Unitedmencatatkan 0 kemenangan dalam tujuh perjumpaan kontra Spurs di semua kompetisi. Kekalahan beruntun diderita MU di empat duel terakhir kedua klub, termasuk yang paling aktual yaitu final Liga Europa 2024/25. Meski demikian, Manajer MURuben Amorimoptimistis. Amorim mengatakan, MU sudah terbukti bisa memenangi pertandingan apapun. ""Saya kira kami lebih percaya diri,"" ungkap pria Portugal ini di laman resmi klub. ""Kami percaya lebih besar bahwa kami bisa memenangi pertandingan apapun, dan kami sudah membuktikannya.""  ""Kami lebih siap untuk apapun yang terjadi di dalam pertandingan, jadi itu juga hal yang penting. Kami sedang di momen yang lebih baik, tapi kami juga tahu bahwa kami punya banyak hal untuk dilakukan, untuk ditingkatkan, agar memenangi laga-laga semacam ini dan menang beruntun secara konsisten,"" lanjutRuben Amorim. ""Kami tahu bahwa kami mampu, kami percaya diri tapi kami juga tahu bahwa kami kadang-kadang kesulitan di dalam pertandingan, di mana kami mesti tampi lebih baik,"" dia mengatakan jelangTottenham Hotspur vs Manchester United.  [Gambas:Instagram]  ",,Detik,liga_inggris,
Ronaldo Sebut MU Mustahil Juara Liga Inggris 2025/2026,"Cristiano Ronaldomemberikan prediksinya soal pemenangLiga Inggris 2025/2026. CR7 mencoret nama mantan klubnya,Manchester United, dari kandidat juara. MU menjadi salah satu klub yang sangat berarti buat Ronaldo. Dia mengorbit sebagai pemain kelas dunia bersama Setan Merah pada 2003-2009. Ronaldo memenangkan 9 titel bersama MU, termasuk 3 gelar Liga Inggris. Pemain asal Portugal itu sempat balik ke Old Trafford pada 2021, tapi hanya bertahan setahun sebelum cabut keAl Nassr. SCROLL TO CONTINUE WITH CONTENT  MU pada periode kedua Ronaldo berbeda dengan yang dikenal sebelumnya. Prestasi Manchester Merah menukik sejak ditinggal Sir Alex Ferguson pada 2013 dan belum pernah lagi meraih titel Premier League. Ronaldo pun berani menyebut MU kembali harus puasa gelar Premier League musim ini. Baginya kandidat terkuat untuk juara Liga Inggris 2025/2026 adalahArsenal. Seperti diketahui, Arsenal saat ini memuncaki klasemen sementara Premier League dengan 25 poin. MU tertahan di urutan kedelapan dengan 18 poin, berjarak 7 angka dari Meriam London.  🚨🚨🎙️| Cristiano Ronaldo: ""It's not possible for Manchester United to win the Premier League now because they're so many points behind.""[@PiersUncensored]pic.twitter.com/VdZ1pS6HwP  ""Arsenal memungkinkan [juara]. Saya kira level tim-tim papan atas Premier League hampir mirip, tapi Anda paham kan kita tak pernah tahu apa yang terjadi di Liga Inggris, liga yang benar-benar sangat sulit,"" kata Ronaldo dalam wawancara dengan Piers Morgan. ""Manchester [United] jelas tak akan memenangkan Premier League karena banyak kehilangan poin saat ini. Memang sih masih memungkinkan, tapi saya tidak mempercayainya,"" tegasnya. ",,Detik,liga_inggris,
"881 Menit Berlalu, Gawang Arsenal Akhirnya Bobol Lagi","Arsenalsempat melewati sejumlah pertandingan tanpa kebobolan. Setelah 881 menit, barulah gawang the Gunners bobol lagi. Sebelum menghadapi Sunderland di ajang Liga Inggris akhir pekan ini, kali terakhir gawang Arsenal bobol adalah pada akhir bulan September lalu. Pada pertandingan tersebut, Arsenal memang masih keluar sebagai pemenang walaupun kebobolan. Ketika itu Meriam London menang 2-1 melawan Newcastle. SCROLL TO CONTINUE WITH CONTENT  Selepas laga tersebut, laju tidak kebobolan skuad Mikel Arteta dimulai. Olympiakos, West Ham, Fulham, Atletico Madrid, Crystal Palace, Brighton, Burnley, dan Slavia Praha adalah rentetan lawan yang dihadapi. Dari kedelapan pertandingan di ajang-ajang Premier League, EFL Cup, dan Liga Champions tersebut Arsenal sukses menjaga gawangnya tetap perawan. Sampai akhirnya lawatan ke markas Sunderland di akhir pekan. Dalam pertandingan tersebutArsenalbahkan kebobolan duluan lewat gol Daniel Ballard. Ia mengakhiri laju clean sheet Arsenal lewat golnya di menit ke-36.  Setelah itu gol-gol dari Bukayo Saka dan Leandro Trossard bikin Arsenal berbalik unggul. Tapi gol Brian Brobbey di menit-menit akhir mengubah situasi. Skor akhir 2-2, membuat Sunderland dan Arsenal harus berbagi angka. Gol Brian Brobbey mengakhiri rentetan 10 kemenanganArsenaldi seluruh ajang, termasuk lima di Premier League. Dan di laga yang sama, rentetan tidak kebobolan Arsenal selama total 881 menit pun ikut pupus. ",,Detik,liga_inggris,
Ronaldo: Tak Adil Tentukan GOAT dari Titel Piala Dunia,"Cristiano Ronaldotak terlalu memusingkan soalPiala Dunia.Baginya tidak adil menentukan status pemain terbaik dalam sejarah hanya karena menang Piala Dunia. Sudah banyak prestasi yang ditorehkan Ronaldo dalam 20 tahun lebih karier sepakbolanya. KaptenTimnas Portugalitu telah meraih banyak trofi bergengsi di level klub dan tim nasional. Bersama Timnas Portugal, Ronaldo sudah memenangkan titel Piala Eropa dan UEFA Nations League. Dia tercatat sebagai top skor sepakbola internasional dengan 143 gol, sementara rekening golnya apabila digabung bersama klub-klub yang dibelanya berada di angka 952. SCROLL TO CONTINUE WITH CONTENT  Piala Dunia jadi satu-satunya trofi yang belum didapatkan Ronaldo. CR7 sudah lima kali tampil di Piala Dunia, tapi pencapaian terbaiknya hanya semifinalis edisi 2006. Alhasil, tak sedikit yang menilai Ronaldo belum layak disebut pemain terbaik sepanjang masa (GOAT) karena tak pernah angkat trofi Piala Dunia. Berbeda dengan rival utamanya di dunia sepakbola,Lionel Messi, yang juara bersama Timnas Argentina tahun 2022. Piala Dunia 2026 jadi kesempatan terakhir Ronaldo untuk menjadi juara dunia. Pemain berusia 40 tahun ini mengaku tak terlalu ambisius mengejar titel juara, lantaran trofi tersebut tak akan menodai catatan emasnya di lapangan hijau.  🚨🚨🎙️| Cristiano Ronaldo on World Cup: ""You want a competition with 6 or 7 games to define if I am the best in history, you think that's fair?""""If you ask me if it's a dream to win the World Cup, no it's not a dream!""[@PiersUncensored]pic.twitter.com/LU8LVtK2eW  ""Jika Anda bertanya kepadaku, Cristiano, apakah memenangkan Piala Dunia adalah sebuah mimpi? Tidak, itu bukan mimpi,"" kata Ronaldo dalam wawancara dengan Piers Morgan, dilansir dariESPN. ""Mendefinisikan apa? Mendefinisikan apakah aku salah satu yang terbaik dalam sejarah, memenangkan satu turnamen [yang hanya terdiri dari] enam pertandingan, tujuh pertandingan. Menurut Anda itu adil?"" ujarnya. ",,Detik,liga_inggris,
Cristiano Ronaldo Plin-plan soal Piala Dunia?,"Cristiano Ronaldodinilai plin-plan soal Piala Dunia. Pernah sebut memenangi trofi itu adalah mimpi terbesar, tapi kini sepertinya tidak lagi. Dalam wawancara dengan Piers Morgan di akun Youtube pribadi milik Cristiano Ronaldo, CR7 menjawab pertanyaan soal kariernya, rencana pensiun, sampai terdekat Piala Dunia 2026.  SCROLL TO CONTINUE WITH CONTENT Timnas Portugalselangkah lagi lolos kePiala Dunia 2026.Mereka sedang jalani Kualifikasi Zona Eropa dan butuh satu dari dua laga lagi kontra Irlandia dan Armenia pada November nanti. Titel Piala Dunia belum pernah masuk lemariCristiano Ronaldo.Akankah CR7 berambisi memenanginya di tahun depan? Sekaligus tentu, mengukuhkan gelar GOAT (Greatest of All Time)? ""Jika Anda bertanya kepadaku, Cristiano, apakah memenangkan Piala Dunia adalah sebuah mimpi? Tidak, itu bukan mimpi,"" kata Ronaldo. ""Mendefinisikan apa? Mendefinisikan apakah aku salah satu yang terbaik dalam sejarah, memenangkan satu turnamen (yang hanya terdiri dari) enam pertandingan, tujuh pertandingan. Menurut Anda itu adil?"" sambung pemain berusia 40 tahun itu.  Di Piala Dunia 2022 kemarin setelah Timnas Portugal dikalahkan Maroko di perempatfinal,Cristiano Ronaldotampak terpukul. Tangisnya pecah ketika timnya tersingkir. Ditambah, pelatih Portugal saat itu yakni Fernando Santos mencadangkan Ronaldo di beberapa laga sepanjang turnamen. CR7 pun harus mengalah dan menghangatkan bangku cadangan. Selepas Portugal tersingkir, Ronaldo menulis kata-kata sedih di sosmed pribadinya. Ronaldo ungkap, mimpi terbesarnya adalah bawa Portugal raih titel Piala Dunia. ""Memenangkan Piala Dunia untuk Portugal adalah impian terbesar dan terambisius dalam karieku. Aku berjuang untuk itu. Aku berjuang keras untuk mimpi itu. Dalam lima edisi Piala Dunia yang aku ikuti selama 16 tahun, selalu bersama para pemain hebat dan didukung oleh jutaan rakyat Portugal, aku memberikan segalanya. Aku memberikan segalanya di lapangan. Aku tidak pernah takut berjuang dan tidak pernah menyerah untuk mimpi itu,"" tulisnya.  Ronaldo sudah persembahkan titel juara Piala Eropa dan dua kali menangi UEFA Nations League buatTimnas Portugal.AkankahPiala Dunia 2026nanti jadi panggung terakhirnya bersama A Selecao? Atas perkataan terbaru Ronaldo, dirinya dicap plin-plan oleh banyak penggemar sepakbola. Duh... ",,Detik,liga_inggris,
"Hasil Tottenham Vs MU: Dua Gol di Injury Time, Tuntas 2-2","Tottenham Hotspur vs Manchester Unitedtuntas. Drama balas-balasan gol di injury time, tuntas sama kuat 2-2! Tottenham Hotspur vs Manchester Unitedjadi pembuka pekan ke-11Liga Inggris,Sabtu (8/11) malam WIB. MU unggul duluan di paruh pertama lewat sundulan Mbeumo. Tottenham sempat samakan kedudukan lewat Tel, lalu balik unggul di injury time lewat Richarlison. De Ligt paksakan skor akhir sama kuat 2-2. SCROLL TO CONTINUE WITH CONTENT Atas hasil itu,TottenhamHotspur naik ke peringkat ketigaKlasemen Liga Inggrissementara dengan 18 poin.Manchester Unitednaik ke peringkat ketujuh dengan 18 poin. Beda selisih gol.  Lammens lakukan blunder di detik-detik awal. Dirinya gagal mengontrol bola dengan kakinya, berujung bola keluar dan jadi tendangan sudut buatTottenham Hotspur.Sayangnya tuan rumah tidak bisa memanfaatkan situasi tersebut. Peluang pertama didapat Tottenham di menit ke-17. Sundulan Richarlison menyambut umpan Johnson masih jauh dari sasaran. Manchester United membalas di menit ke-22, tembakan Cunha masih bisa diblok. Gol pertama Manchester United! Bryan Mbeumo mencetak gol pertamaManchester Uniteddi menit ke-33. MU yang mengepung kotak penalti Spurs, terus menangi perebutan bola. Amad Diallo melepas umpan lambung dari dalam kotak penalti di sisi kanan, Mbeumo tanpa pengawalan ketat mampu menanduknya yang meluncur mulus ke gawang. Tottenham lebih agresif, tapi pertahanan Man United tetap rapi. Tiada gol tambahan tercipta, skor sementara 1-0 buat tim tamu sampai turun minum.  Tottenham Hotspurmulai main terbuka di awal babak kedua.Manchester Unitedandalkan serangan balik. Romero ciptakan peluang emas lewat sontekannya di depan gawang pada menit ke-53, tapi Lammens di posisi yang tepat untuk menepisnya. Dua menit kemudian gantian Paulinha coba peruntungan, sepakan volinya kembali ditepis Lammens. Johnson sempat mencetak gol di menit ke-61 setelah mendapat umpan terobosan dari Richarlison. Namun itu dianulir, offside. MU belum ciptakan peluang sampai menit ke-80. Tottenham pun kesulitan bongkar low block Setan Merah. Gol pertama Tottenham! Kebuntuan Tottenham Hotspur pecah di menit ke-84. Dua pemain pengganti terlibat dalam gol itu, Udogie kirim umpan ke Mathys Tel, dirinya berputar lalu lepas tembakan keras ke pojok kiri gawang. MU merespons, Sesko punya peluang untuk bisa berhadapan satu lawan satu dengan Vicario tapi Van de Ven menekel bola. Tel nyaris kemas brace. Sepakannya tidak sempurna, bola bisa diamankan Lammens. Gol kedua Tottenham! Tottenham Hotspur mencetak gol kedua di injury time 90+1, aktornya adalah Richarlison! Tembakan keras Odobert dari luar kotak penalti menyentuh kepala Richarlison dan si kulit bundar meluncur ke dalam gawang MU. Gol kedua Manchester United! Manchester Unitedsukses paksakan skor imbang 2-2 di menit akhir, 90+6! Dari situasi tendangan sudut, De Ligt menanduk bola di tiang kedua dari umpan Bruno Fernandes, Vicario sempat menepisnya tapi si kulit bundar masuk ke gawang! Skor akhir sama kuat 2-2. Kedua tim berbagi masing-masing satu poin. Susunan Pemain Tottenham: Vicario, Porro (Udogie 67'), Romero 9Danso 88'), Van de Ven, Paulinha (Bentancur 79'), Spence, Sarr, Johnson, Simons (Tel 80'), Richarlison , Kolo Muani (Odobert 46'). Manchester United: Lammens; De Ligt, Maguire (Yoro 72'), Shaw; Mazraoui (Sesko 58'), Casemiro (Ugarte 72'), Fernandes, Dorgu (Dalot 80'); Mbeumo, Diallo; Cunha (Mount 72').",,Detik,liga_inggris,
Piala Dunia U-17 2025: Indonesia Rapuh Banget di Babak Pertama,"Timnas Indonesiasudah kebobolan banyak gol diPiala Dunia U-17 2025. Garuda Muda rapuh banget saat paruh pertama laga. Dalam dua pertandingan, Indonesia kebobolan tujuh gol. Pada pertandingan pertama, Indonesia kalah 1-3 dari Zambia, lalu digilas oleh Brasil 0-4. Indonesia rapuh banget saat babak pertama. Gawang tim asuhan Nova Arianto itu kebobolan sebanyak enam kali. SCROLL TO CONTINUE WITH CONTENT  Rinciannya, Indonesia kebobolan dalam rentang menit ke-1 sampai ke-15 sebanyak sekali. Paling banyak, Indonesia kebobolan pada rentang menit ke-31 sampai ke-45 dengan torehan lima gol. Satu gol masuk ke gawangIndonesiapada menit ke-61 sampai menit ke-75. Indonesia bersih dari kebobolan pada menit ke-16 sampai menit ke-30, menit ke-46 sampai menit ke-60, dan menit ke-76 sampai menit ke-90. Indonesia bisa mencetak satu gol di Piala Dunia U-17 2025. Zahaby Gholy pencetak golnya, yang dikemas saat pertandingan melawan Zambia. Rincian gol ke gawang Indonesia di Piala Dunia U-17 2025 bisa dilihat di bawah ini.  Jumlah Gol: 7Babak I: 6Babak II: 1Menit Gol 1-15: 1Menit Gol 16-30: 0Menit Gol 31-45: 5Menit Gol 46-60: 0Menit Gol 61-75: 1Menit Gol 76-90: 0  ",,Detik,liga_inggris,
Maresca Gak Kepikiran Kans Chelsea Ikut Persaingan Juara,"Chelseamemang tak diperkirakan ikut persaingan juaraLiga Inggrismusim ini. Tapi adakah sang manajer,Enzo Maresca, merasa The Blues bisa ikut bersaing? Chelsea, meski berhasil menjadi juara dunia usai memenangi Piala Dunia Antarklub pada musim panas lalu, tak pernah benar-benar dianggap akan bersaing untuk titel juara Liga Inggris. Dua nama paling santer disebut adalah Liverpool dan Arsenal.  SCROLL TO CONTINUE WITH CONTENT Tapi pada prosesnya, hasil-hasil di 10 pekan pertama memang kurang lebih membuktikan itu. Chelsea kini berada di posisi tujuh, tertinggal delapan poin dari Arsenal yang memimpin. Sementara Liverpool malah di luar perkiraan sempat melempem hingga terlempar dari posisi teratas. Kini sang juara bertahan di tempat ketiga, tertinggal tujuh poin dari Arsenal dan satu poin di belakang Manchester City. Meski demikian, dengan musim masih amat panjang, peluang Chelsea secara matematis niscaya sangat jauh dari kata tertutup. Tapi Maresca tak mau berangan-angan terlalu jauh, ia cuma mau bergerak dari satu pekan ke pekan lainnya.  ""Saya sudah bilang berkali-kali, saya tak suka memikirkan bakal di mana kami pada bulan April, Mei. Saya cuma mencoba untuk memikirkan bagaimana kami bisa menang besok, hanya ini target yang saya punya saat ini,"" cetusnya dikutipBBC. ""Kalau Anda ingin mencoba bersaing di perebutan gelar juara, kami harus memikirkan laga berikutnya dulu."" ",,Detik,liga_inggris,
Man City Vs Liverpool: Laga ke-1.000 Pep Guardiola!,"Manchester City vs Liverpoolnanti akan spesial buatPep Guardiola.Itulah laga ke-1.000 sepanjang kariernya melatih sejak tahun 2007! Manchester City vs Liverpool jadibig matchLiga Inggrisdi akhir pekan ini. Pertandingan itu bakal digelar di Etihad Stadium, Minggu (9/11) pukul 23.30 WIB.  SCROLL TO CONTINUE WITH CONTENT Kedua tim sama-sama lagi di papan atas Klasemen Liga Inggris. Sementara, Manchester City duduk di peringkat kedua dengan 19 poin dari 10 laga, Liverpool di bawahnya dengan 18 poin. Laga nanti tidak hanya sebatasbig match. Laga itu akan spesial buat manajer Man City,Pep Guardiolakarena itu merupakan laga ke-1.000 dalam kariernya sebagai pelatih! ""Untuk mencapai 1.000 laga adalah hal yang sangat spesial dalam karier saya. Ketika saya pertama kali melatih Barcelona B, saya tidak pernah memikirkan hal itu,"" jelasnya dilansir dari situs resmi klub.  ""Sungguh saya tidak memikirkan tentang 1.000 laga. Saya bersyukur bisa jalani perjalanan bersama tim-tim yang hebat yakni Barcelona, Bayern Munich, dan Manchester City. Saya bangga dengan segala trofi yang diraih,"" tambahPep Guardiola. Rincian 999 laga Guardiola sampai saat ini adalah 42 laga bersama Barcelona B, 247 laga bersama Barcelona, 161 bersama Bayern Munich, dan 549 bersamaManchester City. ""Ada banyak orang-orang yang pernah bekerja bersama saya, sulit disebutkan satu per satu. Saya mau berterima kasih kepada mereka yang sudah bekerja bareng saya selama 18 tahun,"" tutupnya. Total, Guardiola sudah menyabet 36 trofi sepanjang kariernya! ",,Detik,liga_inggris,
Prediksi Tottenham Vs MU: Setan Merah Bukan Unggulan,"Tottenham Hotspur vs Manchester Unitedjadibig matchLiga Inggrismalam nanti. Prediksi laganya, Setan Merah bukan unggulan! Jadwal Liga Inggrismalam ini, Sabtu (8/11) dibuka denganTottenham Hotspur vs Manchester United.Duelnya pukul 19.30 WIB.  SCROLL TO CONTINUE WITH CONTENT Kedua tim sama-sama memiliki poin 17 di Klasemen Liga Inggris sementara, dari 10 laga.Tottenham Hotspurlebih baik posisinya di peringkat keenam danManchester Uniteddi peringkat kedelapan. Hanya beda selisih gol.  - Tottenham lagi superior atas Manchester United, mereka tidak terkalahkan dalam tujuh laga terakhir di seluruh kompetisi- Tottenham lagi bapuk di kandang. Sejak awal tahun 2025, mereka cuma tiga kali menang di kandang pada Liga Inggris- Kemenangan terakhir MU atas Tottenham adalah di tahun 2022 dengan skor 2-0 di Old Trafford- MU lagi sulit menang di Kota London dari 25 laga terakhir di iga yakni 16 kali kalah.  Tottenham Hotspur: Vicario; Porro, Romero, Van de Ven, Spence; Bentancur, Palhinha, Sarr; Kudus, Richarlison, Simons Manchester United: Lammens; Yoro, De Ligt, Shaw; Amad, Casemiro, Fernandes, Dalot; Mbeumo, Cunha; Sesko. Media-media internasional memprediksi lagaTottenham Hotspur vs Manchester United,kebanyakan menjagokan tuan rumah. Opta melansir, Tottenham punya persentase kemenangan lebih baik dengan penilaian dari superkomputer sebanyak 47,5 persen. Sportskeeda memprediksi hasil akhir 3-1 buat Tottenham. Sports Mole memprediksi hasil imbang 2-2. Kami memprediksi laga nanti akan berjalan ketat. Prediksinya, 2-1 untuk kemenangan Spurs.",,Detik,liga_inggris,
Garnacho Mulai Panas!,"Winger ChelseaAlejandro Garnachomulai panas. Garnacho baru saja berandil besar dalam suksesthe Bluesmenggebuk Wolverhampton 3-0 di lanjutan Liga Inggris. Pada pertandingan di Stamford Bridge, Minggu (9/11) dinihari WIB, winger Argentina itu main penuh untuk kali pertama di musim ini. Garnacho mengkreasikan dua golChelseake gawang Wolvers, yang diciptakan Malo Gusto dan Pedro Neto.  SCROLL TO CONTINUE WITH CONTENT Ini artinya, Garnacho telah menyumbang dua gol dan dua assist dalam empat penampilan terakhir untuk Chelsea. Sebelumnya, mantan penggawa Manchester United itu menjebol gawang Qarabag dalam hasil 2-2 di Liga Europa, dan menciptakan satu-satunya gol timnya saat dikalahkan Sunderland 1-2 di Liga Inggris. Laju positif ini menandai peningkatanAlejandro Garnachosetelah gagal mencetak gol ataupun assist di enam penampilan pertamanya untuk the Blues. Manajer Chelsea Enzo Maresca mengatakan, mejannya Garnacho berkaitan dengan kepindahannya di musim panas lalu. ""Bekerja keras -- ini jadi pesan utama ketika dia bergabung dengan kami,"" sahut Maresca dikutipBBC Sport. ""Dalam kaitannya dengan kualitas dengan bola, kita semua tahu seberapa bagusnya dia; untuk bermain dengan kami dia harus bekerja keras.""  ""Dengan bola, dia melakukan hal yang bagus tapi juga saat tidak menguasai bola dia bekerja keras. Dia kan datang dari sebuah klub di mana dia tidak berlatih 100 persen, jadi fisik dia tidak bagus. Pelan-pelan dia sekarang lebih baik."" ""Dia tahu bahwa untuk bermain dengan kami, dia mesti bagus dengan bola dan tanpa bola kalau tidak dia tidak akan bermain,"" lugas Maresca tentangAlejandro Garnacho.",,Detik,liga_inggris,
Apresiasi Ferguson untuk Guardiola yang Masuk 'Klub 1.000',"Sir Alex Fergusonmemberi selamat kepada manajerManchester CityPep Guardiolayang akan menjalani pertandingan ke-1.000 sebagai pelatih akhir pekan ini. Sebuah pencapaian yang tak mudah dilalui selama belasan tahun. Pertandingan ke-1.000 Guardiola sebagai pelatih akan terjadi dalam duel Manchester City vs Liverpool pada Minggu (9/11/2025) pukul 23.30 WIB. Sejak memulai karier manajerial pada 2007, ia pernah menangani Barcelona B, Barcelona, Bayern Munich, dan kini City. Sudah 999 laga dilalui Guardiola sampai saat ini dengan rincian 42 bersama Barcelona B (2007-2008), 247 bersama Barcelona (2008-2012), 161 bersama Bayern Munich (2013-2016), dan 549 bersama City sejak 2016. SCROLL TO CONTINUE WITH CONTENT  Pelatih asal Spanyol itu juga memiliki jumlah kemenangan yang tinggi, yakni 715 kali (71 persen). Ia pun telah memenangi 40 trofi, termasuk 12 gelar liga di tiga negara berbeda. Ferguson, yang telah melalui lebih dari 2.000 laga termasuk saat menangani Manchester United pada 1986-2013, turut mengapresiasi pencapaian koleganya tersebut selaku perwakilan League Managers Association (LMA). ""Pep! Saya sangat senang menyambut Anda bergabung dengan LMA Hall of Fame 1.000 Club yang bergengsi,"" ujar Ferguson, dikutip ESPN.  ""Cinta dan hasrat Anda yang mendalam terhadap sepak bola selalu begitu nyata, dan Anda patut bangga atas dampak tak terlupakan yang terus Anda berikan di dunia sepak bola global."" ""Mencapai 1.000 pertandingan dan mempertahankan prestasi yang begitu panjang di dunia sepak bola merupakan capaian yang tak pernah bisa diremehkan. Terus meraih gelar liga, Liga Champions, dan piala domestik di tiga liga paling kompetitif di Eropa sungguh luar biasa,"" jelas Ferguson. Daftar gelar Pep Guardiola sebagai pelatih sejauh ini ",,Detik,liga_inggris,
Arsenal Selalu di Hati Granit Xhaka,"Granit Xhakapernah di fase sulit selama diArsenal. Namun, gelandang berusia 33 tahun itu menegaskan bahwa Arsenal selalu di hati. Xhaka menghabiskan waktu tujuh musim bersama Arsenal. Dia sempat terlibat perselisihan dengan fans dan bahkan sudah siap untuk angkat kaki. Mikel Arteta kemudian bicara dengan Xhaka dan mau membantu mengubah keadaan. Xhaka akhirnya memilih bertahan dan baru pergi dari Arsenal pada musim panas 2023. SCROLL TO CONTINUE WITH CONTENT Pemain asal Swiss itu lantas pindah ke Bayer Leverkusen selama dua musim. Dia meraih gelar Bundesliga di musim pertamanya. Sunderlandkemudian memboyong Xhaka pada musim panas 2025. Mantan pemain Borussia Moenchengladbach itu menjelma menjadi andalan tim di lini tengah dan juga menjadi kapten.  Sunderland menjamu Arsenal di Stadium of Light dalam lanjutan Liga Inggris, Minggu (9/11/2025) dini hari WIB. Xhaka tak malu-malu menegaskan bahwa Meriam London selalu di hati. ""Semua orang tahu Arsenal ada di hati saya. Berada di klub sepakbola itu selama tujuh tahun sangat istimewa,"" kata Xhaka yang dikutip dari The Athletic. Xhaka mencatatkan 297 laga bersama Arsenal di semua ajang. Dia mengangkat dua trofi Piala FA dan Community Shiled. ""Itulah mengapa saya katakan bahwa pada tahun 2019, ketika Mikel datang, dia mengubah saya sepenuhnya - sebagai manusia, di lapangan, dan di luar lapangan,"" Xhaka mengungkapkan. ",,Detik,liga_inggris,
"Amorim Peringatkan Tottenham: MU Kini Beda, Main Lebih Oke","Manchester Unitedakan bertamu keTottenham Hotspur, akhir pekan ini. Manajer MURuben Amorimyakin, timnya tak akan main seperti final Liga Europa musim lalu. LagaTottenham Hotspur vs Manchester Uniteddalam lanjutanLiga Inggrisakan digelar pada Sabtu (8/11/2025) malam WIB. Ini jadi pertemuan pertama kedua klub sejak Spurs mempecundangi Setan Merah 1-0 di final Liga Europa 2024/2025. Di pertandingan itu, MU kalah padahal mendominasi permainan. Bruno Fernandes dkk gagal menciptakan gol sekalipun menguasai bola lebih dari 70 persen dengan melepaskan 16 percobaan, termasuk empat peluang bersih. Sedangkan Tottenham cuma membuat tiga percobaan dengan satu peluang bersih, yang sukses dikonversi Brennan Johnson menjadi gol kemenangan timnya. SCROLL TO CONTINUE WITH CONTENT  Manchester Unitedakan menantang Tottenham dengan laju tidak terkalahkan di empat laga terakhirnya, dengan tiga kemenangan. Amorim menegaskan, MU bukan lagi tim yang dulu dan sudah jauh percaya diri. ""Yang pertama, karakteristik para pemainnya. Kami punya karakteristik pemain yang berbeda di tim kami, sekaligus punya banyak pemain yang bermain pada musim lalu,"" sahut dia dilansirStandard.  ""Jadi kami sekarang adalah tim yang lebih baik. Kami bermain lebih baik, kami memahami permainan lebih baik. Saya kira kami lebih percaya diri. Kami toh mencapai final itu dengan percaya diri bahwa kami bisa juara karena saat itu kami bagus di Eropa, tapi saat ini kami bermain dengan rasa percaya diri yang berbeda."" ""Kami mengatur momen-momen permainan dengan lebih baik, tapi jika Anda ingat pertandingan itu bahwa mereka cuma punya [satu] tembakan ke arah gawang, dan mereka memenangi pertandingannya,"" lanjutRuben Amorim. ""Saya menduga sebuah pertandingan yang berbeda, yang akan kami mainkan dengan lebih baik tapi juga memiliki sedikit keberuntungan untuk membantu kami memenangi pertandingan,"" dia menambahkan jelangTottenham vs MU. ",,Detik,liga_inggris,
Amorim Tanggapi Kritik Ronaldo: Lupakan Masa Lalu,"Ruben Amorimmerespons kritikCristiano RonaldopadaManchester United. Meski mengakui bahwa MU pernah banyak salah, tapi kini saatnya menatap masa depan. Baru-baru ini megabintang sepakbola Portugal itu mengomentari situasi MU. Menurut dia, Amorim akan sulit mendongkrak performa Setan Merah karena skuad yang tidak cukup mumpuni secara mental. Amorim sendiri menghadapi musim yang bisa dibilang menentukan. Menyusul setengah musim pertamanya yang berakhir bencana usai MU nirgelar dengan finis ke-15 di Liga Inggris dan kalah di final Liga Europa. SCROLL TO CONTINUE WITH CONTENT  Jelang laga tandangManchester Unitedke Tottenham Hotspur, akhir pekan ini Ruben Amorim menanggapi kompatriotnya itu.Ruben Amorimmenegaskan, MU sedang berubah banyak dan menunjukkan kemajuan. ""Tentu saja, dia mengetahuinya dan dia punya pengaruh yang sangat besar dalam segala yang dia katakan,"" ungkap manajer MU ini diMetro.""Apa yang kami butuhkan adalah fokus pada masa depan.""  ""Kami tahu bahwa kami sebagai sebuah klub membuat banyak sekali kesalahan di masa lalu, dan kami sedang berupaya mengubahnya. Mari jangan fokus pada apa yang sudah terjadi. Mari fokus saja pada apa yang sedang kami lakukan dan kami sedang melakukannya."" ""Kami sedang mengubah banyak hal dalam struktur, cara kami melakukan segalanya, dan menginginkan para pemain agar bersikap baik. Kami sedang melakukannya dan kami meningkat."" ""Jadi mari lanjutkan dan lupakan masa lalu,"" cetusRuben Amorimmenanggapi komentarCristiano Ronaldo. ",,Detik,liga_inggris,
Babak I: Arsenal Tertinggal 0-1 dari Sunderland,"Arsenaltertinggal 0-1 dariSunderlandpada babak pertama di ajang Liga Inggris. Hal ini membuat rentetan clean sheet delapan laga Meriam London di semua ajang terhenti. Sunderland vs Arsenal berlangsung di Stadium of Light, Minggu (9/11/2025) dini hari WIB. Pertandingan harus terhenti di menit kelima setelah Mikel Merino mendapatkan perawatan karena beradu kepada dengan Daniel Ballard. Pertandingan dilanjutkan kembali di menit ke-10. Merino juga masih mampu meneruskan pertandingan. SCROLL TO CONTINUE WITH CONTENT Arsenal mendominasi jalannya laga selama 20 menit berlangsung. Namun, Meriam London belum bisa menciptakan ancaman di kotak penalti Sunderland.  Eberechi Eze gagal memanfaatkan kesalahanbackpasslawan di menit ke-23. Dia memilih langsung menembak bola di depan kotak penalti dan arahnya belum ke gawang. Wilson Isidor mengancam Arsenal di menit ke-28. Dia melepaskan tembakan dari sisi kotak penalti, tapi arahnya melebar dari gawang. Sunderland memimpin 1-0 di menit ke-36. Kiper Robin Roefs melepaskan tembakan bebas langsung ke jantung pertahanan Arsenal, Ballard mampu mengontrol bola dan melepaskan tembakannya ke gawang David Raya. Arsenal gagal membalas di sisa waktu babak pertama. Alhasil, pasukan Mikel Arteta tertinggal sampai turun minum.  Susunan Pemain: Sunderland: Roefs; Hume, Mukiele, Ballard, Geertruida, Reinildo; Sadiki, Xhaka, Le Fée, Traoré, Isisdor. Arsenal: David Raya; Timber, Saliba, Gabriel Magalhães, Calafiori; Zubimendi, Rice, Eze; Saka, Trossard, Mikel Merino.",,Detik,liga_inggris,
Amorim Lebih Khawatirkan Cedera Sesko ketimbang Kepercayaan Dirinya,"Benjamin Seskodinilai sedang kurang percaya diri. Namun, manajerManchester UnitedRuben Amorimmenyebut itu bukan kekhawatiran utamanya saat ini. Sesko hanya jadi pemain pengganti di lagaTottenham vs Man Utddi Tottenham Hotspur Stadium, Sabtu (8/11/2025) malam WIB. Ia baru dimasukkan pada menit ke-58 dalam laga yang berakhir imbang 2-2 itu. Namun, Sesko tak mampu menuntaskan pertandingan karena mengalami cedera. Penyerang asal Slovenia langsung masuk ke lorong stadion dan tidak diganti karena Amorim sudah menggunakan seluruh jatah pergantian pemain. SCROLL TO CONTINUE WITH CONTENT Sesko sedang disorot karena produktivitas golnya yang minim. Usai direkrut dari RB Leipzig pada musim panas lalu, Sesko baru mencetak dua gol dari 11 pertandingan di Premier League.  Ia sudah melewati empat laga terakhir tanpa mencetak gol. Meski demikian, itu bukan yang bikin Amorim khawatir saat ini. ""Tidak, saya kira itu bukan kekhawatiran terbesar saat ini,"" ujar Amorim saat ditanya soal Sesko yang tidak percaya diri. ""Itu terjadi sama dengan dia tidak mencetak gol dan kemudian mencetak dua gol di dua pertandingan berikutnya."" ""Itu terjadi, khususnya kepada striker. Saya lebih khawatir dengan cederanya karena itu di lutut dan saya tidak tahu (seberapa parah). Kami butuh Ben untuk menjadi tim yang lebih baik,"" kata Amorim seperti dilansir Sky Sports.  ",,Detik,liga_inggris,
"Union Berlin Vs Bayern: Imbang 2-2, Laju Sempurna Die Roten Terhenti","Rentetan kemenanganBayern Munichdi musim 2025/2026 terhenti di tanganUnion Berlin. Bayern harus puas dengan hasil seri 2-2 usai dua kali tertinggal. LagaUnion Berlin vs Bayerndi pekan ke-10Bundesligadigelar di Stadion An der Alten Forsterei, Berlin, Sabtu (8/11/2025) malam WIB. Bayern datang dengan catatan 16 kemenangan beruntun di semua kompetisi sejak awal musim. Union Berlin sempat menjebol gawang Bayern pada menit kesembilan lewat sundulan Ilyas Ansah usai memanfaatkan sepak pojok. Namun, setelah mengecek VAR, wasit menganulir gol tersebut karena offside. SCROLL TO CONTINUE WITH CONTENT Gawang Bayern akhirnya benar-benar bobol pada menit ke-27. Berawal dari sepak pojok Janik Haberer, Danilho Doekhi yang ada di kotak penalti lantas melepaskan tembakan mendatar. Kiper Bayern Manuel Neuer gagal menangkap dengan sempurna dan bola masuk ke gawang.  Bayern mencetak gol balasan pada menit ke-38 lewat Luis Diaz. Dari sudut sempit di sisi kiri kotak penalti Union Berlin, Luis Diaz melepaskan tembakan dengan kanannya. Luis Diaz menyia-nyiakan sebuah peluang bagus pada menit ke-45. Meski tinggal menghadapi kiper Union Berlin, Luis Diaz gagal mengarahkan sepakannya ke gawang. Pada injury time, Harry Kane sempat membobol gawang Union Berlin. Namun, gol tidak disahkan wasit karena Kane lebih dulu berada dalam posisi offside. Union Berlin kembali memimpin pada menit ke-83. Danilho Doekhi menyambar bola rebound untuk menjebol gawang Neuer.  Bayern lantas selamat dari kekalahan berkat gol Kane pada injury time. Kane menanduk bola umpan silang Tom Bischof untuk mengubah skor menjadi 2-2. Dengan hasil ini, Bayern masih nyaman di puncak klasemen Liga Jerman dengan 28 poin dari 10 laga. Sementara Union Berlin ada di urutan ke-10 dengan 12 poin. Susunan Pemain Union Berlin: Ronnow, Haberer (Juranovic 70'), Doekhi, Querfeld, Diogo Leite, Rothe (Kohn 78'), Burke (Jeong 78'), Khedira, Kemlein (Kral 70'), Schafer, Ansah (Skarke 78') Bayern Munich: Neuer, Laimer (Bischof 80'), Upamecano, Tah, Stanisic, Kimmich, Goretzka (Pavlovic 80'), Olise, Gnabry (Karl 59'), Luis Diaz, Kane",,Detik,liga_inggris,
"Diisukan Pindah ke Barca atau PSG, Ini Jawaban Julian Alvarez","Julian Alvarezrumornya bakal pindah keBarcelonaatau kePSGdi musim panas mendatang. Siap cabut atau masih mau lanjut diAtletico Madrid,Alvarez? Julian Alvarez baru gabung di musim panas 2024 kemarin. Di musim debutnya, sang striker yang langganan juara bersama Manchester City gagal raih trofi.  SCROLL TO CONTINUE WITH CONTENT Julian Alvarezkini diminati olehBarcelonadanPSGpada bursa transfer musim panas 2026 mendatang. Barcelona butuh penerus Robert Lewandowski, sementara PSG mau memperkuat lini serangnya. ""Ya itu benar, ada ketertarikan dari PSG dan sudah berdiskusi dengan agen saya. Tapi (transfer) itu tidak terjadi,"" jelasnya dilansir dariTribuna. ""Apa saya membayangkan berseragam Barcelona atau PSG musim depan? Jujur saja saya tidak tahu. Saat ini saya fokus bersama Atletico, kita lihat saja di akhir musim ini,"" sambungnya.  Atletico Madrid membeliJulian Alvarezdari Manchester City seharga 75 juta Euro atau setara Rp 1,4 triliun. Pemain berusia 25 tahun itu dikontrak sampai musim panas 2030. Nilai pasar Alvarez ada di angka 100 juta Euro atau setara nyaris Rp 2 triliun. Apa Atletico sudi melepasnya?",,Detik,liga_spanyol,
"Madrid Vs Valencia: Mbappe Brace, El Real Menang 4-0","Real Madridmenang 4-0 atasValenciadi kandang.Kylian Mbappebikin brace pada laga ini. Real Madrid menghadapi Valencia pada laga lanjutan LaLiga di Santiago Bernabeu, Minggu (2/11/2025).Jude Bellingham mencoba mengancam di awal laga. Namun, tembakannya dari sudut sempit masih bisa dibendung Julen Agirrezabala. Madrid mendapatkan hadiah penalti di menit ke-18. Wasit menunjuk titik putih usai Kylian Mbappe yang berusaha menjangkau sepak pojok ditarik oleh Diego Lopez. SCROLL TO CONTINUE WITH CONTENT Mbappe yang maju sebagai eksekutor menjalankan tugasnya dengan baik. Sepakannya ke arah kiri mengecoh Agirrezabala. El Real menggandakan keunggulan pada menit ke-31. Arda Guler terbebas di sisi kiri.  Guler mengirim umpan silang yang bisa dituntaskan Mbappe dengan sepaka voli. Mbappe bikin brace bawa Los Blancos unggul 2-0. Pada menit ke-42, Madrid kembali dapat penalti. Penalti diberikan usai Thierry Correra mengadang Alvaro Carreras. Vinicius Jr kali ini yang menendang penalti. Sepakan penalti Vinicius ke arah kanan bisa ditepis oleh Agirrezabala. Dua menit setelah kegagalan penalti ini, Madrid bisa bikin gol ketiga. Jude Bellingham beraksi di sisi kiri pertahanan Valencia. Ia bisa berkelit melewati hadangan pemain lawan. Pemain asal Inggris ini lalu melepas tembakan dari tepi kotak penalti yang menghujam pojok kiri gawang Valencia. Skor 3-0 untuk Madrid bertahan hingga babak pertama tuntas. Selepas jeda, Madrid menambah satu gol. Gol keempat Madrid lahir di menit ke-82. Alavaro Carreras menerobos lini belakang Valencia di sisi kiri. Ia melepas sepakan keras ke pojok kiri gawang yang tak terbendung Agirrezabala. Madrid menang 4-0. Kemenangan ini bikin tuan rumah semakin kukuh di puncak klasemen LaLiga. Madrid di urutan teratas dengan 30 poin. Sementara, Valencia terbenam di peringkat ke-18 dengan baru meraih sembilan poin. Susunan Pemain Real Madrid:Courtois, Fede Valverde, Militao, Huijsen, Carreras, Tchouameni, Arda Güler, Bellingham, Mastantuono, Vinicius, Mbappé. Valencia:Agirrezabala, Thierry, Tarrega, Copete, Gaya, Pepelu, Guerra, Rioja, Lopez, Beltran, Danjuma. ",,Detik,liga_spanyol,
"Rumor Terliar Real Madrid: Vinicius Out, Erling Haaland In","Muncul rumor tergila dariReal Madrid.Madrid siap jualVinicius Jrlalu beli Erling Haaland. Akankah kejadian? Dirangkum dari media-media Spanyol, belum ada kata sepakat soal perpanjangan kontrak antaraVinicius JrdanReal Madrid.Kontrak sang winger akan habis di musim panas 2027.  SCROLL TO CONTINUE WITH CONTENT Vinicius Jrsudah beberapa kali ngomel-ngomel ketika diganti pemain lain saat pertandingan. Hubungannya dengan pelatih Xabi Alonso diyakini belum sepenuhnya membaik. Real Madrid butuh pemain berusia 25 tahun itu buru-buru teken kontrak baru. Tapi masalah kenaikan gaji yang diminta Vini, dinilai memberatkan pihak klub. Los Blancos akan ambil langkah tegas. Jika Vini belum juga perpanjangan kontrak pada musim dingin Januari 2026 nanti maka siap-siap dijual. Kabarnya, Madrid akan buka harga mulai dari 200 juta Euro atau setara Rp 3,8 triliun!  Rumor lain menyebut,Real MadridmemantauErling Haaland.Madrid punya mimpi duetkan Mbappe-Haaland di lini serang! Haaland merupakan sosok pemain 'nomor 9' alias penyerang tengah. Andai Haaland datang, maka dirinya akan disokong oleh Kylian Mbappe atau Guler/Mastantuono di kanan-kirinya. Haaland gosipnya tertarik pindah ke Madrid. Namun tentu, Madrid butuh modal besar untuk mendapatkannya.  Erling Haalandmasih punya kontra sampai musim panas 2034 di Manchester City. Nilai pasarnya ada di angka 180 juta Euro atau setara Rp 3,4 triliun dan City enggan melepasnya. Andai Vinicius laku dengan harga yang Real Madrid mau, maka Madrid punya modal buat angkut Haaland. Akankah rumor ini kejadian nanti?",,Detik,liga_spanyol,
Lamine Yamal Belum Bugar 100 Persen,"PemainBarcelonaLamine Yamalmejan saat melawan Real Madrid di Liga Spanyol. Pemain berusia 18 tahun itu dinilai belum bugar. Barcelona kalah 1-2 dalam laga El Clasico di Stadio Santiago Bernabeu, Madrid, pada akhir pekan lalu. Gawang Los Cules dibobol oleh Madrid via Kylian Mbappe dan Jude Bellingham, membalas sekali dengan gol Fermin Lopez. Dalam laga melawan Madrid, Yamal tak bisa memberi banyak kontribusi. Dia bermain penuh, cuma membukukan dua shot dan tak ada yang tepat sasaran. SCROLL TO CONTINUE WITH CONTENT  Asisten pelatih Barcelona, Marcus Sorg, menegaskan bahwaYamalbelum fit 100 persen setelah pulih dari cedera tulang kemaluan. ""Dia baru pulih dari cedera. Dia membutuhkan ritme, pertandingan...Itu wajar,"" kata Sorg di Dario As. ""Dia baru berusia 18 tahun dan anda harus memberinya waktu dan membantu dia. Itu wajar, lawan mencoba segalanya melawan dia dan mencoba bertahan dengan baik, mereka beradaptasi. Kami harus bekerja lebih keras dan membantu mereka untuk bisa mendapatkan versi terbaik di atas lapangan,"" kata dia menambahkan.  Di musim ini,Yamalsudah delapan kali bermain untuk Barcelona di semua ajang. Dia mampu mencatatkan tiga gol dan lima assist. Sebelum El Clasico, Yamal melontarkan psywar ke Madrid. Dia mendapat teguran dari Rafinha karena membuat pemain El Real lebih termotivasi. ",,Detik,liga_spanyol,
Jude Bellingham Telah Kembali,"BintangReal MadridJude Bellinghamresmi keluar dari krisis. Bellingham kembali berkontribusi ketika Madrid menggasak Valencia 4-0 tadi malam. Bellingham mengalami kesulitan setelah pulih dari cedera bahu, yang memaksanya melewatkan empat pertandingan di awal 2025/2026. Gelandang internasional Inggris itu lantas cuma sekali jadi starter dalam lima pertandingan Madrid.  SCROLL TO CONTINUE WITH CONTENT Meski begitu, Bellingham tampil impresif dalam kemenangan tipis Madrid di markas Getafe 1-0 meski tidak mencetak gol. Sampai akhirnya Bellingham membuka rekening golnya untuk memenangkanLos Blancosatas Juventus 1-0 di pertandingan Liga Champions. Jude Bellinghamlantas menyumbang satu gol dan satu assist yang mengantarReal Madridmengalahkan Barcelona 2-1, sebelum mencetak satu gol ke gawang Valencia. Dengan demikian, Bellingham sudah mengemas tiga gol dan satu assist dalam tiga penampilan terakhirnya.  ""Posisi Jude itu satu hal, tapi apa yang terjadi sebelum kami menemukan dia itu hal yang lain. Banyak hal harus terjadi untuk menempatkan dia di posisi-posisi yang efektif. Hari ini ketika dia mencetak golnya, Jude berada di posisi yang sangat bagus,"" ungkap pelatih Madrid Xabi Alonso. Bellingham akan mencoba kembali ke bentuk terbaiknya di musim ini. Setelah mengemas 23 gol dan 13 assist di musim debutnya,Bellinghammenciptakan 15 gol dan 15 assist di musim lalu.Real Madridakan membutuhkan kontribusi Bellingham lainnya saat menantang Liverpool di Anfield pada matchday 4 Liga Champions, tengah pekan nanti.",,Detik,liga_spanyol,
"Tak Disebut dalam Permintaan Maaf Vini, Alonso: Masalah Sudah Selesai!","Permintaan maafVinicius Juniorjustru menguatkan dugaan adanya ketegangan denganXabi Alonso. Namun, Alonso menegaskan masalah dengan Vinicius sudah selesai. Winger topReal Madriditu mengucapkan permintaan maaf secara terbuka, setelah bereaksi tidak pantas saat diganti di tengah El Clasico, akhir pekan lalu. Vinicius mengomel, mencak-mencak pada Alonso, sembari berjalan langsung ke lorong pemain Stadion Santiago Bernabeu. Padahal, Vinicius seharusnya duduk di bangku cadangan Madrid.  SCROLL TO CONTINUE WITH CONTENT Usai menerima berbagai kritik,Vinicius Juniorakhirnya meminta maaf kepada seluruh komponenLos Blancos.Meski demikian, ada kontroversi lain yang mencuat. Bintang sepakbola Brasil itu sama sekali tidak menyebut namaXabi Alonso. Alonso kemudian menjelaskan bahwa dirinya sudah bertemu dengan pesepakbola berusia 25 tahun ini. Mantan pemain Madrid, Liverpool, dan Bayern Munich itu mengaku tidak ada masalah dengan permintaan maaf Vinicius.  ""Pada hari Rabu setelah dua hari libur, kami menggelar pertemuan dengan semua pemain. Vini melakukan tindakan yang bagus, sempurna. Dia bicara dari hati, dengan ketulusan. Saya sangat puas, dan bagi saya, dari saat itu masalahnya selesai,"" ujar pelatihReal Madridini. ""Bagi saya, itu adalah pernyataan yang sangat berharga dan positif. Vini menunjukkan kejujurannya, dia bicara dari hati, apa arti klub ini buat dia,"" sambungXabi AlonsodikutipESPN.""Bagi saya, yang penting adalah apa yang dia katakan kepada rekan-rekan setimnya, fans, dan klub. Saya toh sangat puas dan sejak hari Rabu, masalahnya sudah selesai dan kami sekarang memikirkan tentang apa selanjutnya,"" lugasentrenadorberusia 43 tahun itu.",,Detik,liga_spanyol,
"Cedera Tulang Kemaluan, Lamine Yamal Belum Mau Operasi","Lamine Yamaldibayangi cedera pubis alias cedera tulang kemaluan yang ganggu performanya. Namun sang winger belum mau naik meja operasi! Cedera pubis adalah peradangan yang terjadi pada sendi di antara tulang kemaluan kiri dan kanan. Cedera itu sudah diderita Lamine Yamal sejak awal musim ini.  SCROLL TO CONTINUE WITH CONTENT Barcelona masih memaksaLamine Yamalbermain, termasuk di El Clasico. Apa daya, performanya dinilai tidak 100 persen.  DilaporkanSport, pihak klub menyarankan agarLamine Yamalnaik ke meja operasi. Pemain berusia 18 tahun itu menolaknya. Yamal memutuskan untuk tetap menjalani perawatan konservatif setelah berkonsultasi dengan dokter eksternal. Namun, jika cederanya berlanjut, dirinya mungkin berubah pikiran dan menjalani operasi.  Eks dokter medis Barcelona, Jordi Ardevol memperingatkan Blaugrana akan cedera tersebut pada Lamine Yamal. ""Prioritas Yamal sekarang adalah istirahat dan fisioterapi. Jika Anda berhenti tepat waktu, dalam tiga atau empat minggu Anda bisa pulih, cederanya tidak akan sembuh dalam seminggu. Cederanya harus benar-benar sembuh,"" jelasnya. ""Istirahat sekarang adalah cara terbaik untuk menghindari masalah kronis di masa mendatang. Jika kondisinya memburuk, itu dapat menyebabkan pubalgia (nyeri kronis) pada veteran, dengan perubahan degeneratif yang mempersulit pemulihan,"" paparnya.",,Detik,liga_spanyol,
Secercah Harapan buat Endrick,"Endrickmau cari klub baru,Real Madridbuka pintu buat dipinjamkan di Januari nanti.Lyonkabarnya tertarik! Endrick sudah gerah jadi cadangan, belum main semenit pun di awal musim ini. Pemain berusia 19 tahun itu butuh menit bermain demi amankan tempat di skuad Timnas Brasil buat Piala Dunia 2026 nanti.  SCROLL TO CONTINUE WITH CONTENT DilaporkanMarca,Real Madridkasih lampu hijau buatEndrickpergi. Madrid siap lepas Endrick di bursa transfer musim dingin 2026. Akan tetapi, Madrid cuma mau meminjamkan Endrick. Sang pemain nanti harus kembali ke Bernabeu.  Dikabarkan, klub asal PrancisLyontertarik meminjamEndrick.Apalagi, Lyon turut berlaga di Liga Europa. Sebelumnya, muncul kabar Endrick punya beberapa syarat bagi klub-klub peminat. Klub-klub itu harus berada di 5 Liga Top Eropa dan berkompetisi di Liga Champions atau Liga Europa. Lyon pun turut masih punya kans menembus papan atas Ligue 1. Lyon sedang mengoleksi 19 poin dari 10 laga dan duduk di peringkat kelima, minus dua poin dari PSG di puncak. Liga Prancis pun tidak asing dengan para pemain Brasil. Apa Endrick siap berkemas dan main di sana? ",,Detik,liga_spanyol,
"Dear Lamine Yamal, Kurangi 'Omon-omon'","Lamine Yamaldituding banyak omong di luar pertandingan. Bintang mudaBarcelonaitu diminta fokus saja dengan performanya di lapangan. Yamal jadi sorotan sepakbola dunia berkat performa moncernya di klub dan tim nasional. Pemain berusia 18 tahun itu dianggap sebagai salah satu pesepakbola muda paling potensial saat ini. Performa top Yamal membuatnya jadi pemain di bawah usia 20 tahun dengan nilai pasar terbesar tahun 2025. Penggawa Timnas Spanyol ini punya valuasi mencapai 350 juta euro (Rp 6,7 triliun). SCROLL TO CONTINUE WITH CONTENT  Di satu sisi, Yamal juga kerap disorot atas kelakuan nyelenehnya di luar lapangan. Belum lama ini dia bikin emosi Real Madrid karena menyebut Los Blancos sebagai 'maling dan tukang mengeluh' jelang El Clasico. 'Omon-omon' Yamal itu jadi motivasi ekstra buat Real Madrid saat mengalahkan Barcelona 2-1. Dani Carvajal cs bahkan terlibat bentrokan dengan Yamal selepas pertandingan. Kelakuan 'nakal' Yamal di luar lapangan dikomentari agen legendaris,Jorge Mendes. Pria yang pernah menangani klien sekaliber Cristiano Ronaldo ini memberi saran supaya Yamal berbicara tak dengan ucapan pedas, melainkan performa top saat bertanding. ""Dia pemuda yang sangat cerdas dan belajar setiap hari. Berbicara sedikit dan fokus pada pekerjaan adalah kuncinya,"" kata Mendes, dikutip dariFootball Espana.  ""Hal terbaik yang dilakukan Lamine adalah membiarkan permainannya di lapangan yang berbicara; ia melakukannya dengan cara yang tak tertandingi, seperti yang kita lihat dalam pertandingan melawan Brugges,"" dia menambahkan. ""Di setiap pertandingan, ia menghasilkan setidaknya satu mahakarya, sesuatu yang hanya bisa dicapai oleh seseorang yang ditakdirkan untuk menjadi pemain terbaik,"" ujarnya soal Lamine Yamal. ",,Detik,liga_spanyol,
Ronaldo: Tak Adil Tentukan GOAT dari Titel Piala Dunia,"Cristiano Ronaldotak terlalu memusingkan soalPiala Dunia.Baginya tidak adil menentukan status pemain terbaik dalam sejarah hanya karena menang Piala Dunia. Sudah banyak prestasi yang ditorehkan Ronaldo dalam 20 tahun lebih karier sepakbolanya. KaptenTimnas Portugalitu telah meraih banyak trofi bergengsi di level klub dan tim nasional. Bersama Timnas Portugal, Ronaldo sudah memenangkan titel Piala Eropa dan UEFA Nations League. Dia tercatat sebagai top skor sepakbola internasional dengan 143 gol, sementara rekening golnya apabila digabung bersama klub-klub yang dibelanya berada di angka 952. SCROLL TO CONTINUE WITH CONTENT  Piala Dunia jadi satu-satunya trofi yang belum didapatkan Ronaldo. CR7 sudah lima kali tampil di Piala Dunia, tapi pencapaian terbaiknya hanya semifinalis edisi 2006. Alhasil, tak sedikit yang menilai Ronaldo belum layak disebut pemain terbaik sepanjang masa (GOAT) karena tak pernah angkat trofi Piala Dunia. Berbeda dengan rival utamanya di dunia sepakbola,Lionel Messi, yang juara bersama Timnas Argentina tahun 2022. Piala Dunia 2026 jadi kesempatan terakhir Ronaldo untuk menjadi juara dunia. Pemain berusia 40 tahun ini mengaku tak terlalu ambisius mengejar titel juara, lantaran trofi tersebut tak akan menodai catatan emasnya di lapangan hijau.  🚨🚨🎙️| Cristiano Ronaldo on World Cup: ""You want a competition with 6 or 7 games to define if I am the best in history, you think that's fair?""""If you ask me if it's a dream to win the World Cup, no it's not a dream!""[@PiersUncensored]pic.twitter.com/LU8LVtK2eW  ""Jika Anda bertanya kepadaku, Cristiano, apakah memenangkan Piala Dunia adalah sebuah mimpi? Tidak, itu bukan mimpi,"" kata Ronaldo dalam wawancara dengan Piers Morgan, dilansir dariESPN. ""Mendefinisikan apa? Mendefinisikan apakah aku salah satu yang terbaik dalam sejarah, memenangkan satu turnamen [yang hanya terdiri dari] enam pertandingan, tujuh pertandingan. Menurut Anda itu adil?"" ujarnya. ",,Detik,liga_spanyol,
Cristiano Ronaldo Plin-plan soal Piala Dunia?,"Cristiano Ronaldodinilai plin-plan soal Piala Dunia. Pernah sebut memenangi trofi itu adalah mimpi terbesar, tapi kini sepertinya tidak lagi. Dalam wawancara dengan Piers Morgan di akun Youtube pribadi milik Cristiano Ronaldo, CR7 menjawab pertanyaan soal kariernya, rencana pensiun, sampai terdekat Piala Dunia 2026.  SCROLL TO CONTINUE WITH CONTENT Timnas Portugalselangkah lagi lolos kePiala Dunia 2026.Mereka sedang jalani Kualifikasi Zona Eropa dan butuh satu dari dua laga lagi kontra Irlandia dan Armenia pada November nanti. Titel Piala Dunia belum pernah masuk lemariCristiano Ronaldo.Akankah CR7 berambisi memenanginya di tahun depan? Sekaligus tentu, mengukuhkan gelar GOAT (Greatest of All Time)? ""Jika Anda bertanya kepadaku, Cristiano, apakah memenangkan Piala Dunia adalah sebuah mimpi? Tidak, itu bukan mimpi,"" kata Ronaldo. ""Mendefinisikan apa? Mendefinisikan apakah aku salah satu yang terbaik dalam sejarah, memenangkan satu turnamen (yang hanya terdiri dari) enam pertandingan, tujuh pertandingan. Menurut Anda itu adil?"" sambung pemain berusia 40 tahun itu.  Di Piala Dunia 2022 kemarin setelah Timnas Portugal dikalahkan Maroko di perempatfinal,Cristiano Ronaldotampak terpukul. Tangisnya pecah ketika timnya tersingkir. Ditambah, pelatih Portugal saat itu yakni Fernando Santos mencadangkan Ronaldo di beberapa laga sepanjang turnamen. CR7 pun harus mengalah dan menghangatkan bangku cadangan. Selepas Portugal tersingkir, Ronaldo menulis kata-kata sedih di sosmed pribadinya. Ronaldo ungkap, mimpi terbesarnya adalah bawa Portugal raih titel Piala Dunia. ""Memenangkan Piala Dunia untuk Portugal adalah impian terbesar dan terambisius dalam karieku. Aku berjuang untuk itu. Aku berjuang keras untuk mimpi itu. Dalam lima edisi Piala Dunia yang aku ikuti selama 16 tahun, selalu bersama para pemain hebat dan didukung oleh jutaan rakyat Portugal, aku memberikan segalanya. Aku memberikan segalanya di lapangan. Aku tidak pernah takut berjuang dan tidak pernah menyerah untuk mimpi itu,"" tulisnya.  Ronaldo sudah persembahkan titel juara Piala Eropa dan dua kali menangi UEFA Nations League buatTimnas Portugal.AkankahPiala Dunia 2026nanti jadi panggung terakhirnya bersama A Selecao? Atas perkataan terbaru Ronaldo, dirinya dicap plin-plan oleh banyak penggemar sepakbola. Duh... ",,Detik,liga_spanyol,
Firmino dan Real Madrid yang Tidak Berjodoh,"Roberto Firminomengaku sempat dua kali ditawari gabung keReal Madrid.Karena tidak dijadikan pilihan utama, Firmino pun menolaknya. Dalam wawancara denganTNT Sports Brasil,Roberto Firmino mengaku tawaran pertama datang di tahun 2023. Itu setelah kontraknya habis dengan Liverpool. Tawaran kedua datang di tahun 2025 ini. Namun karena tidak berjodoh, sang striker pun tidak merumput di Bernabeu. SCROLL TO CONTINUE WITH CONTENT  ""Ada minat dari Real Madrid di tahun 2023 setelah kontrak saya habis dengan Liverpool dan di tahun 2025 baru-baru ini,"" bukaRoberto Firmino. ""Tahun 2023, tawarannya lebih konkrit. Namun sayangnya ada beberapa faktor, seperti misalnya saya bukan pilihan utama atau kedua jadi harus menunggu. Bukannya saya tidak sabar, tapi saya harus menunggu,"" sambungnya. ""Lalu tawaran dari Al Ahli datang. Saya berdoa dan memutuskan untuk dapatkan yang terbaik, jadi saya pergi ke Arab Saudi,"" tambahnya.  Real Madridsempat cari sosok penyerang tengah selepas Karim Benzema pergi. Sempat ada Joselu lalu kini ada Kylian Mbappe. Meski nama terakhir, notabenenya merupakan penyerang sayap. Roberto Firminomenangkan titel Liga Champions Asia bersama Al Ahli. Di musim panas 2025, pemain berusia 34 tahun itu direkrut klub Qatar, Al Sadd. Sebelumnya, Firmino sukses di Liverpool pada periode 2012-2023. ""Tentu saja, Real Madrid adalah klub besar. Akan menjadi suatu kehormatan yang luar biasa jika bisa bermain di sana,"" tutup Firmino yang sedikit menyesali gagal berseragam Los Blancos.",,Detik,liga_spanyol,
Piala Dunia U-17 2025: Indonesia Rapuh Banget di Babak Pertama,"Timnas Indonesiasudah kebobolan banyak gol diPiala Dunia U-17 2025. Garuda Muda rapuh banget saat paruh pertama laga. Dalam dua pertandingan, Indonesia kebobolan tujuh gol. Pada pertandingan pertama, Indonesia kalah 1-3 dari Zambia, lalu digilas oleh Brasil 0-4. Indonesia rapuh banget saat babak pertama. Gawang tim asuhan Nova Arianto itu kebobolan sebanyak enam kali. SCROLL TO CONTINUE WITH CONTENT  Rinciannya, Indonesia kebobolan dalam rentang menit ke-1 sampai ke-15 sebanyak sekali. Paling banyak, Indonesia kebobolan pada rentang menit ke-31 sampai ke-45 dengan torehan lima gol. Satu gol masuk ke gawangIndonesiapada menit ke-61 sampai menit ke-75. Indonesia bersih dari kebobolan pada menit ke-16 sampai menit ke-30, menit ke-46 sampai menit ke-60, dan menit ke-76 sampai menit ke-90. Indonesia bisa mencetak satu gol di Piala Dunia U-17 2025. Zahaby Gholy pencetak golnya, yang dikemas saat pertandingan melawan Zambia. Rincian gol ke gawang Indonesia di Piala Dunia U-17 2025 bisa dilihat di bawah ini.  Jumlah Gol: 7Babak I: 6Babak II: 1Menit Gol 1-15: 1Menit Gol 16-30: 0Menit Gol 31-45: 5Menit Gol 46-60: 0Menit Gol 61-75: 1Menit Gol 76-90: 0  ",,Detik,liga_spanyol,
Vinicius Minta Maaf,"PenyerangReal MadridVinicius Juniormeminta maaf usai marah-marah karena ditarik keluar dalam laga melawanBarcelonaakhir pekan lalu. Ia mengaku lepas kontrol. ""Hari ini saya meminta maaf kepada seluruh fan Madrid atas reaksi saya ketika diganti dalam laga El Clasico,"" tulis Vini di media sosial pada Rabu (29/10/2025).""Seperti yang saya lakukan di sesi latihan hari ini, saya juga ingin meminta maaf kepada rekan setim, klub, dan presiden. Terkadang gairah saya terlalu menguasai diri. Sifat kompetitif saya berasal dari rasa cinta saya pada klub ini dan segala hal yang diwakilinya.""  SCROLL TO CONTINUE WITH CONTENT ""Saya berjanji akan terus berjuang setiap saat demi kebaikan Real Madrid, seperti yang sudah saya lakukan sejak hari pertama,"" jelas pemain asal Brasil itu. Vinicius diganti oleh Rodrygo di menit ke-72 dalam laga di Santiago Bernabeu, Minggu (26/10) kemarin. Itu menjadi ketujuh kalinya ia diganti dalam 10 laga menjadi starter. Ia meluapkan kekesalannya saat ditarik keluar. Kalimat ""selalu aku"" keluar dari mulutnya, dan ia sempat pergi menuju ruang ganti ketika laga belum usai, namun kemudian kembali ke pinggir lapangan. Madrid menang 2-1 di laga tersebut.  Musim ini, Vinicius telah menyumbang lima gol dan empat asis dalam 10 penampilan di Liga Spanyol. Namun laporan di Spanyol menyebut hubungannya dengan pelatih Xabi Alonso tak berjalan mulus. Situasi kontraknya juga rumit. Ia akan habis kontrak pada Juni 2027, namun hingga kini kesepakatan baru belum tercapai. Madrid dikabarkan belum bersedia memenuhi proposal gaji dan bonus yang diminta oleh Vinicius.",,Detik,liga_spanyol,
"Mbappe Terima Sepatu Emas Eropa, Pengin Lama di Madrid","SuperstarReal MadridKylian Mbappebaru saja menerima trofi Sepatu Emas Eropa 2024/2025. Mbappe mengungkapkan hasratnya ingin selama mungkin memperkuat Madrid. Gelar tersebut didapatkan Mbappe setelah membukukan 31 gol di LaLiga musim lalu, musim pertamanya berkostum Los Blancos. Penyerant top Prancis itu mengumpulkan 62 poin, mengungguli Viktor Gyokeres (Sporting CP) yang memperoleh 58,5 poin, dan Mohamed Salah (Liverpool) dengan 58 poin.  SCROLL TO CONTINUE WITH CONTENT Sepatu Emas Eropa tersebut bisa dibilang jadi pelipur lara bagiKylian Mbappe. Pasalnya, Madrid nirgelar di musim lalu setelah finis runner-up di LaLiga dan Copa del Rey, serta terdepak di Liga Champions. ""Sebuah kegembiraan bagiku bisa memenangi Sepatu Emas,"" ungkap dia dalam seremoni di Santiago Bernabeu pada Jumat (31/10/2025). ""Ini adalah saat yang penting buatku, ini kali pertama aku memenangi penghargaan ini. ""Penghargaan yang sangat berarti bagiku sebagai seorang penyerang. Kuharap kami akan memenangi gelar penting di musim ini, itulah yang terpenting, memenangi gelar kolektif.""  ""Kuharap aku bisa berada di sini selama mungkin dan memenangi penghargaan semacam ini berkali-kali,"" imbuh Mbappe dilansirESPN. Kylian Mbappemasih terikat kontrak denganReal Madridsampai 2029. Pemain berusia 26 tahun itu memulai musim ini dengan cemerlang usai membukukan 11 gol di LaLiga, atau 16 gol dalam 13 pertandingan secara keseluruhan.",,Detik,liga_spanyol,
Barcelona Vs Elche: Blaugrana Menang 3-1,"BarcelonamenjamuElchedalam lanjutan LaLiga. Blaugrana menuntaskan laga dengan kemenangan. Barcelona vs Elche berlangsung di Stadion Olimpiade Lluís Companys, Senin (3/11/2025) dini hari WIB. Pasukan Hansi Flick menang 3-1. Gol-gol Barca dicetak oleh Lamine Yamal, Ferran Torres, dan Marcus Rashford. Elche cuma mencetak gol lewat Rafa Mir. SCROLL TO CONTINUE WITH CONTENT Barca saat ini ada di posisi kedua dengan 25 poin. Los Cules tertinggal lima angka dari Real Madrid yang ada di puncak klasemen.  Jalannya Pertandingan Barca sudah memimpin 1-0 di menit kesembilan. Lamine Yama membobol gawang Elche lewat tembakannya di dalam kotak penalti. Tiga menit berselang, Barca memperbesar keunggulan menjadi 2-0. Kali ini gol dicetak oleh Ferran Torres. Elche bisa memperkecil ketertinggalan menjadi 1-2 di menit ke-42 melalui Rafa Mir. skor tersebut bertahan sampai turun minum. Rafa Mir hampir menyamakan skor di babak kedua atau tepatnya pada menit ke-54. Dia melepaskan tembakan dari dalam kotak penalti, namun bola mengenai tiang. Barcelona memperbesar keunggulan menjadi 3-1 di menit ke-61. Marcus Rashford membobol gawang Elche lewat tembakan kerasnya yang gagal dibendung kiper Inaki Pena. Tak ada gol tambahan tercipta di sisa waktu. Barca pun kembali menang setelah pada akhir pekan lalu dikalahkan Real Madrid. Susunan Pemain: Barcelona: Szczesny; Kounde, Araujo, Eric Garcia, Balde; Casado, De Jong, Fermín Lopez; Lamine Yamal, Rashford, Ferran Torres. Elche: Inaki Pena; Alvaro Nunez, Affengruber, Bigas, Pedrosa; Martim Neto, Febas, Marc Aguado, Germán Valera, Rafa Mir, Andre Silva.",,Detik,liga_spanyol,
Trent Ungkap Peran 'Agen' Bellingham dalam Kepindahannya ke Madrid,"Trent Alexander-Arnoldmengungkap ada peranJude Bellinghamdalam kepindahannya keReal Madrid. Puja-puji Bellingham soal Madrid menarik hati Trent. Trent gabung Madrid pada musim panas lalu dengan kontrak enam tahun. Ia pindah ke Spanyol setelah kontraknya diLiverpoolberakhir. Trent menyusul Bellingham yang sudah jadi pemain Los Blancos sejak musim panas 2023. Trent pun mengakui kompatriotnya itu turut berperan dalam keputusannya untuk pindah ke Madrid. SCROLL TO CONTINUE WITH CONTENT Trent menyebut cerita Bellingham soal Madrid sukses meyakinkannya. Pemain berusia 27 tahun itu mengaku butuh tantangan baru usai di Liverpool sejak masuk akademi.  ""Ada banyak spekulasi, soal 'agen Jude',"" ujar Trent kepada Prime Video Sport. ""Waktu itu musim pertamanya (di Real), kami bertemu di timnas Inggris dan semua orang kepengin tahu seperti apa di balik layarnya."" ""Dia bilang luar biasa dan belum pernah melihat yang seperti itu. Dorongan dari seluruh klub, untuk juara dan ekspektasi untuk juara."" ""Dia menyanjung tinggi klub, dan saya sudah memutuskan di akhir hari, saya butuh perubahan untuk diri saya. Saya menginginkan tantangan baru di dalam dan luar lapangan,"" katanya.  ",,Detik,liga_spanyol,
"Belum Puas, Atletico Mau Belanja Lagi Januari","PetinggiAtletico Madridrupanya belum puas dengan skuad saat ini. Los Colchoneros berencana memboyong sejumlah pemain baru musim dingin nanti. Atletico jadi tim paling aktif di bursa tranfer musim panas LaLiga 2025/2026. Mereka menghabiskan 176 juta euro untuk memboyong 11 pemain dengan Alex Baena jadi pembelian termahal senilai 42 juta euro. Meski demikian, Atletico mengawali musim dengan sedikit tersendat sebelum kini bisa berada di posisi keempat klasemen LaLiga karena tidak terkalahkan di 10 laga terakhir. SCROLL TO CONTINUE WITH CONTENT Sementara di Liga Champions, Atletico sudah kalah dua kali dari tiga pertandingan awal. Sejauh ini, nama-nama seperti Baena, Thiago Almada, dan David Hancko masih belum unjuk gigi. Itulah mengapa manajemen Atletico merasa belum sreg dengan aktivitas transfer musim panas kemarin. Manajemen melihat masih ada beberapa pos yang harus diperbaiki, terutama di sektor bek kiri dan gelandang.  Performa mengecewakan Mateo Ruggeri membuat Atletico berencana mencari pengganti. Sementara Conor Gallagher bakal dilepas karena tidak lagi jadi pilihan utama di musim kedua. ""Siapapun yang mengenal saya tahu (cara kerja saya); saya tidak mau membatasi diri. Saya ingin mencapai prestasi setinggi mungkin, yang mana sudah dikatakan CEO Miguel Angel Gil Marin kepada saya. Saya akan mencoba sebaik mungkin,"" ujar Direktur Olahraga Atletico Mateu Alemany kepadaMundo Deportivo. ""Kami akan menganalisa semuanya ketika memasuki bulan Oktober, lalu kami lihat siapa saja pemain yang bisa kami gaet untuk membuat skuad lebih baik."" ",,Detik,liga_spanyol,
Real Madrid Happy Bisa Clean Sheet Lagi,"Real Madridkembali memetik kemenangan di Liga Spanyol. Menaklukan Valencia, El Real happy bisa clean sheet lagi. Bertanding di Stadio Santiago Bernabeu, Madrid menang atas Valencia 4-0. Dalam laga, Minggu (2/11/2025), Kylian Mbappe mencetak brace, gol lain dikemas oleh Jude Bellingham dan Alvaro Carreras. Kemenangan ini membuat Madrid mampu menjaga jarak dari pesaing-pesaingnya di klasemen Liga Spanyol. Madrid kini mengumpulkan 30 poin, berjarak tujuh angka dari Villarreal di posisi kedua. SCROLL TO CONTINUE WITH CONTENT  Sementara dengan Barcelona,Madridkini unggul delapan poin. Tapi, Los Cules belum memainkan laga ke-11. Carreras menegaskan bahwa kemenangan ini penting untuk Madrid menjaga jarak poin dari pesaing-pesaingnya. ""Kami tahu bahwa sangat penting untuk terus ada di papan atas. Kami menjalaninya satu laga demi satu laga. Kami sudah fokus ke laga berikutnya, tapi kami tahu bahwa laga ini penting untuk mempertahankan keunggulan kami,"" kata Carreras di situs Madrid.  Catatan clean sheet kali ini merupakan keenam di semua ajang yang dicatatkanMadridmusim ini. Sebagai pemain belakang, Carreras pun merasa bangga dengan pencapaian itu. ""Kami mempunyai mentalitas yang sangat penting. Saat kami menekan setelah kehilangan bla, kami sangat bagus, dan menjaga tetap bersih dari kebobolan akan memberi kami banyak kemenangan,"" kata Carreras lagi. ",,Detik,liga_spanyol,
Lamine Yamal Pemain Muda Termahal 2025,"Lamine Yamaldinobatkan sebagai pesepakbola muda dengan nilai pasar termahal di dunia. BintangBarcelonaitu punya valuasi mencapai hampir Rp 7 triliun! CIES Football Observatorymerilis daftar pesepakbola muda di bawah usia 20 tahun dengan nilai pasar tertinggi di 2025 berdasarkan model statistik yang mereka kembangkan. Yamal menduduki daftar teratas dari 10 nama yang dirilis. Yamal disebutCIES Football Observatorypunya valuasi 350 juta euro (Rp 6,7 triliun). Pemain berusia 18 tahun itu memiliki nilai pasar tinggi berkat performa topnya bersama Barcelona dan Timnas Spanyol. SCROLL TO CONTINUE WITH CONTENT  Lamine Yamal sudah membukukan 30 gol dan 40 assist sejak debut bersama Barcelona pada 2023. Dia juga berhasil mempersembahkan gelar Piala Eropa buat Timnas Spanyol. Estevao menjadi pemain muda dengan nilai valuasi terbesar kedua. Winger berusia 18 tahun ini punya nilai pasaran 118 juta euro. Pau Cubarsi menempati urutan ketiga dalam daftarCIES Football Observatorydengan valuasi 112 juta euro. Selanjutnya ada nama Franco Mastantuono (102 juta euro) Warren Zaire-Emery (92 juta euro) yang mengisi lima besar daftar pemain muda bernilai pasar tertinggi. Top estimated transfer values, football teenagers 🌏🥇#LamineYamal🇪🇸 €3⃣5⃣0⃣M 👀🥈#Estevao🇧🇷 €1⃣1⃣8⃣M🥉#PauCubarsi🇪🇸 €1⃣1⃣3⃣M#Mastantuono🇦🇷#ZaireEmery🇫🇷#Nwaneri🏴󠁧󠁢󠁥󠁮󠁧󠁿#LewisSkelly🏴󠁧󠁢󠁥󠁮󠁧󠁿#Quenda🇵🇹#Endrick🇧🇷#Bergvall🇸🇪Top 💯 👉https://t.co/1mOxi5L1BOpic.twitter.com/qGWhyP3fWw  Daftar Pemain Muda dengan Nilai Pasar Tertinggi Versi CIES Football Observatory 1. Lamine Yamal (Barcelona): 350 juta euro2. Estevao Willian (Chelsea): 118 juta euro3. Pau Cubarsí (Barcelona): 113 juta euro4. Franco Mastantuono (Real Madrid): 102 juta euro5. Warren Zaïre-Emery (PSG): 92 juta euro6. Ethan Nwaneri (Arsenal): 88 juta euro7. Miles Lewis-Skelly (Arsenal): 85 juta euro8. Geovany Quenda (Sporting CP): 80 juta euro9. Endrick (Real Madrid): 73 juta euro10. Lucas Bergvall (Tottenham): 68 juta euro.  ",,Detik,liga_spanyol,
"Union Berlin Vs Bayern: Imbang 2-2, Laju Sempurna Die Roten Terhenti","Rentetan kemenanganBayern Munichdi musim 2025/2026 terhenti di tanganUnion Berlin. Bayern harus puas dengan hasil seri 2-2 usai dua kali tertinggal. LagaUnion Berlin vs Bayerndi pekan ke-10Bundesligadigelar di Stadion An der Alten Forsterei, Berlin, Sabtu (8/11/2025) malam WIB. Bayern datang dengan catatan 16 kemenangan beruntun di semua kompetisi sejak awal musim. Union Berlin sempat menjebol gawang Bayern pada menit kesembilan lewat sundulan Ilyas Ansah usai memanfaatkan sepak pojok. Namun, setelah mengecek VAR, wasit menganulir gol tersebut karena offside. SCROLL TO CONTINUE WITH CONTENT Gawang Bayern akhirnya benar-benar bobol pada menit ke-27. Berawal dari sepak pojok Janik Haberer, Danilho Doekhi yang ada di kotak penalti lantas melepaskan tembakan mendatar. Kiper Bayern Manuel Neuer gagal menangkap dengan sempurna dan bola masuk ke gawang.  Bayern mencetak gol balasan pada menit ke-38 lewat Luis Diaz. Dari sudut sempit di sisi kiri kotak penalti Union Berlin, Luis Diaz melepaskan tembakan dengan kanannya. Luis Diaz menyia-nyiakan sebuah peluang bagus pada menit ke-45. Meski tinggal menghadapi kiper Union Berlin, Luis Diaz gagal mengarahkan sepakannya ke gawang. Pada injury time, Harry Kane sempat membobol gawang Union Berlin. Namun, gol tidak disahkan wasit karena Kane lebih dulu berada dalam posisi offside. Union Berlin kembali memimpin pada menit ke-83. Danilho Doekhi menyambar bola rebound untuk menjebol gawang Neuer.  Bayern lantas selamat dari kekalahan berkat gol Kane pada injury time. Kane menanduk bola umpan silang Tom Bischof untuk mengubah skor menjadi 2-2. Dengan hasil ini, Bayern masih nyaman di puncak klasemen Liga Jerman dengan 28 poin dari 10 laga. Sementara Union Berlin ada di urutan ke-10 dengan 12 poin. Susunan Pemain Union Berlin: Ronnow, Haberer (Juranovic 70'), Doekhi, Querfeld, Diogo Leite, Rothe (Kohn 78'), Burke (Jeong 78'), Khedira, Kemlein (Kral 70'), Schafer, Ansah (Skarke 78') Bayern Munich: Neuer, Laimer (Bischof 80'), Upamecano, Tah, Stanisic, Kimmich, Goretzka (Pavlovic 80'), Olise, Gnabry (Karl 59'), Luis Diaz, Kane",,Detik,liga_spanyol,
"Atletico Vs Levante: Griezmann 2 Gol, Los Colchoneros Menang 3-1","Atletico Madridmelanjutkan tren kemenangan di LaLiga.Antoine Griezmannmenyumbang dua gol Atletico untuk mengalahkan Levante dengan skor akhir 3-1. LagaAtletico Madrid vs Levanteberlangsung di Metropolitano pada Minggu (9/11) dinihari WIB. Griezmann jadi bintang Los Colchoneros dari bangku cadangan. Dengan kemenangan ini, Atletico kini menghuni posisi empat klasemen usai mengoleksi 25 poin dari 12 pertandingan. Atletico berjarak lima poin dari Real Madrid di puncak dan mempunyai perolehan yang sama dengan Barcelona di posisi tiga. Kedua klub yang disebut terakhir baru akan bermain hari ini. SCROLL TO CONTINUE WITH CONTENT Atletico Madrid start dengan kencang setelah diuntungkan dengan gol bunuh diri bek Levante, Dela. Crossing Pablo Barrios ditepis Mathew Ryan. Bola kemudian membentur Dela sebelum masuk ke gawangnya sendiri. Atletico unggul 1-0 di menit ke-12.  Levante menciptakan gol balasan pada 11 menit kemudian. Gol Manuel Sanchez menyamakan skor 1-1. Sepak pojok di sayap kanan dilontarkan Jon Olagasti. Bola menemui Manuel Sanchez yang berdiri tidak terkawal di depan kotak 6 yard. Sanchez menuntaskan umpan lambung itu dengan sundulan, menaklukkan Jan Oblak. Keunggulan Atletico baru bertambah setelah turun minum. Antoine Griezmann langsung menciptakan dampak instan. Hanya sesaat setelah masuk ke lapangan, Griezmann menciptakan gol kedua Atletico untuk mengubah skor jadi 2-1. Marcos Llorente mengirim umpan silang, yang diselesaikan Griezmann dengan sontekan ke gawang yang kosong.  Griezmann hampir saja mencetak gol keduanya tidak lama kemudian. Sebuah crossing dari sayap disambut Griezmann dengan tandukan, meski bola melambung tipis. Gol ketiga yang ditunggu-tunggu Atletico akhirnya terlahir pada menit ke-80. Griezmann mencecar bola rebound di dalam kotak penalti untuk diceploskan ke gawang Levante. Atletico 3, Levante 1, yang menandai hasil akhir pertandingan.  Susunan Pemain ATLETICO MADRID: Jan Oblak, Marcos Llorente, Jose Maria Gimenez, David Hancko, Matteo Ruggeri (Molina 79'), Alex Baena (Gallagher 79'), Pablo Barrios (Griezmann 61'), Koke, Giu Simeone (Nico Gonzalez 73'), Alexander Sorloth (Almada 61') Julian Alvarez LEVANTE: Mathew Ryan, Jeremy Toljan (Victor Garcia 86'), Dela, Matias Moreno, Manuel Sanchez (Matturo 86'), Jon Olagasti (Koyalipou 74'), Kervin Arriaga, Unai Elgezabal (Oriol Rey 85'), Carlos Alvarez, Etta Eyong, Roger Brugue (Jose Morales 74')",,Detik,liga_spanyol,
Hansi Flick Mau Tinggalkan Barcelona?,"Hansi Flickpunya kontrak diBarcelonasampai musim panas 2027. Ada kabar, juru taktik asal Jerman itu mau cabut di akhir musim ini. Hansi Flick dikontrakBarcelonasejak musim panas 2024. Masa baktinya selama tiga tahun. Di musim debutnya, Flick bawa Barca sapu bersih titel domestik. Flick juga mampu memoles para pemain muda jadi lebih menggigit. SCROLL TO CONTINUE WITH CONTENT  Dirangkum dari media-media Spanyol,Hansi Flickdikabarkan mau tinggalkanBarcelonalebih cepat. Pria berusia 60 tahun itu mau cabut di akhir musim 2025/26 alias di musim panas mendatang. Rumornya, Flick tidak puas dengan manajemen Barcelona terkait transfer pemain. Apa daya, Blaugrana memang tidak punya banyak uang untuk boyong pemain-pemain baru.   Hansi Flickturut dikabarkan lelah mengurusi para pemain soal disiplin. Selain itu, Flick juga tidak puas dengan kinerja tim medis karena badai cedera terus-terusan datang menghantam skuadnya. Yang pasti, itu masih sebatas rumor. Belum ada tanggapan dari Flick sendiri atau dari pihak klub. Andai Flick beneran akan pergi, maka Barca... ya harus segera cari pengganti. Siapa nih yang cocok jadi penerusnya?",,Detik,liga_spanyol,
Real Madrid Tim yang Komplet,"Kemenangan atasValencia4-0 membuktikanReal Madridadalah tim yang lengkap. Los Blancos tak hanya tajam di depan tapi juga tangguh di belakang. Real Madrid meraih kemenangan meyakinkan 4-0 atas Valencia pada laga lanjutan LaLiga di Santiago Bernabeu, Minggu (2/11/2025). Empat gol kemenangan El Real lahir lewat brace Kylian Mbappe, serta torehan Jude Bellingham dan Alvaro Carreras. Kemenangan ini membawa Los Blancos semakin kukuh di puncak klasemen LaLiga. Madrid meraih 30 angka unggul tujuh poin dari Villarreal di urutan kedua. SCROLL TO CONTINUE WITH CONTENT Pelatih Madrid, Xabi Alonso, sangat puas dengan performa anak asuhannya di laga ini. Ia menilai Madrid menjadi tim yang sangat lengkap di laga ini.  Mereka begitu tajam di lini depan dengan Kylian Mbappe sebagai tumpuan. Lini tengah mereka juga tampil baik dalam mengatur ritme. Lini belakang Madrid juga tampil solid. Mereka mampu menorehkan cleansheet di laga ini. Madrid memang tampil begitu dominan sepanjang laga. Mereka mencatatkan penguasaan bola sebesar 66 persen dengan melepas 19 tembakan. Valencia hanya punya 34 persen penguasaan bola dengan cuma tiga kali melakukan percobaan tembakan. ""Mbappé mencetak dua gol, yang merupakan cara yang bagus untuk memastikan Anda tetap bersaing di akhir musim, dan tiga poin lagi, yang merupakan cara yang bagus untuk memastikan Anda dapat bersaing memperebutkan gelar. Ritme tim bagus. Kami tidak kebobolan satu gol pun,cleansheetlainnya,"" ujar Alonso dikutip dari situs Madrid. ""Itu adalah pertandingan yang komprehensif dan serius dengan energi yang luar biasa. Kami memulai dengan sangat energik, dengan banyak pergerakan dan penguasaan bola yang baik. Kami merebut kembali bola dengan cepat dan memimpin. Kemudian kami mengatur segalanya dengan baik dan, secara keseluruhan, itu adalah penampilan yang lengkap,"" jelasnya. ",,Detik,liga_spanyol,
"'Real Madrid Tidak Akan Hukum Vinicius, tapi...'","Vinicius Juniorkabarnya tidak akan mendapatkan hukuman dariReal Madridatas reaksinya yang marah-marah setelah ditarik keluar dalam El Clasico akhir pekan lalu. MenurutESPN, yang merujuk pada sumbernya, tindakan pesepakbola asal Brasil tersebut tidak membuat petinggi klub bakal menjatuhkan sanksi. Di sisi lain, Vinicius mungkin tidak akan lolos sepenuhnya dari potensi hukuman. Itu dikarenakan Xabi Alonso, pelatih Real Madrid, tetap diperkenankan untuk membuat keputusan teknis termasuk perihal hukuman. SCROLL TO CONTINUE WITH CONTENT ESPNsebelumnya melaporkan bahwa hubungan Vinicius Jr dan Xabi Alonso mengalami keretakan akibat respons si pesepakbola saat ditarik keluar pelatihnya.  Menurut laporan tersebut, Vinicius Jr dan Xabi Alonso akan melakukan pembicaraan secara langsung pada saat para pemain Real Madrid kembali berlatih pada hari Rabu (29/10/2025) ini. Lebih jauh seputar potensi hukuman dari Xabi Alonso kepada Vinicius Jr, seorang juru bicara klub enggan memberikan komentar kepada ESPN seraya menegaskan masalah kedisiplinan sepenuhnya merupakan urusan internal. Musim iniVinicius Jrsudah tiga kali ditepikanXabi Alonsodari daftar starting XIReal Madrid. Hal itu pula yang kabarnya sudah bikin si pesepakbola gerah. Dalam beberapa bulan terakhir, pembicaraan kontrak baru dengan Vinicius Jr kabarnya juga mengalami stagnasi. Kontraknya di Real Madrid masih berjalan sampai tahun 2027.  ",,Detik,liga_spanyol,
"Klasemen Liga Spanyol: Meski Menang, Barcelona Masih di Bawah Real Madrid","Barcelonamengemas kemenangan atasElchedalam lanjutanLaLiga 2025/2026. Meski begitu, Blaugrana masih di bawahReal Madriddiklasemen Liga Spanyol.Barcelona menghadapi Elche di Estadi Olimpic Lluis Companys, Senin (3/11/2025) dini hari WIB. Blaugrana menang 3-1 lewat gol Lamine Yamal, Ferran Torres, dan Marcus Rashford.Hasil itu membuat Barcelona kini mengemas 25 poin dari 11 laga di peringkat dua klasemen Liga Spanyol. Tim asuhan Hansi Flick masih tertinggal lima angka dari Real Madrid, yang memimpin dengan 30 poin.Di saat bersamaan, Real Betis juga berhasil naik ke posisi lima klasemen dengan 19 poin. Hasil itu diraih usai Antony dkk mengatasi Real Mallorca 3-0.Betis masih di bawah Villarreal (23) dan Atletico Madrid (22), yang berada di empat besarklasemen Liga Spanyol. Sementara Mallorca terbenam di posisi 17 dengan 9 poin, hanya berjarak 2 angka dari zona merah.  Klik di Sini untuk Update Klasemen Liga Spanyol SCROLL TO CONTINUE WITH CONTENT ",,Detik,liga_spanyol,
"Klasemen Liga Italia Jelang Bologna Vs Napoli, Inter Vs Lazio","Persaingan di papan atasklasemen Liga Italiakian panas di giornata 11 Serie A. Berikut situasinya, secara khusus menjelang lagaBologna vs NapolidanInter Milan vs Lazio. Sejumlah tim sudah memainkan pertandingan ke-11 di Serie A musim ini. Salah satunya adalah AC Milan, yang harus puas dengan hasil seri. Melawat ke kandang Parma, Milan cuma bisa pulang membawa 1 poin berkat hasil seri 2-2. Hasil seri lain hadir dalam derby Turin. Juventus vs Torino berakhir tanpa gol alias imbang 0-0. SCROLL TO CONTINUE WITH CONTENT  Dengan hasil-hasil itu, Milan terpaku di posisi kedua papanklasemen Liga Italiadengan 22 poin dari 11 laga. Jumlah yang sama dikoleksi Napoli di posisi puncak. Sedangkan Juventus berada di posisi kelima dengan perolehan 19 poin, unggul satu angka saja dari Bologna yang berada di bawahnya. Persaingan di papan atas ini berpotensi tambah sengit mengingat ada sejumlah pertandingan yang baru akan dimainkan sepanjang hari Minggu (9/11/2025) malam WIB sampai dengan Senin (10/11) dini hari.  Di antara laga-laga itu adalah Bologna vs Napoli, AS Roma vs Udinese, dan Inter vs Lazio, alias pertandingan yang melibatkan tim-tim papan atas diklasemen Liga Italiauntuk sementara ini.",,Detik,liga_italia,
Jadwal Liga Italia Minggu Ini: Waktunya Derby Turin dan Inter Vs Lazio!,"Liga Italiamemainkangiornatakesebelas akhir pekan ini. Ada duelJuventus vs Torinodalam Derby Turin, sertaInter MilankontraLazio. Pekan kesebelasSerie Adibuka pada Sabtu (8/11/2025) dini hari WIB. Laga Pisa kontra Cremonese, klub yang diperkuat Emil Audero Mulyadi, jadi pembukanya. Bergeser pada Minggu (9/11) dini hari WIB ada pertandingan dua klub asal Turin, Juventus dan Torino. Laga bertajuk Derby Turin ini digelar di Allianz Stadium. SCROLL TO CONTINUE WITH CONTENT  Pada hari yang sama, AC Milan bertandang ke markas Parma. Napli juga menjalani laga tandang menghadapi Bologna. Pertandingan away turut dijalani Sassuolo, klub yang diperkuat Jay Idzes. I Neroverdi bertandang ke markas Atalanta. Laga hari Senin (10/11) dini hari WIB mempertemukan AS Roma vs Udinese. Inter vs Lazio jadi sajian penutup giornata kesebelas. Persaingan papan atas Liga Italia bisa dibilang paling ketat di lima liga top Eropa sejauh ini. 4 tim bersaing sengit dengan hanya berjarak 1 poin saja.  Napoli sementara ini berada di puncak klasemen Serie A dengan 22 poin dari 10 laga. Partenopei ditempel ketat Inter Milan, AC Milan, dan AS Roma yang sama-sama mengoleksi 21 poin. Sabtu (8/11)02.45 WIB: Pisa vs Cremonese21.00 WIB: Como vs Cagliari21.00 WIB: Lecce vs Verona. Minggu (9/11)00.00 WIB: Juventus vs Torino02.45 WIB: Parma vs AC Milan18.30 WIB: Atalanta vs Sassuolo21.00 WIB: Bologna vs Napoli21.00 WIB: Genoa vs Fiorentina. Senin (10/11)00.00 WIB: AS Roma vs Udinese02.45 WIB: Inter Milan vs Lazio. ",,Detik,liga_italia,
Atalanta Panas! Pelatih dan Striker Cekcok,"Situasi Atalanta lagi memanas. Ini setelah pelatihIvan Juricdan strikerAdemola Lookmancekcok. Duh, kenapa? Lookman bermain sebagai starter saat Atalanta menghadapi Olympique Marseille, Kamis (6/11/2025) dini hari WIB, di matchday keempatLiga Champions 2025/2026. Tapi, Lookman diganti pada menit ke-75 dalam posisi skor 0-0. Pemain asal Nigeria itu cuma mencatatkan dua shot sepanjang di lapangan sehingga dirasa butuh penyegaran di lini serang. SCROLL TO CONTINUE WITH CONTENT Namun, Lookman tidak senang dengan keputusan Juric tersebut. Saat melewati Juric, Lookman seperti berkata sesuatu kepada pelatihnya yang berujung keributan. Juric berbalik badan dan menarik tangan Lookman, sehingga beberapa staf pelatih sampai harus melerai keduanya. Beruntung cekcok itu tidak berlangsung lama. Untungnya Atalanta menang 1-0 lewat gol Lazar Samardzic pada menit ke-89. Insiden itu membuat rumor masa depan Lookman kembali memanas.  Sebab, Lookman meminta dijual ke Inter Milan musim panas lalu, tapi Atalanta menolak karena harga yang ditawarkan tidak sesuai. Lookman bahkan tidak mau berlatih bareng tim sebelum akhirnya melunak karena dirayu Juric. Ini bukan pertama kalinya Lookman bertengkar dengan pelatih Atalanta.  [Gambas:Twitter]   Musim lalu, Lookman mengkritik mantan pelatih Atalanta Gian Piero Gasperini, yang menyinggung catatan penaltinya yang buruk. Itu setelah Lookman gagal mengeksekusi penalti saat menghadapi Club Brugge. Lookman yang dibeli dari Leicester City pada 2022 punya 53 gol dari 127 laga bersama Atalanta. Dia mencetak hat-trick saat Atalanta juara Liga Europa ke gawang Bayer Leverkusen di partai final. Akankah Lookman tetap lanjut di Atalanta Januari nanti? ",,Detik,liga_italia,
"Klasemen Liga Italia: AC Milan Sikat AS Roma, 4 Besar Masih Panas","AC Milanmenjaga persainganSerie Atetap panas. Itu setelah Rossoneri menekukAS Roma, berikut updateklasemen Liga Italiadi pekan ke-10. Big match tersaji di pekan ke-10 Serie A saat Milan vs Roma digelar di San Siro, Senin (3/11/2025) dini hari WIB. Rossoneri menang 1-0 lewat gol tunggal Strahinja Pavlovic.  SCROLL TO CONTINUE WITH CONTENT Hasil itu membuat Milan masih menjaga posisinya dalam jalur persaingan juara. Tim asuhan Massimiliano Allegri kini mengemas 21 poin dari 10 laga di posisi ketiga klasemen liga Italia, naik satu peringkat dari pekan sebelumnya. Milan cuma di bawah Napoli (22) dan Inter Milan (21), yang di posisi tiga usai unggul selisih gol. Sementara Christian Pulisic dkk juga unggul selisih gol atas Roma, yang harus turun ke posisi 4 dengan 21 poin. Bologna, yang juga menang 3-1 atas Parma, naik ke peringkat 5klasemen Liga Italiadengan 18 poin. Juventus mengekor di posisi 6 dengan 18 poin, sementara Como turun ke posisi 7 dengan 17 poin. Udinese naik ke peringkat 8 dengan 15 poin, dan Cremonese (14) serta Sassuolo (13) turun ke posisi 9 dan 10. Klik di Sini untuk Update Klasemen Liga Italia ",,Detik,liga_italia,
Parma Vs Milan: Laga yang Tak Mudah Untuk Rossoneri,"PelatihAC Milan,Massimiliano Allegri, menilai laga melawanParmatakkan mudah untuk tim asuhannya. Apalagi, Milan sering kesulitan saat bertandang ke markas lawan. AC Milan akan bertandang ke markas Parma, Ernio Tardini, pada laga lanjutan Liga Italia, Minggu (9/11/2025). Rossoneri saat ini berada di peringkat ketiga Serie A dengan 21 poin. Poin mereka sama dengan Inter Milan di posisi kedua. Milan juga hanya tertinggal satu angka dari Napoli di puncak. SCROLL TO CONTINUE WITH CONTENT Sementara, Parma terpuruk di peringkat ke-17 dengan baru meraih tujuh poin. Menilik dari hal ini, Il Diavolo lebih diunggulkan meraih tiga angka. Pelatih Milan, Massimiliano Allegri, tapi tak mau menganggap remeh Parma. Ia menilai laga melawan Rossoblu tetap tak mudah untuk anak asuhannya.  Apalagi pada musim lalu, Milan kalah di kandang Parma 1-3. Selain itu perbedaan peringkat di Serie A tak terlalu berpengaruh di lapangan menurut Allegri. Milan yang mulai kesulitan meraih tiga angka saat tandang juga jadi sorotan Allegri. Terakhir kali, Milan meriah kemenangan saat tandang adalah saat menang 3-0 atas Udinese September lalu. Tiga laga tanda berikutnya Milan selalu berakhir imbang. Milan tetap harus berkerja keras untuk meraih tiga angka dari Parma. ""Bermain di Parma tidak pernah mudah. Milan kalah di sana tahun lalu. Musim ini, kami hanya meraih satu poin melawan Pisa dan Cremonese, jadi kami harus siap secara mental untuk pertandingan yang tidak akan mudah. Kami belum pernah menang tandang sejak pertandingan melawan Udinese,"" ujar Allegri dikutip dari Football Italia. ""Kami harus menempatkan diri pada level mental yang sama dengan Parma. Jika kami bisa berlari sesering mereka, kualitas teknik kami yang superior akan terlihat,""jelasnya. ",,Detik,liga_italia,
Juventus Vs Udinese: Si Nyonya Tua Menang 3-1,"Juventusmeraih kemenangan 3-1 atasUdinesedi kandang. Bianconeri mengakhiri puasa kemenangan yang terjadi dalam delapan laga sebelumnya. Juventus menjamu Udinese di Allianz Stadium pada laga lanjutan Liga Italia, Kamis (30/10/2025). Si Nyonya Tua bisa unggul cepat di menit ke-4 lewat penalti Dusan Vlahovic. Namun pada menit akhir babak pertama, Juventus kecolongan. Nicolo Zainolo bikin gol penyama kedudukan di menit ke-45+1. SCROLL TO CONTINUE WITH CONTENT Pada babak kedua, Federico Gatti mencetak gol kemenangan Juventus pada menit ke-67. Pada menit akhir laga, penalti Kenan Yildiz memastikan Juventus menang 3-1. Juventus akhirnya kembali meraih tiga angka setelah delapan laga beruntun tanpa kemenangan. Hasil ini membawa Juventus ke peringkat keenam dengan 15 poin. Udinese di posisi ke-9 dengan 12 angka.  Jalannya Pertandingan Tuan rumah mengambil inisiatif menyerang di awal laga. Tekanan Juventus berbuah hadiah penalti ketika laga baru berjalan empat menit. Lois Openda yang bergerak di sisi kanan kotak penalti melepas umpan tarik. Bila bisa dijangkau oleh Dusan Vlahovic. Saba Goglichidze mengganggu laju Vlahovic dengan melakukan tekel sambil menarik kaosnya. Wasit menunjuk titik putih. Vlahovic yang maju sebagai eksekutor menjalankan tugasnya dengan baik. Eksekusi mendatarnya ke pojok kanan gawang mengecoh Maduka Okoye. Juventus bisa mencetak gol kedua di menit ke-17. Ia bisa menyontek umpan dari Weston McKennie di sisi kiri. Namun, gol ini dianulir karena Vlahovic lebih dulu offside. Vlahovic kembali punya kesempatan di menit ke-34. Ia mampu menanduk bola kiriman sepak pojok. Namun, sundulannya masih melambung. Juventus terus menekan. Filip Kostic menusuk lalu melepas sepakan terukur. Okoye masih sigap dengan bisa menepis bola. Udinese yang lebih banyak tertekan justru bisa mencuri gol penyama kedudukan di menit akhir babak pertama. Zebra kecil mengawali serangan setelah bisa merebut bola dari Manuel Locatelli di depan kotak penalti. Adam Buksa melancarkan sepakan dari dalam kotak penalti. Tembakannya bisa diblok tapi bola liar didapat oleh Nicolo Zaniolo. Zaniolo dengan cerdik menempatkan bola ke pojok bawah gawang dengan kaki kirinya. Skor 1-1 bertahan hingga babak pertama tuntas. Juventus masih dominan selepas jeda. Lois Openda mencoba mengancam tapi tembakannya masih bisa diamankan Okoye. Bianconeri mengembalikan keunggulan di menit ke-67. Berawal dari sepak pojok Juventus yang bisa dihalau pemain Udinese bola kembali ke pemain Juventus di sisi kanan. Andrea Cambiaso memberikan umpan silang ke tiang jauh. Umpannya disundul oleh Federico Gatti. Tandukan Gatti tak kuasa dibendung Okoye. Juventus hampir menambah gol di menit ke-78 lewat aksi individu dari Kenan Yildiz. Ia menusuk dari sisi lalu melancarkan sepakan yang tak terjangkau Okoye. Gol urung tercipta karena bola menerpa tiang. Pada menit ke-90+6, Goglichidze kembali melakukan pelanggaran yang berbuah penalti untuk Juventus. Kali ini, ia mejegal Yildiz. Yildiz yang maju sebagai penendang mengecoh Okoye. Juventus menang 3-1. Susunan Pemain Juventus:DiGregorio; Kalulu, Gatti, Kelly; Cambiaso, Locatelli, McKennie, Kostic; Yildiz; Openda, Vlahovic Udinese:Okoye; Goglichidze, Kabasele, Solet; Ehizibue, Piotrowski, Karlstrom, Atta, Kamara; Zaniolo, Davis",,Detik,liga_italia,
Sassuolo Vs Genoa: Jay Idzes Cs Tumbang 1-2,"Jay Idzestampil penuh saatSassuolomenjamuGenoadalam lanjutanSerie A. I Neroverdi menyerah 1-2. Giornata kesepuluh Liga Italia mempertemukan Sassuolo vs Genoa. Pertandingan digelar di Mapei Stadium, Selasa (4/11/2025) dini hari WIB. Jay Idzes bermain sebagai starter untuk Sassuolo. Kapten Timnas Indonesia ini ditempatkan sebagai bek tengah. SCROLL TO CONTINUE WITH CONTENT  Genoa mengejutkan tuan rumah di menit ke-18. Ruslan Malinovskyi sukses mencetak gol. Malinovskyi membobol gawang Sassuolo dengan tembakan kerasnya usai menerima bola muntah tepisan Arijanet Muric. Genoa unggul 1-0 hingga turun minum. Sassuolo menyamakan kedudukan di awal babak kedua, tepatnya menit ke-47. Domenico Berardi mencetak gol untuk tim tuan rumah dan membawa kedudukan sama kuat 1-1. Genoa berhasil mencuri gol kemenangan di injury time. Bek Leo Ostigard membobol Sassuolo lewat bola tandukannya di depan gawang, menyambut tendangan bebas Caricol.  Gol Ostigard menjadi penutup pertandingan di Mapei Stadium. Laga tuntas untuk kemenangan Genoa 2-1 atas Sassuolo. Jay Idzes tidak tergantikan sepanjang laga Sassuolo vs Genoa. Bang Jay mendapat rating 6,0 dari Sofascore, paling rendah di antara bek-bek I Neroverdi lainnya yang menjadi starter. Ini menjadi kemenangan pertama Genoa di Liga Italia 2025/2026. Genoa naik ke posisi 18 dengan 6 poin, Sassuolo tertahan di urutan ke-11 dengan 13 poin. Susunan Pemain Sassuolo: Arijanet Muric; Sebastian Walukiewicz, Jay Idzes, Tarik Muharemovic, Josh Doig; Kristian Thorstvedt, Nemanja Matic, Ismael Kone; Domenico Berardi, Andrea Pinamonti, Armand Lauriente. Genoa: Nicola Leali; Johan Vazquez, Leo Ostigard, Alessandro Marcandalli; Aaron Martin, Morten Thorsby, Morten Frendrup, Ruslan Malinovskyi, Brooke Norton-Cuffy; Vitor Oliveira, Lorenzo Colombo. ",,Detik,liga_italia,
"Genoa Vs Cremonese: Emil Audero Clean Sheet, Diapresiasi Pelatih","Emil Audero Mulyadimencatatkan clean sheet dan membawaCremonesemenang di markasGenoa. Aksi kiper Timnas Indonesia itu mendapat pujian sang pelatih. GiornatakesembilanLiga ItaliamempertemukanGenoa vs Cremonese. Pertandingan digelar di Stadion Luigi Ferraris, Kamis (30/10/2025) dini hari WIB. Emil Audero tampil sebagai starter untuk Cremonese. Ini menandai comeback kiper berusia 28 tahun itu setelah absen sejak September 2025 akibat cedera. SCROLL TO CONTINUE WITH CONTENT  Kembalinya Emil Audero memberikan rasa aman di lini belakang Cremonese. Tim tamu berhasil mengakhiri laga dengan kemenangan 2-0 atas Genoa. Emil Audero Mulyadi bermain oke sepanjang laga Genoa vs Cremonese. Dia mencatatkan sekali penyelamatan di dalam kotak penalti, serta mencegah gawangnya kebobolan dengan memblok bola sepakan on target Morten Frendrup di menit ke-82. Performa gacor Emil Mulyadi menjaga gawang diapresiasi pelatih Cremonese,Davide Nicola. Dia memuji lini belakang tim yang tampil disiplin hingga tak kebobolan.  ""Kerja bagus untuk semua pemain bertahan. Tidak kebobolan gol adalah kepuasan yang luar biasa bagi saya dan para pemain saya, terutama mereka yang berada di lini belakang,"" kata Nicola, dilansir dariCremona Sport Hasil ini mengakhiri puasa kemenangan Cremonese dalam enam laga terakhir.La Cremojuga berhasil clean sheet untuk pertama kalinya sejak diimbangi Parma tanpa gol, laga terakhir Emil Audero sebelum cedera, pada 21 September. Tambahan 3 angka membawa Cremonese naik ke posisi 8 klasemen sementara Liga Italia dengan 14 poin. Tim promosi Serie A ini sudah meraih 3 kemenangan, 5 imbang, dan sekali kalah.  ",,Detik,liga_italia,
Ronaldo: Tak Adil Tentukan GOAT dari Titel Piala Dunia,"Cristiano Ronaldotak terlalu memusingkan soalPiala Dunia.Baginya tidak adil menentukan status pemain terbaik dalam sejarah hanya karena menang Piala Dunia. Sudah banyak prestasi yang ditorehkan Ronaldo dalam 20 tahun lebih karier sepakbolanya. KaptenTimnas Portugalitu telah meraih banyak trofi bergengsi di level klub dan tim nasional. Bersama Timnas Portugal, Ronaldo sudah memenangkan titel Piala Eropa dan UEFA Nations League. Dia tercatat sebagai top skor sepakbola internasional dengan 143 gol, sementara rekening golnya apabila digabung bersama klub-klub yang dibelanya berada di angka 952. SCROLL TO CONTINUE WITH CONTENT  Piala Dunia jadi satu-satunya trofi yang belum didapatkan Ronaldo. CR7 sudah lima kali tampil di Piala Dunia, tapi pencapaian terbaiknya hanya semifinalis edisi 2006. Alhasil, tak sedikit yang menilai Ronaldo belum layak disebut pemain terbaik sepanjang masa (GOAT) karena tak pernah angkat trofi Piala Dunia. Berbeda dengan rival utamanya di dunia sepakbola,Lionel Messi, yang juara bersama Timnas Argentina tahun 2022. Piala Dunia 2026 jadi kesempatan terakhir Ronaldo untuk menjadi juara dunia. Pemain berusia 40 tahun ini mengaku tak terlalu ambisius mengejar titel juara, lantaran trofi tersebut tak akan menodai catatan emasnya di lapangan hijau.  🚨🚨🎙️| Cristiano Ronaldo on World Cup: ""You want a competition with 6 or 7 games to define if I am the best in history, you think that's fair?""""If you ask me if it's a dream to win the World Cup, no it's not a dream!""[@PiersUncensored]pic.twitter.com/LU8LVtK2eW  ""Jika Anda bertanya kepadaku, Cristiano, apakah memenangkan Piala Dunia adalah sebuah mimpi? Tidak, itu bukan mimpi,"" kata Ronaldo dalam wawancara dengan Piers Morgan, dilansir dariESPN. ""Mendefinisikan apa? Mendefinisikan apakah aku salah satu yang terbaik dalam sejarah, memenangkan satu turnamen [yang hanya terdiri dari] enam pertandingan, tujuh pertandingan. Menurut Anda itu adil?"" ujarnya. ",,Detik,liga_italia,
Cristiano Ronaldo Plin-plan soal Piala Dunia?,"Cristiano Ronaldodinilai plin-plan soal Piala Dunia. Pernah sebut memenangi trofi itu adalah mimpi terbesar, tapi kini sepertinya tidak lagi. Dalam wawancara dengan Piers Morgan di akun Youtube pribadi milik Cristiano Ronaldo, CR7 menjawab pertanyaan soal kariernya, rencana pensiun, sampai terdekat Piala Dunia 2026.  SCROLL TO CONTINUE WITH CONTENT Timnas Portugalselangkah lagi lolos kePiala Dunia 2026.Mereka sedang jalani Kualifikasi Zona Eropa dan butuh satu dari dua laga lagi kontra Irlandia dan Armenia pada November nanti. Titel Piala Dunia belum pernah masuk lemariCristiano Ronaldo.Akankah CR7 berambisi memenanginya di tahun depan? Sekaligus tentu, mengukuhkan gelar GOAT (Greatest of All Time)? ""Jika Anda bertanya kepadaku, Cristiano, apakah memenangkan Piala Dunia adalah sebuah mimpi? Tidak, itu bukan mimpi,"" kata Ronaldo. ""Mendefinisikan apa? Mendefinisikan apakah aku salah satu yang terbaik dalam sejarah, memenangkan satu turnamen (yang hanya terdiri dari) enam pertandingan, tujuh pertandingan. Menurut Anda itu adil?"" sambung pemain berusia 40 tahun itu.  Di Piala Dunia 2022 kemarin setelah Timnas Portugal dikalahkan Maroko di perempatfinal,Cristiano Ronaldotampak terpukul. Tangisnya pecah ketika timnya tersingkir. Ditambah, pelatih Portugal saat itu yakni Fernando Santos mencadangkan Ronaldo di beberapa laga sepanjang turnamen. CR7 pun harus mengalah dan menghangatkan bangku cadangan. Selepas Portugal tersingkir, Ronaldo menulis kata-kata sedih di sosmed pribadinya. Ronaldo ungkap, mimpi terbesarnya adalah bawa Portugal raih titel Piala Dunia. ""Memenangkan Piala Dunia untuk Portugal adalah impian terbesar dan terambisius dalam karieku. Aku berjuang untuk itu. Aku berjuang keras untuk mimpi itu. Dalam lima edisi Piala Dunia yang aku ikuti selama 16 tahun, selalu bersama para pemain hebat dan didukung oleh jutaan rakyat Portugal, aku memberikan segalanya. Aku memberikan segalanya di lapangan. Aku tidak pernah takut berjuang dan tidak pernah menyerah untuk mimpi itu,"" tulisnya.  Ronaldo sudah persembahkan titel juara Piala Eropa dan dua kali menangi UEFA Nations League buatTimnas Portugal.AkankahPiala Dunia 2026nanti jadi panggung terakhirnya bersama A Selecao? Atas perkataan terbaru Ronaldo, dirinya dicap plin-plan oleh banyak penggemar sepakbola. Duh... ",,Detik,liga_italia,
"Cagliari Vs Sassuolo: Jay Idzes Main Penuh, I Neroverdi Menang 2-1","Jay Idzesmain penuh saat Sassuolo melawat ke markas Cagliari. I Neroverdi menang 2-1 dalam lanjutan Serie A itu. Cagliari vs Sassuolo digelar di Unipol Domus, Cagliari, Jumat (31/10/2025) dini hari WIB. Jay Idzes jadi starter di lini belakang tim tamu. Di laga itu, Idzes bisa menjaga lini belakang Sassulo dengan apik. Meski digempur Cagliari sejak awal, tim asuhan Fabio Grosso mampu bertahan dengan apik. SCROLL TO CONTINUE WITH CONTENT Hingga babak pertama tuntas, skor 0-0 bisa bertahan. Pada babak kedua, Sassuolo malah bisa unggul atas Cagliari. Armand Lauriente membawa keunggulan 1-0 untukSassuolopada menit ke-54. Tendangan bebasnya langsung masuk ke gawangCagliari. Cagliari coba menekan, namun upayanya bisa diredam barisan belakang Sassuolo. Jay Idzes beberapa kali menyapu tiap bola yang datang. Gol kedua kemudian dicetak Sassuolo pada menit ke-65. Andrea Pinamonti melesakkan bola ke gawang Cagliari lewat serangan yang dibangun rekan-rekannya. Skor menjadi 2-0. Cagliari kemudian menipiskan ketertinggalan di menit ke-73. Sebastian Esposito merobek gawang Aro Muric. Skor menjadi 1-2. Di sisa waktu, Sassuolo bisa menjaga keunggulannya dengan baik. Cagliari sulit menambah golnya, dan akhirnya tetap kalah sampai laga tuntas. Kemenangan membuatSassuolosementara berada di peringkat 10 klasemen Serie A dengan 13 poin. SementaraCagliaritertahan di posisi 14 dengan 9 poin dari 9 laga.  Susunan Pemain Cagliari: Elia Caprile, Ze Pedro, Adam Obert, Gabriele Zappa (Mattia Felici 62'), Michael Folorunsho (Gianluca Gaetano 62'), Michel Adopo (Luca Mazzitelli 84'), Matteo Prati, Riyad Idrissi, Marco Palestra, Sebastiano Esposito (Zito Luvumbo 83'u), Gennaro Borrelli (Leonardo Pavoletti 76') Sassuolo: Aro Muric, Fali Cande, Jay Idzes, Woyo Coulibaly, Sebastian Walukiewicz, Nemanja Matic, Ismael Konate (Edoardo Iannoni 85'), Kristian Thorstvedt (Aster Vranckx 74'), Andrea Pinamonti (Luca Moro 74'), Armand Lauriente (Alieu Fadera 74'), Cristian Volpato (Walid Cheddira 85')",,Detik,liga_italia,
Piala Dunia U-17 2025: Indonesia Rapuh Banget di Babak Pertama,"Timnas Indonesiasudah kebobolan banyak gol diPiala Dunia U-17 2025. Garuda Muda rapuh banget saat paruh pertama laga. Dalam dua pertandingan, Indonesia kebobolan tujuh gol. Pada pertandingan pertama, Indonesia kalah 1-3 dari Zambia, lalu digilas oleh Brasil 0-4. Indonesia rapuh banget saat babak pertama. Gawang tim asuhan Nova Arianto itu kebobolan sebanyak enam kali. SCROLL TO CONTINUE WITH CONTENT  Rinciannya, Indonesia kebobolan dalam rentang menit ke-1 sampai ke-15 sebanyak sekali. Paling banyak, Indonesia kebobolan pada rentang menit ke-31 sampai ke-45 dengan torehan lima gol. Satu gol masuk ke gawangIndonesiapada menit ke-61 sampai menit ke-75. Indonesia bersih dari kebobolan pada menit ke-16 sampai menit ke-30, menit ke-46 sampai menit ke-60, dan menit ke-76 sampai menit ke-90. Indonesia bisa mencetak satu gol di Piala Dunia U-17 2025. Zahaby Gholy pencetak golnya, yang dikemas saat pertandingan melawan Zambia. Rincian gol ke gawang Indonesia di Piala Dunia U-17 2025 bisa dilihat di bawah ini.  Jumlah Gol: 7Babak I: 6Babak II: 1Menit Gol 1-15: 1Menit Gol 16-30: 0Menit Gol 31-45: 5Menit Gol 46-60: 0Menit Gol 61-75: 1Menit Gol 76-90: 0  ",,Detik,liga_italia,
Cremonese Vs Juventus: Bianconeri Menang 2-1 di Debut Spalletti,"Juventusmenandai era barunya bersamaLuciano Spallettidengan kemenangan atasCremonese. Juventus mengalahkan Emil Audero dkk. dengan skor 2-1. LagaCremonese vs Juventusdi pekan ke-10Serie Adigelar di Stadio Giovanni Zini, Minggu (2/11/2025) dini hari WIB. Ini jadi pertandingan pertama Juventus bersama Spalletti di kursi pelatih usai Igor Tudor dipecat. Filip Kostic membawa Juventus unggul cepat di awal babak pertama. Pada paruh kedua, Andrea Cambiaso menambah gol Juventus sebelum Jamie Vardy menipiskan skor untuk Cremonese. SCROLL TO CONTINUE WITH CONTENT Dengan kemenangan ini, Juventus naik ke peringkat kelimaklasemen Liga Italiadengan 18 poin dari 10 laga. Sementara Cremonese ada di urutan kesembilan dengan 14 poin.  Jalannya Pertandingan Juventus sudah membuka keunggulan saat pertandingan baru berjalan 85 detik. Filip Kostic mencetak gol pertama Juventus di era Spalletti. Gol ini berawal dari umpan tumit Lois Openda di kotak penalti yang dimaksudkan oleh Dusan Vlahovic. Namun, bola mengenai pemain Cremonese dan mengarah ke Kostic yang ada di tiang jauh. Tak terkawal, Kostic langsung melesakkan bola ke gawang. Terus memberikan tekanan, Juventus mendapat peluang lewat Vlahovic yang menggiring bola dari lapangan tengah. Tendangannya kemudian memaksaEmil Auderomelakukan penyelamatan. Juventus nyaris menambah gol pada menit ke-26. Tendangan Manuel Locatelli ditepis Audero dan bola membentur tiang gawang.  Memasuki babak kedua, Cremonese yang tertinggal satu gol mencoba mengambil inisiatif menyerang. Tembakan Jari Vandeputte membuat Michele Di Gregorio melakukan penyelamatan. Juventus menggandakan keunggulannya pada menit ke-68. Kali ini giliran Andrea Cambiaso yang membobol gawang Audero. Gol ini berawal dari umpan tarik Francisco Conceicao yang mengenai pemain Cremonese. Bola muntah langsung disambar oleh Cambiaso dan jadi gol. Cremonese memperkecil ketertinggalan pada menit ke-83. Umpan lambung Dennis Johnsen jatuh ke kaki Jamie Vardy. Vardy mampu melepaskan diri dari kawalan Gatti dan masuk ke kotak penalti untuk menaklukkan Di Gregorio. Susunan Pemain Cremonese: Audero; Terracciano (Johnsen 81'), Baschirotto, Bianchetti; Barbieri, Payero, Bondo (Sarmiento 62'), Vandeputte, Floriani Mussolini (Vazquez 71'); Bonazzoli (Faye 71'), Vardy Juventus: Di Gregorio; McKennie (Rugani 85'), Kalulu, Gatti, Cambiaso; Koopmeiners, Locatelli, K Thuram (Joao Mario 79'); Openda (Conceicao 64'), Vlahovic (David 85'), Kostic (Adzic 79') ",,Detik,liga_italia,
5 Saves Audero Gagal Hindarkan Cremonese dari Kekalahan Lawan Pisa,"Emil Audero Mulyaditampil apik saatCremonesemenghadapiPisadengan bikin lima penyelamatan. Namun hal itu tak cukup menghindarkan Cremonese dari kekalahan 0-1. Pisa vs Cremonese pada lanjutan Serie A berlangsung di Stadio Romeo Anconetani, Sabtu (8/11/2025). Penjaga gawang Timnas Indonesia, Emil Audero Mulyadi tampil sebagai starter di laga ini. Cremonese tampil dominan di laga ini. Mereka mencatatkan penguasaan bola sebesar 63 persen dibanding Pisa yang hanya 37 persen. SCROLL TO CONTINUE WITH CONTENT Namun, Pisa tetap mampu tampil mengancam lewat serangan cepat. Mereka total melepas 14 tembakan dengan enam mengarah ke gawang Sementara, Cremonese bikin 12 percobaan dengan empaton target. Tekanan Pisa bikin Audero harus berkerja keras melakukan lima kali penyelamatan di laga ini. Pada menit ke-25, Pisa sempat bikin gol lewat M'bala Nzola. Namun gol tersebut dianulir karena Nzola lebih duluoffside. Ketangguhan Audero di bawah mistar Cremonese akhrinya runtuh di menit ke-75. Umpan silang Matteo Tramoni dari sisi kiri bisa ditanduk oleh Idrissa Toure.  Sundulan terukur Toure tak kuasa dibendung oleh Audero. Cremonese gagal membalas gol dari Toure ini. Tim tamu harus rela kalah 0-1. Cremonese saat ini berada di peringkat ke-10 dengan 14 poin. Sementara, Pisa di urutan ke-16 usai meraih sembilan angka. Kemenangan atas Cremonese merupakan tiga poin pertama Pisa di Serie A musim ini. Untuk Audero, laga melawan Pisa merupakan penampilan ketujuhnya di Serie A musim ini. Kiper berdarah Mataram ini sebelumnya sempat absen akibat cedera otot betis. Ia mencatatkan tiga kalicleansheetdan kebobolan enam gol di Serie A musim ini. ",,Detik,liga_italia,
"Sedap Sekali, Sucic","Petar Sucicmencetak gol debutnya untukInter Milan. Caranya pun tak biasa ketika Sucic menari-nari di pertahananFiorentina. Top! Inter menjamu Fiorentina di Giuseppe Meazza, Kamis (30/10/2025) dini hari WIB, pada pekan kesembilan Liga Italia. Ini jadi momen Inter untuk bangkit setelah kekalahan dari Napoli akhir pekan kemarin. Setelah berimbang tanpa gol di babak pertama, Inter memecah kebuntuan pada menit ke-66 lewat sepakan roket Hakan Calhanoglu dari luar kotak penalti. Sucic menggandakan keunggulan tiga menit berselang, sebelum penalti Calhanoglu di menit ke-88 memastikan kemenangan 3-0. SCROLL TO CONTINUE WITH CONTENT Bagi Sucic, ini adalah gol pertamanya sejak gabung Inter Juni lalu dan dia merayakannya penuh suka cita bareng rekan-rekan di sudut lapangan. Bahkan caranya mencetak gol juga tidak biasa.  Mendapat umpan pendek di depan kotak penalti, Sucic lepas dari kawalan pemain Fiorentina dan mengecoh Pietro Comuzzo sebelum menembak ke pojok kanan gawang David de Gea.  [Gambas:Twitter]   Selama 90 menit di lapangan, Sucic punya akurasi umpan 91 persen (42 dari 46 percobaan), lalu membuat satu peluang untuk rekannya, dan dua kali melepaskan tembakan. ""Senang sekali bisa mencetak gol pertama saya dan saya benar-benar bahagia. Saya bekerja keras untuk itu, tapi tentu saja yang terpenting adalah kami tampil bagus dan menang. Saya senang bisa bikin gol, tapi yang terpenting hasilnya,"" ujar Sucic di Football Italia. ",,Detik,liga_italia,
Perang Komentar Presiden Inter Vs Conte soal Wasit,"PresidenInter MilanBeppe Marottadan pelatihNapoliAntonio Contemasih perang opini soal wasit di Serie A. Ini terjadi usai kemenangan Napoli atas Inter. Napoli mengalahkan Inter dengan skor 3-1 di pekan kedelapan Serie A di Stadion Diego Armando Maradona pada 25 Oktober. Usai pertandingan, Marotta mengkritik keputusan wasit soal penalti untuk Napoli. Marotta sampai datang ke konferensi pers usai pertandingan untuk menyampaikan keluhannya itu. Ia menilai wasit terlalu gampang terpengaruh. SCROLL TO CONTINUE WITH CONTENT Tindakan Marotta yang menyampaikan keluhannya dalam konferensi pers usai pertandingan itu mendapat tanggapan dari Conte. Conte berharap sikap Marotta itu tidak memengaruhi wasit.  ""Ketika Presiden datang untuk bicara di depan media, mereka mengira mereka mengirim pesan yang kuat dan memengaruhi narasi. Kami di sini bukan untuk merengek, tapi kami juga tidak bodoh,"" ucap Conte kala itu menanggapi kehadiran Marotta di konferensi pers. Conte kembali ditanya soal wasit dalam konferensi pers jelang pertandingan Napoli di Liga Champions, Senin (3/11/2025). ""Ketika Anda mulai membahas wasit, meski sedikit, dan mengangkat masalah, mereka jadi bingung. Anda sudah melihatnya. Begitu seseorang angkat bicara, semua jadi kacau,"" ucap Conte.  ""Wasit mungkin sudah melihat dengan benar! Kalau Anda memanggilnya, itu karena Anda berpikir ada kesalahan, tapi dalam beberapa kasus, mereka sudah mengambil keputusan tepat. Kami harus hat-hati, situasinya rawan. Mari kita bekerja sama, tapi dengan cara yang tepat, tidak seperti di masa lalu."" Ditanya soal komentar Conte, Marotta menjawab dengan blak-blakan. Ia tak mau ambil pusing opini mantan pelatih Inter itu. ""Saya tidak mau menjawabnya. Dia bebas mengatakan hal-hal tertentu. Kalau ada respek dan demokrasi, semua orang bebas mengekspresikan keyakinannya. Semuanya baik-baik saja,"" kata Marotta.  ",,Detik,liga_italia,
Juventus Akhirnya Menang Lagi!,"Kemenangan atasUdinesemembuatJuventusmengakhiri puasa kemenangan. Si Nyonya sebelumnya gagal menang dalam delapan laga secara beruntun. Juventus meraih kemenangan 3-1 atas Udinese di Allianz Stadium pada laga lanjutan Liga Italia, Kamis (30/10). Si Nyonya Tua membuka keunggulan lewat penalti Dusan Vlahovic. Namun pada menit akhir babak pertama, Juventus kecolongan. Nicolo Zainolo bikin gol penyama kedudukan di menit ke-45+1. SCROLL TO CONTINUE WITH CONTENT Pada babak kedua, Federico Gatti mencetak gol kemenangan Juventus pada menit ke-67. Pada menit akhir, penalti Kenan Yildiz memastikan Bianconeri menang. Hasil ini membawa Juventus ke peringkat keenam. Mereka meraih 15 poin. Keberhasilan menumbangkan Udinese juga mengakhiri puasa kemenangan yang sebelumnya dialami Juventus. Klub asa Turin ini sebelumnya gagal menang di delapan laga beruntun di semua ajang.  Delapan laga tersebut dilalui Juventus dengan lima hasil imbang dan tiga kekalahan. Tiga kekalahan terjadi di secara beruntun sebelum laga melawan Udinese. Kemenangan terakhir Juventus sebelum melawan Udinese terjadi saat melawan Inter Milan. Kemenangan atas Si Ular hadir pada laga yang digelar satu bulan lalu pada 13 September. Juventus juga akhirnya bisa kembali mencetak gol usai tiga kali bobol gawang Zebra Kecil. Mereka tak bikin gol di empat laga sebelumnya. Rentetan hasil buruk yang sebelumnya diterima Juventus tersebut membuat Igor Tudor dipecat dari kursi pelatih pekan ini. Juventus didampingi oleh pelatih caretaker Massimo Brambilla di sisi lapangan saat mengalahkan Udinese. Juventus dilaporkan akan segera menunjuk pelatih baru. Mantan pelatih Napoli dan Timnas Italia Luciano Spalletti santer dikabarkan jadi kandidat terkuat pelatih Juventus. Mampukah pelatih baru nanti melanjutkan laju kemenangan Juventus yang sudah diawali oleh Brambilla?",,Detik,liga_italia,
Parma VS Milan: Pulisic Bakal Comeback!,"Christian Pulisicbakalcomebackdari cedera saatAC MilanmenghadapiParma. Hadrinya Pulisic bakal menambah kreativitas di lini serang Milan. AC Milan akan bertandang ke Ernio Tardini, markas Parma, pada laga lanjutan Liga Italia, Minggu (9/11/2025). Rossoneri memburu tiga poin di laga ini demi terus bisa bersaing untuk berada di puncak klasemen. Milan saat ini berada di peringkat ketiga Serie A dengan 21 poin. Poin mereka sama dengan Inter Milan di posisi kedua dan Napoli hanya tertinggal satu angka dari Napoli di puncak. SCROLL TO CONTINUE WITH CONTENT Kabar baik menghampiri Milan menjelang laga ini. Christian Pulisic sudah fit untuk bermain melawan Parma.  Pemain asal Amerika Serikat ini sebelumnya harus absen akibat cedera. Ia tak tampil di empat laga terakhir Milan akibat cedera tersebut. Hadirnya Pulisic tentu bakal menambah daya serang Il Diavolo. Mantan pemain Chelsea ini telah menyumbang enam gol dan dua assist di musim ini. Kemampuan Pulisic bermain di berbagai posis juga bakal bikin lini serang Milan lebih cair. Pelatih Milan,Massimiliano Allegri, memastikan bahwa Pulisic sudah siap tampil melawan Parma. Meski begitu, Milan masih tanpa sejumlah pilar melawan Rossoblu.. Pelvis Estupinan dan Ardon Jashari kondisinya masih diragukan untuk bisa fit. Sementara, Adrien Rabiot dan Santiago Gimenez dipastikan absen dan kemungkinan baru pulih usai jeda internasional. ""Pulisic sudah pulih akan bisa bermain. Estupinan dan Jashari masih memulihkan kondisi. Rabiot akan tetap absen dan kembali setelah jeda, seperti halnya Gimenez,"" ujar Allegri dikutip dari Football Italia.  ",,Detik,liga_italia,
Spalletti: Semoga Juventus Bisa Ikut Perebutan Scudetto,"Luciano Spallettiberjanji mengembalikanJuventusdalam persaingan Scudetto. Sebab, musim masih panjang sehingga apapun bisa terjadi. Spalletti baru saja diresmikan sebagai pelatih baru Juventus menggantikan Igor Tudor yang dipecat awal pekan ini, setelah performa buruk tim di awal musim. Spalletti dikontrak sampai akhir tahun. Spalletti akan diperpanjang sampai 2027 jika mampu membawa Juventus finis empat besar. Tapi, empat besar saja tidak cukup untuk Spalletti karena dia yakin Juventus bisa lebih dari itu. SCROLL TO CONTINUE WITH CONTENT Sebab, Juventus punya skuad yang mumpuni untuk bersaing memperebutkan Scudetto. Apalagi dengan 29 partai tersisa, Juventus masih berpeluang untuk menyalip tim-tim di atasnya.  Saat ini Juventus ada di posisi ketujuh klasemen Serie A dengan 15 poin dari sembilan laga, selisih enam poin dari Napoli di puncak dan tiga poin dari AC Milan di urutan keempat. ""Saya harap saya bisa membawa tim ini bangkit dan bersaing memperebutkan Scudetto. Itulah yang kami bicarakan dengan pemain kemarin. Kami harus punya target tinggi dan dalam hal ini target utama adalah persaingan juara. Baru sembilan laga berlalu, masih ada 29 lagi,"" ujar Spalletti di Football-Italia. ""Saya sudah melihat banyak hal selama 30 tahun karier saya. Saya rasa saya tidak boleh cepat puas. Saya jelas menghormati kualitas pemain di sini."" ",,Detik,liga_italia,
"Emil Audero Cleen Sheet, Bawa Cremonese Menang 2-0 atas Genoa","Emil Audero Mulyadikembali dipercaya jadi kiper utamaCremoneseusai pulih dari cedera. Ia mampu mencatatkanclean sheetuntuk membantu Cremonese menang 2-0 atasGenoa. Cremonese bertandang ke markas Genoa, Stadion Luigi Ferraris, pada laga lanjutan Liga Italia, Kamis (30/10/2025). Kiper Timnas Indonesia, Emil Audero Mulyadi, tampil sebagai starter di laga ini. Audero kembali diandalkan pelatih Cremonese, Davide Nicola, di bawah mistar usai pulih dari cedera. Ini merupakan laga comeback Audero usai mengalami cedera betis pada awal Oktober lalu SCROLL TO CONTINUE WITH CONTENT Audero sempat absen di dua laga akibat cedera betis. Pada laga sebelumnya, Audero sebenarnya sudah pulih tapi Nicola memilih hanya menempatkannya di bangku cadangan. Kepercayaan yang diberikan oleh Nicola di laga melawan Genoa tak disia-siakan oleh Audero. Kiper 28 tahun ini tampil solid di bawah mistar gawang Cremonese. Pria berdarah Mataram ini mampu mencatatkanclean sheetdi laga ini. Kukuhnya lini belakang Cremonese turut membantu torehan Audero tersebut.  Genoa hanya bikin satu tembakan sepanjang laga. Satu tembakan tersebut bisa diamankan oleh Audero. Ia juga bikin dua tinjuan dan dua sapuan di laga ini. Clean sheet Audero turut membantu Cremonese memenangi laga melawan Genoa 2-0. Dua gol tim tamu diborang oleh Federico Bonazolli yang bikin brace. Laga melawan Genoa merupakan penampilan kelima Audero di Serie A musim ini. Ia mampu mengemas tigaclean sheetbersama Cremonese. Cremonese saat ini bertengger di peringkat ke-8 Serie A dengan 14 poin. Torehan yang terbilang apik untuk klub yang berstatus tim promosi ini. ",,Detik,liga_italia,
"Union Berlin Vs Bayern: Imbang 2-2, Laju Sempurna Die Roten Terhenti","Rentetan kemenanganBayern Munichdi musim 2025/2026 terhenti di tanganUnion Berlin. Bayern harus puas dengan hasil seri 2-2 usai dua kali tertinggal. LagaUnion Berlin vs Bayerndi pekan ke-10Bundesligadigelar di Stadion An der Alten Forsterei, Berlin, Sabtu (8/11/2025) malam WIB. Bayern datang dengan catatan 16 kemenangan beruntun di semua kompetisi sejak awal musim. Union Berlin sempat menjebol gawang Bayern pada menit kesembilan lewat sundulan Ilyas Ansah usai memanfaatkan sepak pojok. Namun, setelah mengecek VAR, wasit menganulir gol tersebut karena offside. SCROLL TO CONTINUE WITH CONTENT Gawang Bayern akhirnya benar-benar bobol pada menit ke-27. Berawal dari sepak pojok Janik Haberer, Danilho Doekhi yang ada di kotak penalti lantas melepaskan tembakan mendatar. Kiper Bayern Manuel Neuer gagal menangkap dengan sempurna dan bola masuk ke gawang.  Bayern mencetak gol balasan pada menit ke-38 lewat Luis Diaz. Dari sudut sempit di sisi kiri kotak penalti Union Berlin, Luis Diaz melepaskan tembakan dengan kanannya. Luis Diaz menyia-nyiakan sebuah peluang bagus pada menit ke-45. Meski tinggal menghadapi kiper Union Berlin, Luis Diaz gagal mengarahkan sepakannya ke gawang. Pada injury time, Harry Kane sempat membobol gawang Union Berlin. Namun, gol tidak disahkan wasit karena Kane lebih dulu berada dalam posisi offside. Union Berlin kembali memimpin pada menit ke-83. Danilho Doekhi menyambar bola rebound untuk menjebol gawang Neuer.  Bayern lantas selamat dari kekalahan berkat gol Kane pada injury time. Kane menanduk bola umpan silang Tom Bischof untuk mengubah skor menjadi 2-2. Dengan hasil ini, Bayern masih nyaman di puncak klasemen Liga Jerman dengan 28 poin dari 10 laga. Sementara Union Berlin ada di urutan ke-10 dengan 12 poin. Susunan Pemain Union Berlin: Ronnow, Haberer (Juranovic 70'), Doekhi, Querfeld, Diogo Leite, Rothe (Kohn 78'), Burke (Jeong 78'), Khedira, Kemlein (Kral 70'), Schafer, Ansah (Skarke 78') Bayern Munich: Neuer, Laimer (Bischof 80'), Upamecano, Tah, Stanisic, Kimmich, Goretzka (Pavlovic 80'), Olise, Gnabry (Karl 59'), Luis Diaz, Kane",,Detik,liga_italia,
Milan Disebut Malah Lebih Sip Tanpa Rafael Leao,"AC Milandiredam kala tandang keAtalanta. LegendaRossoneriAlessandro Costacurtamenilai keberadaanRafael Leaojustru lebih banyak merugikan tim. Milan ditahan Atalanta 1-1 dalam laga di Gewiss Stadium, Rabu (29/10/2025) dini hari WIB, dalam lanjutanLiga Italia. Keunggulan yang didapat dari Samuele Ricci gagal dipertahankan usai dibobol Ademola Lookman.  SCROLL TO CONTINUE WITH CONTENT Itu hasil imbang kedua beruntun Milan setelah akhir pekan kemarin ditahan Pisa. Ini juga berarti pasukan Massimiliano Allegri sudah tiga kali imbang dalam empat laga terakhir. Costacurta menilai Milan belum bisa menemukan keseimbangan yang tepat saat memainkan Rafael Leao. Meski sudah mengoleksi empat gol dari enam laga sejauh ini, penyerang 26 tahun itu malah membuat Milan kurang kohesif. ""Milan bermain jauh lebih baik tanpa Leao. Milan kebobolan empat gol dalam tiga pertandingan saat Leao jadi starter,"" kata Costacurta kepadaSky Sport, dikutipFootball Italia.  ""Ketika Leao diganti, Milan tak kebobolan. Itu adalah fakta yang akan memicu diskusi karena dengan Leao, Milan tidak lagi sebuah grup 11 pemain."" Milan selanjutnya sudah ditunggu ujian sulit lain di akhir pekan, kala harus menjamu AS Roma. ",,Detik,liga_italia,
Rekor Penalti Sempurna Paulo Dybala di AS Roma Terhenti,"Paulo Dybalatak pernah gagal mencetak gol penalti sejak gabung keAS Roma. Rekor tersebut terhenti di tangan kiperAC Milan, Mike Maignan. AS Roma menelan kekalahan pada giornata kesepuluhLiga Italia, Senin (3/11/2025). Il Lupi menyerah dari Rossoneri 0-1 dalam laga yang berlangsung di San Siro. Tim tamu sedianya punya kans emas menyamakan kedudukan di menit ke-82. AS Roma mendapat hadiah tendangan penalti menyusul handball pemain Milan, Youssouf Fofana, di kotak terlarang. SCROLL TO CONTINUE WITH CONTENT  Paulo Dybala maju sebagai eksekutor penalti AS Roma. Bola tembakan penaltinya bisa ditepis dengan sempurna oleh Mike Maignan, sekaligus menggagalkan asa Roma mencetak gol. Itu menjadi kegagalan penalti pertama Dybala bersama AS Roma. Pemain asal Argentina ini sebelumnya selalu mencetak gol dari titik putih dari 18 kesempatan sejak gabung ke Roma pada 2022. Kali terakhir Dybala gagal mencetak penalti sebelum menghadapi AC Milan adalah tahun 2021.La Joyakala itu masih membela Juventus saat eksekusi 12 pasnya gagal jadi gol ke gawang Salernitana.  📸 - PAULO DYBALA HAS MISSED THE PENALTY VS AC MILAN!pic.twitter.com/9QvkzUYvb5  Paulo Dybala tak hanya gagal mencetak gol penalti ke gawang AC Milan, tapi juga dihantam cedera setelahnya. Pelatih AS Roma, Gian Piero Gasperini, menyesalkan cedera yang didapat pemainnya itu. ""Hal terburuk dari semua penalti adalah Dybala cedera. Sekarang kita perlu melihat berapa lama dia akan absen, terutama sampai setelah jeda internasional. Ini adalah kehilangan terbesar malam ini,"" kata Gasperini usai lagaAC Milan vs AS Roma, dilansir dariFootball Italia. ",,Detik,liga_italia,
"Juventus Menang, tapi Vlahovic Khawatirkan Satu Kebiasaan Jelek Ini","Juventusmemetik kemenangan atasCremonesedalam lanjutan Serie A. Meski demikian, penyerang JuventusDusan Vlahovicmenyoroti satu kebiasaan buruk timnya. DuelCremonese vs Juventusdi pekan ke-10Serie Adigelar di Stadio Giovanni Zini, Minggu (2/11/2025) dini hari WIB. Bianconeri yang mulai ditangani oleh Luciano Spalletti itu menang 2-1 atas Emil Audero dkk. Juventus unggul cepat lewat gol Filip Kostic pada menit kedua sebelum digandakan oleh Andrea Cambiaso di babak kedua. Namun, Cremonese kemudian bisa menipiskan skor lewat gol Jamie Vardy pada menit ke-81. SCROLL TO CONTINUE WITH CONTENT Vlahovic menilai Juventus main terlalu bertahan pada babak kedua sehingga mengundang Cremonese untuk memberikan tekanan. Menurutnya, ini jadi kebiasaan jelek yang harus segera dihilangkan Juventus.  ""Saya tidak akan bilang kami punya pendekatan yang keliru, di babak kedua, kami punya kebiasaan jelek yang harus kami hilangkan,"" ujar Vlahovic kepada Sky Sport Italia. ""Tanpa alasan kami bertahan terlalu dalam, kami seharusnya terus menekan mereka dan mencetak lebih banyak gol, yang kami sia-siakan. Cremonese juga pantas dapat ucapan selamat, karena mereka sangat menyulitkan dan menolak menyerah."" ""Besok kami akan menganalisis pertandingan, melihat mana yang salah, dan bersiap untuk pertandingan selanjutnya,"" kata Vlahovic menambahkan. Berkat kemenangan ini, Juventus naik ke peringkat kelima klasemen Liga Italia dengan 18 poin. Si Nyonya Tua berikutnya akan menjamu Sporting CP dalam lanjutan Liga Champions, Rabu (5/11/2025) dini hari WIB. ",,Detik,liga_italia,
Spalletti Ingkar Janji,"Luciano Spallettipernah berjanji tidak akan melatih klub Italia lagi setelahNapoli. Tapi, Spalletti malah ingkar janji dengan jadi pelatihJuventus. Juventus akhirnya menunjuk Spalletti sebagai pengganti Igor Tudor yang dipecat karena performa buruk awal musim ini. Tudor gagal memberikan kemenangan di enam pertandingan terakhirnya, termasuk saat kalah 0-1 dari Lazio pekan lalu. Spalletti dikontrak sampai akhir musim dengan opsi perpanjangan setahun jika berhasil mengantarkan Juventus finis empat besar. Kehadiran Spalletti di Juventus jelas akan bikin murka fans Napoli. SCROLL TO CONTINUE WITH CONTENT Sebab, Napoli dan Spalletti punya ikatan emosional yang kuat, setelah berhasil membawa klub meraih Scudetto pada 2023. Itu jadi satu-satunya gelar Spalletti selama dua tahun melatih. Setelah itu Spalletti langsung mundur di akhir musim karena perselisihan dengan Aurelio de Laurentiis selaku presiden. Saat itu Spalletti sempat berjanji tidak mau melatih klub lain di Italia.  Tapi, janji itu malah dilanggar Spalletti dengan menerima tawaran Juventus, yang notabene rival Napoli. Tentu saja Spalletti bisa jadi musuh bersama fans Il Partenopei. Terkait janjinya kala itu, Spalletti coba membela diri dengan menyebut kala itu dia memang belum tertarik menangani tim lain. Barulah kesempatan itu datang dua tahun kemudian. ""Coba saya menambahkan sesuatu soal kalimat-kalimat yang saya katakan soal Nales, Napoli, dan akhir kontrak sekaligus fakta bahwa saya tidak akan melatih klub lain,"" ujar Spalletti di Football Italia. ""Itu merujuk pada musim itu (2022/2023). Tentu saja saya bilang ke presiden jika mereka ingin melepas saya, saya tidak akan pindah ke klub seperti yang saya lakukan. Saya tidak perlu pensiun melatih hanya karena pernah sebentar di Napoli."" ",,Detik,liga_italia,
"Gladbach Kalahkan Koln 3-1, Kevin Diks Cetak Gol Perdana di Bundesliga","Borussia Moenchengladbachberhasil menang melawan FC Koln.Kevin Diksmembuat gol perdananya di Bundesliga Jerman. Gladbach vs Koln berlangsung di Borussia-Park, Minggu (9/11/2025) dini hari WIB. Tuan rumah menang 3-1. Gladbach memimpin 1-0 di injury time babak pertama lewat Philipp Sander. Diks kemudian menggandakan keunggulan timnya menjadi 2-0 di menit ke-61 lewat eksekusi penalti. SCROLL TO CONTINUE WITH CONTENT Haris Tabakovic membuat Gladbach makin di atas angin. Golnya di menit ke-64 membuat Gladbach memimpin 3-0.  FC Koln cuma bisa membalas satu gol di penghujung laga. Luca Waldschmidt mencetak gol lewat titik penalti dan itu membuat Gladbach menang 3-1. Kemenangan ini teramat spesial bagi Diks, yang merupakan pemain Timnas Indonesia. Dia baru musim ini bergabung dengan Gladbach dan pada pertandingan ke-10 di Bundesliga akhirnya bisa mencetak gol. Gladbach naik ke posisi ke-12 dengan sembilan poin. Koln di urutan kesembilan dengan 14 poin.",,Detik,liga_italia,
"Rivan Nurmulki Tak Tersentuh, Bocoran Line-up Timnas Voli Putra Indonesia untuk SEA Games 2025","Ringkasan Berita:Erwin Rusni menyebut line-up utamaTimnas Voli Putra IndonesiauntukSEA Games 2025masih akan sama seperti SEA V League 2025Rivan Nurmulki jadi pilihan paten di posisi oppositeTimnas Voli Putra Indonesia tetap dipatok target medali emas padaSEA Games 2025TRIBUNNEWS.COM-Line-upTimnas Voli Putra IndonesiauntukSEA Games 2025masih akan sama dengan SEA V League lalu.Rivan Nurmulkitak tersentuh di posisi opposite!Perubahan skuadTimnas Voli Putra IndonesiauntukSEA Games 2025yang berlangsung di Thailand, awal Desember mendatang, menghadirkan sorotan baru.Line-up utamaTimnas Voli Putra Indonesiaakankah dirombak oleh pelatih kepalaJeff Jiang Jie, atau mempertahankan kerangka yang ada.Sebab, nama-nama seperti Dio Zulfikri dan Farhan Halim untuk SEA Games 2025 tidak masuk dalam daftar 14 pemain.SKUAD VOLI - Daftar skuad resmi Timnas Voli Putra Indonesia untuk SEA Games 2025 yang berlangsung di Thailand, awal Desember mendatang. Farhan Halim dicoret. (Instagram @indonesian_volleyball)Asisten pelatihTimnas Voli Putra Indonesia,Erwin Rusnimenjelaskan, bahwa hingga detik ini belum ada line-up pasti yang diturunkan untuk SEA Games mendatang. Tetapi dalam sudut pandangnya, kerangka tim utama SEA V League 2025 tidak akan mengalami perubahan signifikan.""Jujur saja untuk saat ini kita (staf kepelatihan-red) masih kesulitan untuk menentukan line-up utama. Tetapi kemungkinan besar masih akan sama seperti SEA V League lalu,"" ujarErwin Rusnikepada Tribunnews, Minggu (9/11/2025) sore WIB.""Untuk middle blocker Hendra dipasangkan sama Tedy Oka, lalu untuk hitter Boy dengan Jordan. Libero ada Fahreza, karena harus diakui dia masih yang terbaik untuk received dan bertahan,"" terangnya menambahkan.""Opposite masih Rivan,"" sambung pria yang semasa aktif menjadi pevoli memperkuat Jakarta Sananta.Di posisi setter, Jasen Natanael Kilanta berpeluang besar menyegel tempat utama, mengingat Dio Zulfikri tidak dibawa keSEA Games 2025Thailand. Jasen akan bersaing dengan setter dari Indomaret Sidoarjo, Alfin Daniel.Perubahan cukup signifikan memang terjadi dalam final rosterTimnas Voli Putra Indonesiauntuk SEA Games Thailand.Nama-nama langganan timnas seperti Muhammad Malizi, Dio Zulfikri, dan Farhan Halim tidak dibawa dalam event dua tahunan tersebut.Pun di masing-masing posisi, juga dihuni pemain yang tak kalah apik sebagai pesaing.Di sektor outside hitter masih ada Fahri Septian Putratama, yang secara received salah satu yang terbaik di Tanah Air. Kemudian Agil Angga unggul untuk urusan serangan, karena juga bisa diplot sebagai opposite.Beralih ke middle blocker, Daffa Naufal Mauludani yang pernah menjadi bagian Indonesia ketika meraih emas SEA Games Vietnam juga tergabung dalam skuad. Lalu ada debutan Kristoforus Sina di posisi MB.Baca juga:Alasan Jiang Jie Coret Farhan Halim dari Skuad Timnas Voli Putra Indonesia di SEA Games 2025Prasojo akan bergantian dengan Fahreza Rakha pada pos libero. SedangkanRivan Nurmulkiyang hingga kini belum tergantikan sebagai pengemban tugas opposite, menempatkan Rama Fazza Fauzan sebagai pelapis. TRIBUNNEWS.COM-Line-upTimnas Voli Putra IndonesiauntukSEA Games 2025masih akan sama dengan SEA V League lalu.Rivan Nurmulkitak tersentuh di posisi opposite! Perubahan skuadTimnas Voli Putra IndonesiauntukSEA Games 2025yang berlangsung di Thailand, awal Desember mendatang, menghadirkan sorotan baru. Line-up utamaTimnas Voli Putra Indonesiaakankah dirombak oleh pelatih kepalaJeff Jiang Jie, atau mempertahankan kerangka yang ada. Sebab, nama-nama seperti Dio Zulfikri dan Farhan Halim untuk SEA Games 2025 tidak masuk dalam daftar 14 pemain. Asisten pelatihTimnas Voli Putra Indonesia,Erwin Rusnimenjelaskan, bahwa hingga detik ini belum ada line-up pasti yang diturunkan untuk SEA Games mendatang. Tetapi dalam sudut pandangnya, kerangka tim utama SEA V League 2025 tidak akan mengalami perubahan signifikan. ""Jujur saja untuk saat ini kita (staf kepelatihan-red) masih kesulitan untuk menentukan line-up utama. Tetapi kemungkinan besar masih akan sama seperti SEA V League lalu,"" ujarErwin Rusnikepada Tribunnews, Minggu (9/11/2025) sore WIB. ""Untuk middle blocker Hendra dipasangkan sama Tedy Oka, lalu untuk hitter Boy dengan Jordan. Libero ada Fahreza, karena harus diakui dia masih yang terbaik untuk received dan bertahan,"" terangnya menambahkan. ""Opposite masih Rivan,"" sambung pria yang semasa aktif menjadi pevoli memperkuat Jakarta Sananta. Di posisi setter, Jasen Natanael Kilanta berpeluang besar menyegel tempat utama, mengingat Dio Zulfikri tidak dibawa keSEA Games 2025Thailand. Jasen akan bersaing dengan setter dari Indomaret Sidoarjo, Alfin Daniel. Perubahan cukup signifikan memang terjadi dalam final rosterTimnas Voli Putra Indonesiauntuk SEA Games Thailand. Nama-nama langganan timnas seperti Muhammad Malizi, Dio Zulfikri, dan Farhan Halim tidak dibawa dalam event dua tahunan tersebut. Pun di masing-masing posisi, juga dihuni pemain yang tak kalah apik sebagai pesaing. Di sektor outside hitter masih ada Fahri Septian Putratama, yang secara received salah satu yang terbaik di Tanah Air. Kemudian Agil Angga unggul untuk urusan serangan, karena juga bisa diplot sebagai opposite. Beralih ke middle blocker, Daffa Naufal Mauludani yang pernah menjadi bagian Indonesia ketika meraih emas SEA Games Vietnam juga tergabung dalam skuad. Lalu ada debutan Kristoforus Sina di posisi MB. Baca juga:Alasan Jiang Jie Coret Farhan Halim dari Skuad Timnas Voli Putra Indonesia di SEA Games 2025 Prasojo akan bergantian dengan Fahreza Rakha pada pos libero. SedangkanRivan Nurmulkiyang hingga kini belum tergantikan sebagai pengemban tugas opposite, menempatkan Rama Fazza Fauzan sebagai pelapis.",https://www.tribunnews.com/sport/7752607/rivan-nurmulki-tak-tersentuh-bocoran-line-up-timnas-voli-putra-indonesia-untuk-sea-games-2025,Tribun,olahraga_non_bola,2025-11-09 20:06:23
Jadwal Badminton setelah Korea Masters 2025: Kadek Dhinda Lanjut Main di Kumamoto Masters 2025,"Ringkasan Berita:Kumamoto Masters 2025 jadi agenda badminton selanjutnya setelahKorea Masters 2025selesai, akan diikuti 5 wakil IndonesiaNi Kadek Dhinda kembali berlaga bersama Gregoria Mariska setelah mebuktikan tuahnya saat beraksi diKorea Masters 2025Menariknya, sebelumnya ada Anthony Ginting bahkan Jonatan Christie yang ambil bagian diKumamoto Masters 2025, namun mereka memutuskan mundurTRIBUNNEWS.COM- Jadwal badminton setelahKorea Masters 2025rampung adaKumamoto Masters 2025di Jepang.Kumamoto Masters 2025 merupakan turnamen berlabel super 500 yang mana Indonesia menurunkan sebanyak 5 wakil.Turamen ini akan dihelat di Kumamoto Prefectural Gymnasium, Jepang, mulai Selasa (11/11/2025) hingga Minggu (16/11/2025).Wakil Indonesia yang ambil bagian adaNi Kadek Dhinda Amartya Pratiwiyang telah membuktikan tuahnya diKorea Masters 2025, lanjut main diKumamoto Masters 2025.Kadek Dhinda selaku andalan di nomor tunggal putri akan menemani seniornya, Gregoria Mariska.Atlet yang akrab disapa Jorji tersebut akan coba peruntungannya diKumamoto Masters 2025bersama Dhinda.Pemain asal Wonogiri tersebut mendapat status mentereng jelang bermain diKumamoto Masters 2025.Keuntungan dari banyaknya wakil elite dunia seperti An Se-young (Korea), Wang Zhi Yi (China), hingga Putri Kusuma Wardani, bikin Jorji dapat status unggulan.lihat fotoTEMBUS SEMIFINAL - Pebulutangkis tunggal putri Indonesia, Ni Kadek Dhinda Amartya Pratiwi, berhasil menembus babak semifinal turnamen Korea Masters 2025 setelah menyingkirkan wakil tuan rumah, Park Ga Eun dengan skor 21-15, 22-24, 21-13 di Wonkwang University Cultural dan Sports Center, Iksan, Korea Selatan, Jumat (7/11/2025).Istri Mikha Angelo ini didapuk sebagai unggulan keempat dalam gelaranKumamoto Masters 2025.Unggulan-unggulan lain di tunggal putri ada jagoan tuan rumah, Akane Yamaguchi, Tokoma Miyazaki, hingga idola Jorji, Ratchanok Intanon (Thailand).Dhinda yang akan turut ambil bagian bersama Jorji tak berstatus unggulan.Ini karena peringkat dunia Dhinda masih jauh dari potensinya menjadi pemain unggulan di level super 500.Baca juga:Kumamoto Masters 2025 Penentuan Nasib Fajar/Fikri ke BWF World Tour Finals 2025Jelang main diKumamoto Masters 2025, peringkat dunia milik Dhinda masih di luar top 100.Selain Jorji dan Dhinda, masih ada utusan Merah-Putih lain yang turut berlaga.Di tunggal putra ada dua pemain muda Indonesia yang akan beraksi. TRIBUNNEWS.COM- Jadwal badminton setelahKorea Masters 2025rampung adaKumamoto Masters 2025di Jepang. Kumamoto Masters 2025 merupakan turnamen berlabel super 500 yang mana Indonesia menurunkan sebanyak 5 wakil. Turamen ini akan dihelat di Kumamoto Prefectural Gymnasium, Jepang, mulai Selasa (11/11/2025) hingga Minggu (16/11/2025). Wakil Indonesia yang ambil bagian adaNi Kadek Dhinda Amartya Pratiwiyang telah membuktikan tuahnya diKorea Masters 2025, lanjut main diKumamoto Masters 2025. Kadek Dhinda selaku andalan di nomor tunggal putri akan menemani seniornya, Gregoria Mariska. Atlet yang akrab disapa Jorji tersebut akan coba peruntungannya diKumamoto Masters 2025bersama Dhinda. Pemain asal Wonogiri tersebut mendapat status mentereng jelang bermain diKumamoto Masters 2025. Keuntungan dari banyaknya wakil elite dunia seperti An Se-young (Korea), Wang Zhi Yi (China), hingga Putri Kusuma Wardani, bikin Jorji dapat status unggulan. Istri Mikha Angelo ini didapuk sebagai unggulan keempat dalam gelaranKumamoto Masters 2025. Unggulan-unggulan lain di tunggal putri ada jagoan tuan rumah, Akane Yamaguchi, Tokoma Miyazaki, hingga idola Jorji, Ratchanok Intanon (Thailand). Dhinda yang akan turut ambil bagian bersama Jorji tak berstatus unggulan. Ini karena peringkat dunia Dhinda masih jauh dari potensinya menjadi pemain unggulan di level super 500. Baca juga:Kumamoto Masters 2025 Penentuan Nasib Fajar/Fikri ke BWF World Tour Finals 2025 Jelang main diKumamoto Masters 2025, peringkat dunia milik Dhinda masih di luar top 100. Selain Jorji dan Dhinda, masih ada utusan Merah-Putih lain yang turut berlaga. Di tunggal putra ada dua pemain muda Indonesia yang akan beraksi.",https://www.tribunnews.com/sport/7752592/jadwal-badminton-setelah-korea-masters-2025-kadek-dhinda-lanjut-main-di-kumamoto-masters-2025,Tribun,olahraga_non_bola,2025-11-09 20:06:25
Alasan Jiang Jie Coret Farhan Halim dari Skuad Timnas Voli Putra Indonesia di SEA Games 2025,"Ringkasan Berita:Jeff Jiang Jie menjadi aktor utama di balik keputusan mencoretFarhan Halimdari skuadTimnas Voli Putra IndonesiadiSEA Games 2025Masalah waktu bergabung dalam pemusatan latihan jadi alasan mengapaFarhan HalimdicoretFarhan Halim saat ini berkompetisi di Liga Voli Jepang memperkuat VC Nagano TridentsTRIBUNNEWS.COM- Asisten pelatihErwin Rusnimenjelaskan alasan pencoretanFarhan Halimdari skuadTimnas Voli Putra IndonesiauntukSEA Games 2025.Dalam keteranganErwin Rusni, pencoretanFarhan Halimmutlak berdasarkan keputusan pelatihTimnas Voli Putra Indonesia,Jeff Jiang Jie.Volimania Tanah Air bertanya-tanya apa alasanFarhan Halimdicoret dari skuad finalTimnas Voli Putra IndonesiauntukSEA Games 2025yang berlangsung di Thailand awal Desember nanti.Farhan dipandang sebagai salah satu outside hitter (OH) terbaik yang dimiliki Indonesia. Bahkan dia kini berstatus abroad, membela tim kasta tertinggi Liga Voli Jepang, VC Nagano Tridents.""Soal pencoretanFarhan Halimmemang keputusannya berada di tangan pelatih (Jeff Jiang Jie-red),"" terang asisten pelatihTimnas Voli Putra Indonesia,Erwin Rusni, ketika dihubungi Tribunnews, Minggu (9/11) sore WIB.""Kita sebagai asisten pelatih sudah memberikan masukan soal plus-minus pemain mana yang dipilih,"" sambung pria yang pernah memperkuat Jakarta Sananta di Proliga 2008.Erwin Rusni menambahkan, masalah mepetnya waktu bergabungFarhan Halimjuga jadi pertimbangan keputusan diambilJeff Jiang Jie.Jika memaksakan Farhan dibawa ke Thailand, sang pevoli baru bisa bergabung H-7 sebelum caborvoliindoor dipertandingkan. Sementara dalam pemusatan latihan, keberadaanFarhan Halimsangat dibutuhkan dalam TC untuk memadukan chemistry permainan.""Selain itu, Farhan baru bisa bergabung seminggu sebelum SEA Games (voli-red) berlangsung. Jadi itu sedikit banyak jadi kendala.""""Saat latihan juga kita kan butuh pemain yang lengkap, sehingga kalau baru bergabung seminggu sebelum dimulai, kita kerepotan.""""Karena itu akhirnya coach Jeff memilih itu (mencoret Farhan-red). Sementara untuk posisi hitter juga mumpuni dengan pemain yang ada, kita berusaha memaksimalkan.""Di sisi lain, pencoretanFarhan Halimjuga bukannya tanpa pertimbangan matang. Di posisi OH, timvoliputra Indonesia dihuni deretan spiker terbaik saat ini, meliputi Boy Arnez, Jordan Michael Susanto, Agil Angga Anggara, dan Fahri Septian Putratama.Jeff Jiang Jie percaya dengan skuad yang ada, Timnas Voli Putra Indonesia mampu mempertahankan medali emas, yang dalam tiga edisi terakhir penyelenggaraan SEA Games, sukses dibawa pulang ke Tanah Air.Baca juga:Kabar Farhan Halim setelah Dicoret dari Timnas Voli Indonesia: Masih Jadi Camat di Nagano TridentsPendaftaran Pemain Sempat TerlambatErwin Rusni juga menceritakan, keputusan pemilihan pemain juga bukannya tanpa kendala. Sebab skuad finalTimnas Voli Putra IndonesiauntukSEA Games 2025harus diserahkan ke PBVSI pada 29 Oktober kemarin.Sementara pemusatan latihan atau TCTimnas Voli Putra Indonesiabaru dimulai setelah Livoli, yang pada timeline PBVSI, aktif dimulai 23 Oktober lalu. TRIBUNNEWS.COM- Asisten pelatihErwin Rusnimenjelaskan alasan pencoretanFarhan Halimdari skuadTimnas Voli Putra IndonesiauntukSEA Games 2025. Dalam keteranganErwin Rusni, pencoretanFarhan Halimmutlak berdasarkan keputusan pelatihTimnas Voli Putra Indonesia,Jeff Jiang Jie. Volimania Tanah Air bertanya-tanya apa alasanFarhan Halimdicoret dari skuad finalTimnas Voli Putra IndonesiauntukSEA Games 2025yang berlangsung di Thailand awal Desember nanti. Farhan dipandang sebagai salah satu outside hitter (OH) terbaik yang dimiliki Indonesia. Bahkan dia kini berstatus abroad, membela tim kasta tertinggi Liga Voli Jepang, VC Nagano Tridents. ""Soal pencoretanFarhan Halimmemang keputusannya berada di tangan pelatih (Jeff Jiang Jie-red),"" terang asisten pelatihTimnas Voli Putra Indonesia,Erwin Rusni, ketika dihubungi Tribunnews, Minggu (9/11) sore WIB. ""Kita sebagai asisten pelatih sudah memberikan masukan soal plus-minus pemain mana yang dipilih,"" sambung pria yang pernah memperkuat Jakarta Sananta di Proliga 2008. Erwin Rusni menambahkan, masalah mepetnya waktu bergabungFarhan Halimjuga jadi pertimbangan keputusan diambilJeff Jiang Jie. Jika memaksakan Farhan dibawa ke Thailand, sang pevoli baru bisa bergabung H-7 sebelum caborvoliindoor dipertandingkan. Sementara dalam pemusatan latihan, keberadaanFarhan Halimsangat dibutuhkan dalam TC untuk memadukan chemistry permainan. ""Selain itu, Farhan baru bisa bergabung seminggu sebelum SEA Games (voli-red) berlangsung. Jadi itu sedikit banyak jadi kendala."" ""Saat latihan juga kita kan butuh pemain yang lengkap, sehingga kalau baru bergabung seminggu sebelum dimulai, kita kerepotan."" ""Karena itu akhirnya coach Jeff memilih itu (mencoret Farhan-red). Sementara untuk posisi hitter juga mumpuni dengan pemain yang ada, kita berusaha memaksimalkan."" Di sisi lain, pencoretanFarhan Halimjuga bukannya tanpa pertimbangan matang. Di posisi OH, timvoliputra Indonesia dihuni deretan spiker terbaik saat ini, meliputi Boy Arnez, Jordan Michael Susanto, Agil Angga Anggara, dan Fahri Septian Putratama. Jeff Jiang Jie percaya dengan skuad yang ada, Timnas Voli Putra Indonesia mampu mempertahankan medali emas, yang dalam tiga edisi terakhir penyelenggaraan SEA Games, sukses dibawa pulang ke Tanah Air. Baca juga:Kabar Farhan Halim setelah Dicoret dari Timnas Voli Indonesia: Masih Jadi Camat di Nagano Tridents Erwin Rusni juga menceritakan, keputusan pemilihan pemain juga bukannya tanpa kendala. Sebab skuad finalTimnas Voli Putra IndonesiauntukSEA Games 2025harus diserahkan ke PBVSI pada 29 Oktober kemarin. Sementara pemusatan latihan atau TCTimnas Voli Putra Indonesiabaru dimulai setelah Livoli, yang pada timeline PBVSI, aktif dimulai 23 Oktober lalu.",https://www.tribunnews.com/sport/7752587/alasan-jiang-jie-coret-farhan-halim-dari-skuad-timnas-voli-putra-indonesia-di-sea-games-2025,Tribun,olahraga_non_bola,2025-11-09 20:06:28
Kumamoto Masters 2025 Penentuan Nasib Fajar/Fikri ke BWF World Tour Finals 2025,"Ringkasan Berita:Nasib Fajar Alfian/Shohibul Fikri keBWF World Tour Finals 2025ditentukan dalam gelaranKumamoto Masters 2025pekan depanFajar/Fikri masih menjaga peluang lolosBWF World Tour Finals 2025setelah Korea Masters 2025 rampung gegara rivalnya gagal mencapai babak semifinalPenentuan nasib pasangan anyar ganda putra Indonesia akan terjadi diKumamoto Masters 2025berlabel super 500TRIBUNNEWS.COM- Gelaran Korea Masters 2025 telah rampung pada pekan ini,BWF World Tour 2025lanjut ke Jepang pekan depan.Tepatnya mulai Selasa (11/11/2025) hingga Minggu (16/11/2025) mendatang akan berlangsung turnamen bertajukKumamoto Masters 2025.Kumamoto Masters 2025 merupakan turnamen dengan level super 500 yang akan dihelat di Kumamoto Prefectural Gymnasium, Jepang.Fajar Alfian/Muhammad Shohibul Fikri yang masih berpeluang lolosBWF World Tour Finals 2025tak ambil bagian dalam gelaran tersebut.Jadwal tandingFajar/Fikriuntuk berburu poin BWF berlanjut di Australia Open 2025 yang juga berlabel sama, super 500.Australia Open 2025 akan bergulir setelahKumamoto Masters 2025rampung, yakni pada 18-23 November 2025 mendatang.Di saat Fajar/Fikri absen tanding, nasib keduanya lolos atau tidak ke BWF World Tour Finals ditentukan di Kumamoto Masters 2025.lihat fotoKOREA OPEN 2025 - Selebrasi dari ganda putra Indonesia, Fajar Alfian/Muhammad Shohibul Fikri dalam partai babak semifinal Korea Open 2025 melawan Lee Jhe-Huei/Yang Po-Hsuan (Taiwan) di Suwon Gymnasium, pada 27 September 2025. Dok/PBSISkenario Fajar/Fikri ke BWF World Tour Finals 2025Adanya kesempatanFajar/FikrikeBWF World Tour Finals 2025sejatinya cukup mengejutkan.Pasangan baru yang debut pada pertengahan musim 2025 ini baru bermain sekira 8 turnamen sejauh ini.Torehan poin BWF dari 8 turnamenFajar/Fikrimampu membawa keduanya bersaing untuk mencuri spot lolos.Namun, peluang Fajar/Fikri untuk lolos cukup tipis dan butuh skenario ajaib untuk mewujudkannya.Baca juga:Kejutan Korea Masters 2025: Lee/Lee Ambyar, Fajar/Fikri Jaga Asa ke BWF World Tour Finals 2025Keduanya akan bergantung dari hasil tiga wakil Taiwan diKumamoto Masters 2025untuk menentukan nasibnya.Ada Lee Fang Chih/Lee Fang-jen, Chiu Hsiang Chieh/Wang Chi-Lin dan Lee Jhe Huei/Yang Po Hsuan.Ketiga utusan Taiwan itu patut dikawal diKumamoto Masters 2025mendatang karena hasil ketiganya memengaruhi nasibFajar/Fikri.Skenarionya, jika Lee/Lee mencapai babak perempat final turnamen super 500, maka peluangFajar/Fikriauto ambyar. TRIBUNNEWS.COM- Gelaran Korea Masters 2025 telah rampung pada pekan ini,BWF World Tour 2025lanjut ke Jepang pekan depan. Tepatnya mulai Selasa (11/11/2025) hingga Minggu (16/11/2025) mendatang akan berlangsung turnamen bertajukKumamoto Masters 2025. Kumamoto Masters 2025 merupakan turnamen dengan level super 500 yang akan dihelat di Kumamoto Prefectural Gymnasium, Jepang. Fajar Alfian/Muhammad Shohibul Fikri yang masih berpeluang lolosBWF World Tour Finals 2025tak ambil bagian dalam gelaran tersebut. Jadwal tandingFajar/Fikriuntuk berburu poin BWF berlanjut di Australia Open 2025 yang juga berlabel sama, super 500. Australia Open 2025 akan bergulir setelahKumamoto Masters 2025rampung, yakni pada 18-23 November 2025 mendatang. Di saat Fajar/Fikri absen tanding, nasib keduanya lolos atau tidak ke BWF World Tour Finals ditentukan di Kumamoto Masters 2025. Adanya kesempatanFajar/FikrikeBWF World Tour Finals 2025sejatinya cukup mengejutkan. Pasangan baru yang debut pada pertengahan musim 2025 ini baru bermain sekira 8 turnamen sejauh ini. Torehan poin BWF dari 8 turnamenFajar/Fikrimampu membawa keduanya bersaing untuk mencuri spot lolos. Namun, peluang Fajar/Fikri untuk lolos cukup tipis dan butuh skenario ajaib untuk mewujudkannya. Baca juga:Kejutan Korea Masters 2025: Lee/Lee Ambyar, Fajar/Fikri Jaga Asa ke BWF World Tour Finals 2025 Keduanya akan bergantung dari hasil tiga wakil Taiwan diKumamoto Masters 2025untuk menentukan nasibnya. Ada Lee Fang Chih/Lee Fang-jen, Chiu Hsiang Chieh/Wang Chi-Lin dan Lee Jhe Huei/Yang Po Hsuan. Ketiga utusan Taiwan itu patut dikawal diKumamoto Masters 2025mendatang karena hasil ketiganya memengaruhi nasibFajar/Fikri. Skenarionya, jika Lee/Lee mencapai babak perempat final turnamen super 500, maka peluangFajar/Fikriauto ambyar.",https://www.tribunnews.com/sport/7752569/kumamoto-masters-2025-penentuan-nasib-fajarfikri-ke-bwf-world-tour-finals-2025,Tribun,olahraga_non_bola,2025-11-09 20:06:29
"Prediksi Ranking BWF Raymond/Joaquin setelah Runner-up Korea Masters 2025, Naik 6 Tangga","Ringkasan Berita:Prediksi ranking BWFRaymond Indra/Nikolaus Joaquinmampu melesat hingga 6 tangga meskipun harus puas keluar sebagai runner-upTambahan poin BWF sebanyak 5950 berhasil membawa pasangan muda ganda putra Indonesia mendekat ke top 30Berkat runner-upKorea Masters 2025Raymond/Joaquin mencapai peringkat tertinggi sepanjang karier keduanyaTRIBUNNEWS.COM- Hasil akhir ganda putra Indonesia,Raymond Indra/Nikolaus JoaquindiKorea Masters 2025bikin keduanya mampu meningkatkan peringkat dunia, Minggu (9/11/2025).Raymond/Joaquin di finalKorea Masters 2025keluar sebagai runner-up setelah dihajar oleh wakil tuan rumah Lee Jong-min/Wang Chan hinggarubber game.Kekalahan junior Fajar Alfian dalam babak final turnamen super 300 tetap membawa berkah lantaran berpengaruh dengan torehan poin BWF yang didapatkan.Bermain di turnamen level super 300, poin BWF paling tinggi yang akan didapat oleh kontestan dengan hasil juara akan mengantongi sebanyak 7000 poin.Sementara jika keluar sebagai runner-up, tetap cukup tinggi dalam perolehan poin BWF yakni sebesar 5950 angka.Untuk pasangan muda seperti Raymond/Joaquin yang tengah berjuang mendongkrak ranking BWF, torehan di Korea Masters 2025 terbilang lumayan.Baca juga:Rekap Hasil Final Korea Masters 2025: Indonesia Nirgelar, Tuah Rumah Segel Juara UmumTambahan poin BWF sebanyak itu membuat keduanya mampu meningkatkan peringkat dunia.Saat ini, ranking BWF Raymond/Joaquin berada di peringkat ke-37 dunia dengan koleksi sebanyak 34,970 poin.Dapat tambahan dariKorea Masters 2025, diprediksi Raymond/Joaquin bisa melesat ke urutan 31 dunia.Torehan baru dari Raymond/Joaquin diprediksi bisa melengserkan seniornya, Shohibul Fikri/Daniel Marthin yang kehilangan beberapa koleksi poin.lihat fotoRAYMOND/JOAQUIN - Ganda putra Indonesia, Raymond Indra/Nikolaus Joaquin bermain dalam gelaran Korea Masters 2025 babak 16 besar pada 6 November 2025. Dok/PBSIFikri/Daniel yang sementara ini terpisah gegara cedera dan Fikri juga sudah berpasangan dengan Fajar, peringkat dunia kian melorot.Termasuk setelah Korea Masters edisi kali ini usai, Fikri/Daniel berpotensi digusur oleh Raymond/Joaquin.Dengan menduduki peringkat 31 dunia, Raymond/Joaquin mencapai ranking terbaik sepanjang keduanya berpasangan.Sebelum ini dengan berada di ranking 37 dunia, keduanya telah mencapai peringkat tertinggi sepanjang kariernya.Ditambah dengan torehan dariKorea Masters 2025membuat peringkat keduanya perlahan kian melejit. TRIBUNNEWS.COM- Hasil akhir ganda putra Indonesia,Raymond Indra/Nikolaus JoaquindiKorea Masters 2025bikin keduanya mampu meningkatkan peringkat dunia, Minggu (9/11/2025). Raymond/Joaquin di finalKorea Masters 2025keluar sebagai runner-up setelah dihajar oleh wakil tuan rumah Lee Jong-min/Wang Chan hinggarubber game. Kekalahan junior Fajar Alfian dalam babak final turnamen super 300 tetap membawa berkah lantaran berpengaruh dengan torehan poin BWF yang didapatkan. Bermain di turnamen level super 300, poin BWF paling tinggi yang akan didapat oleh kontestan dengan hasil juara akan mengantongi sebanyak 7000 poin. Sementara jika keluar sebagai runner-up, tetap cukup tinggi dalam perolehan poin BWF yakni sebesar 5950 angka. Untuk pasangan muda seperti Raymond/Joaquin yang tengah berjuang mendongkrak ranking BWF, torehan di Korea Masters 2025 terbilang lumayan. Baca juga:Rekap Hasil Final Korea Masters 2025: Indonesia Nirgelar, Tuah Rumah Segel Juara Umum Tambahan poin BWF sebanyak itu membuat keduanya mampu meningkatkan peringkat dunia. Saat ini, ranking BWF Raymond/Joaquin berada di peringkat ke-37 dunia dengan koleksi sebanyak 34,970 poin. Dapat tambahan dariKorea Masters 2025, diprediksi Raymond/Joaquin bisa melesat ke urutan 31 dunia. Torehan baru dari Raymond/Joaquin diprediksi bisa melengserkan seniornya, Shohibul Fikri/Daniel Marthin yang kehilangan beberapa koleksi poin. Fikri/Daniel yang sementara ini terpisah gegara cedera dan Fikri juga sudah berpasangan dengan Fajar, peringkat dunia kian melorot. Termasuk setelah Korea Masters edisi kali ini usai, Fikri/Daniel berpotensi digusur oleh Raymond/Joaquin. Dengan menduduki peringkat 31 dunia, Raymond/Joaquin mencapai ranking terbaik sepanjang keduanya berpasangan. Sebelum ini dengan berada di ranking 37 dunia, keduanya telah mencapai peringkat tertinggi sepanjang kariernya. Ditambah dengan torehan dariKorea Masters 2025membuat peringkat keduanya perlahan kian melejit.",https://www.tribunnews.com/sport/7752555/prediksi-ranking-bwf-raymondjoaquin-setelah-runner-up-korea-masters-2025-naik-6-tangga,Tribun,olahraga_non_bola,2025-11-09 20:06:31
"Transfer Pembalap MotoGP 2027: Fabio Quartararo ke Aprilia, KTM Blokir Keluarnya Pedro Acosta","Ringkasan Berita:Bursa transfer pembalapMotoGP 2027diwarnai kabarApriliayang kembali berusaha mendekatiFabio Quartararodari YamahaSementara dariKTM, berusaha memblokir pintu keluarPedro Acostadengan cara memberikan motor terbaik19 pembalap habis kontrak setelah MotoGP 2026 berakhirTRIBUNNEWS.COM- Update transfer pembalapMotoGP 2027datang dari garasiApriliadanKTM.Apriliadilaporkan akan melakukan pertaruhan untuk mendatangkanFabio Quartararo.SementaraKTMakan mempertahankan semaksimal mungkin agarPedro Acostatidak menyeberang ke tim rival padaMotoGP 2027.Jendela transfer pembalapMotoGP 2027menghadirkan sorotan. Sebab peluang untuk menciptakan saga transfer kepindahan pembalap maupun plot twist terbuka lebar.Hal ini tak terlepas karena mayoritas pembalap akan habis kontraknya setelah MotoGP 2026 usai.CORNERING - Pembalap Monster Energy Yamaha asal Prancis Fabio Quartararo berkendara saat sesi latihan Grand Prix MotoGP Thailand di Sirkuit Internasional Buriram di Buriram pada 27 Oktober 2023. (Foto Arsip, Oktober 2023)(LILLIAN SUWANRUMPHA / AFP)Tak terkecuali Marco Bezzecchi danJorge Martinyang terikat kontrak dengan pabrikan Noale, Italia,Aprilia. Jika melihat performa, Bezzecchi di atas Martin.Bahkan Bez, sapaan akrab Marco Bezzecchi, tengah bersaing panas melawan Francesco 'Pecco' Bagnaia di perebutan posisi tiga klasemen akhir MotoGP 2025.Lain cerita denganJorge Martindi mana juara dunia MotoGP 2024 ini tercecer di posisi 21 klasemen berbekal 34 poin.Sebagai catatan,Jorge Martinabsen di sejumlah seri karena mengalami cedera. Bahkan waktu adaptasinya tidak semaksimal Bezzecchi.Situasinya kini menjadi pertanyaan bagiAprilia, akankah 'adik dari Ducati' ini akan memperpanjang kontrakJorge Martinatau sebaliknya? Mengingat rider asal Madrid, Spanyol ini sempat ingin meninggalkan tim satu tahun lebih cepat dari kontrak yang dia miliki.Dalam laporan Diario AS,Apriliaberpeluang besar untuk mendepakJorge Martinsetelah MotoGP 2026, dengan catatan rider berjuluk The Martinator itu gagal memperlihatkan kemampuan terbaiknya.Martin pun tidak kurang peminat. Honda Racing Corporation (HRC) juga sudah menunggu kesempatan untuk merealisasikan keinginan tertundanya mendapatkan tanda tanganJorge Martin.Aprilia juga bukannya tanpa opsi pengganti jika memilih tak memperpanjang kontrak JM01.Sebab,Apriliajuga ingin mewujudkan transfer impiannya dalam mendatangkan El Diablo, julukanFabio Quartararo.Menjadi rahasia umum bahwaApriliasempat mengincar pembalap kelahiran Nice, Prancis. Pada MotoGP 2024,Apriliapernah berusaha untuk mendatangkan Quartararo, sebelum akhirnya juara dunia MotoGP 2021 memilih memperpanjang kontrak di Monster Energy Yamaha.Bahkan El Diablo menjadi pembalap dengan gaji tertinggi di grid MotoGP saat ini, yakni mencapai Rp207 miliar. TRIBUNNEWS.COM- Update transfer pembalapMotoGP 2027datang dari garasiApriliadanKTM.Apriliadilaporkan akan melakukan pertaruhan untuk mendatangkanFabio Quartararo. SementaraKTMakan mempertahankan semaksimal mungkin agarPedro Acostatidak menyeberang ke tim rival padaMotoGP 2027. Jendela transfer pembalapMotoGP 2027menghadirkan sorotan. Sebab peluang untuk menciptakan saga transfer kepindahan pembalap maupun plot twist terbuka lebar. Hal ini tak terlepas karena mayoritas pembalap akan habis kontraknya setelah MotoGP 2026 usai. Tak terkecuali Marco Bezzecchi danJorge Martinyang terikat kontrak dengan pabrikan Noale, Italia,Aprilia. Jika melihat performa, Bezzecchi di atas Martin. Bahkan Bez, sapaan akrab Marco Bezzecchi, tengah bersaing panas melawan Francesco 'Pecco' Bagnaia di perebutan posisi tiga klasemen akhir MotoGP 2025. Lain cerita denganJorge Martindi mana juara dunia MotoGP 2024 ini tercecer di posisi 21 klasemen berbekal 34 poin. Sebagai catatan,Jorge Martinabsen di sejumlah seri karena mengalami cedera. Bahkan waktu adaptasinya tidak semaksimal Bezzecchi. Situasinya kini menjadi pertanyaan bagiAprilia, akankah 'adik dari Ducati' ini akan memperpanjang kontrakJorge Martinatau sebaliknya? Mengingat rider asal Madrid, Spanyol ini sempat ingin meninggalkan tim satu tahun lebih cepat dari kontrak yang dia miliki. Dalam laporan Diario AS,Apriliaberpeluang besar untuk mendepakJorge Martinsetelah MotoGP 2026, dengan catatan rider berjuluk The Martinator itu gagal memperlihatkan kemampuan terbaiknya. Martin pun tidak kurang peminat. Honda Racing Corporation (HRC) juga sudah menunggu kesempatan untuk merealisasikan keinginan tertundanya mendapatkan tanda tanganJorge Martin. Aprilia juga bukannya tanpa opsi pengganti jika memilih tak memperpanjang kontrak JM01. Sebab,Apriliajuga ingin mewujudkan transfer impiannya dalam mendatangkan El Diablo, julukanFabio Quartararo. Menjadi rahasia umum bahwaApriliasempat mengincar pembalap kelahiran Nice, Prancis. Pada MotoGP 2024,Apriliapernah berusaha untuk mendatangkan Quartararo, sebelum akhirnya juara dunia MotoGP 2021 memilih memperpanjang kontrak di Monster Energy Yamaha. Bahkan El Diablo menjadi pembalap dengan gaji tertinggi di grid MotoGP saat ini, yakni mencapai Rp207 miliar.",https://www.tribunnews.com/sport/7752536/transfer-pembalap-motogp-2027-fabio-quartararo-ke-aprilia-ktm-blokir-keluarnya-pedro-acosta,Tribun,olahraga_non_bola,2025-11-09 20:06:34
"Rekap Hasil Final Korea Masters 2025: Indonesia Nirgelar, Tuah Rumah Segel Juara Umum","Ringkasan Berita:Rekap hasil final Korea Masters 2025 tak ada wakilIndonesiayang keluar sebagai juara dan naik podium tertinggiRaymond Indra/Nikolaus Joaquin harus mengakui keunggulan wakil tuan rumah, Lee/Wang setelah berduel hingga 3 gim dalam babak finalKontingen Korea selaku tuan rumah keluar sebagai juara umum lantaran berhasil mengamankan dua gelarTRIBUNNEWS.COM- Rekap hasil final Korea Masters 2025 berujung buruk bagi wakilIndonesiayang berjuang meraih gelar, Minggu (9/11/2025).Raymond Indra/Nikolaus Joaquin dari sektor ganda putra, bermain melawan utusan tuan rumah Lee Jong-min/Wang Chan di Iksan City, Korea Selatan.Pertarungan sengit yang dipertontonkan Raymond/Joaquin saat beradu dengan Lee/Wang berlangsung hingga 3 gim.Utusan Merah-Putih berhasil mengunci kemenangan lebih dulu di gim pertama skor 16-21 sebelum petaka hadir di gim kedua.Dominasi Lee/Wang tak terbantahkan ketika berhasil membelenggu Raymond/Joaquin sepanjang gim kedua.Momentum apik utusan Korea di gim kedua berhasil dituntaskan dengan kemenangan telak 21-16.Pasangan andalan tuan rumah tentu bertekad untuk melanjutkan kiprah apiknya di gim penentuan.Baca juga:Fakta Final Korea Masters 2025: Sejarah Raymond/Joaquin, Tuan Rumah Bidik Juara UmumBenar saja, Lee/Wang mampu menekan dan tak memberikan celah kepada Raymond/Joaquin sepanjang gim ketiga.Tak heran jika pada akhirnya Lee/Wang justru mampu menumbangkan utusanIndonesiadengan skor Afrika.Yap, wakilIndonesiatak mampu memperjuangkan skor hingga dua digit, harus puas dengan skor 21-6.Dengan kekalahan Raymond/Joaquin, maka asaIndonesiabisa juara Korea Masters 2025 auto buyar.Harapan Raymond/Joaquin mengukir sejarah di Korea Masters 2025 juga tertutup seketika.Padahal sejarah bagi pasanganIndonesiamenanti yakni sebagai ganda putra Merah-Putih pertama juara Korea Masters.Kemudian berpotensi untuk mengamankan gelar super 300 pertama dalam karier Raymond/Joaquin.Tuan Rumah Juara UmumBeda nasib dengan delegasiIndonesia, Korea selaku tuan rumah berjaya di kandang sendiri. TRIBUNNEWS.COM- Rekap hasil final Korea Masters 2025 berujung buruk bagi wakilIndonesiayang berjuang meraih gelar, Minggu (9/11/2025). Raymond Indra/Nikolaus Joaquin dari sektor ganda putra, bermain melawan utusan tuan rumah Lee Jong-min/Wang Chan di Iksan City, Korea Selatan. Pertarungan sengit yang dipertontonkan Raymond/Joaquin saat beradu dengan Lee/Wang berlangsung hingga 3 gim. Utusan Merah-Putih berhasil mengunci kemenangan lebih dulu di gim pertama skor 16-21 sebelum petaka hadir di gim kedua. Dominasi Lee/Wang tak terbantahkan ketika berhasil membelenggu Raymond/Joaquin sepanjang gim kedua. Momentum apik utusan Korea di gim kedua berhasil dituntaskan dengan kemenangan telak 21-16. Pasangan andalan tuan rumah tentu bertekad untuk melanjutkan kiprah apiknya di gim penentuan. Baca juga:Fakta Final Korea Masters 2025: Sejarah Raymond/Joaquin, Tuan Rumah Bidik Juara Umum Benar saja, Lee/Wang mampu menekan dan tak memberikan celah kepada Raymond/Joaquin sepanjang gim ketiga. Tak heran jika pada akhirnya Lee/Wang justru mampu menumbangkan utusanIndonesiadengan skor Afrika. Yap, wakilIndonesiatak mampu memperjuangkan skor hingga dua digit, harus puas dengan skor 21-6. Dengan kekalahan Raymond/Joaquin, maka asaIndonesiabisa juara Korea Masters 2025 auto buyar. Harapan Raymond/Joaquin mengukir sejarah di Korea Masters 2025 juga tertutup seketika. Padahal sejarah bagi pasanganIndonesiamenanti yakni sebagai ganda putra Merah-Putih pertama juara Korea Masters. Kemudian berpotensi untuk mengamankan gelar super 300 pertama dalam karier Raymond/Joaquin. Beda nasib dengan delegasiIndonesia, Korea selaku tuan rumah berjaya di kandang sendiri.",https://www.tribunnews.com/sport/7752534/rekap-hasil-final-korea-masters-2025-indonesia-nirgelar-tuah-rumah-segel-juara-umum,Tribun,olahraga_non_bola,2025-11-09 20:06:36
"Djokovic Sodorkan Kejutan di Akhir, Daftar Pemain ATP Finals 2025 Resmi Berubah","Ringkasan Berita:Petenis Serbia,Novak Djokovic, memutuskan undur diri dari turnamenATP Finals 2025Kondisi fisik yang tak memungkinkan membuat Djokovic memilih absen dari ajang bergengsi tersebutPosisinya akan diambil alih oleh Lorenzo MusettiTRIBUNNEWS.COM -Kejutan besar tersaji dari turnamentenispaling bergengsi,ATP Finals 2025, yang diselenggarakan di Turin, Italia.Sajian tak terduga itu terjadi dalam hal daftar pemain yang berhak mengikuti ajangATP Finals 2025yang mempertemukan 8 petenis putra terbaik dunia.Namun, salah satu nama paling tersohor dalam daftar pemain itu memutuskan undur diri alias tak jadi mengikuti ATP Finals.Petenis tersebut adalahNovak Djokovicyang merelakan tempatnya diambil alih pemain lainnya.Djokovic memutuskan mundur setelah menjadi padatnya jadwal turnamentenisdi bulan Oktober dan November.Pada akhir pekan ini Djokovic juga turun di ajang Athens 250 dan menobatkan dirinya sebagai juara di akhir turnamen dengan mengalahkan Lorenzo Musetti.Baca juga:Djokovic Mundur dari Paris Masters 2025, Fokus Siapkan Penampilan di Dekat Rumah yang BaruSelain alasan jadwal padat, Djokovic juga berurusan dengan tingkat kebugaran yang tak terlalu baik.Ia bergulat dengan rasa sakit di area bahu yang sudah ia alami selama beberapa waktu terakhir.Kondisi tersebut membuat dirinya riskan bersaing di ajang ATP Finals yang mempertemukan para jagoan terbaik di duniatenisputra.Untuk itu, mundur dari ajang tersebut rasanya menjadi keputusan wajar dan bijaksana baginya.Dengan usia yang sudah menginjak 38 tahun, akan sangat berbahaya bagi Djokovic untuk terus tampil dengan tempo tinggi selama beberapa waktu beruntun.NOVAK DJOKOVIC - Petenis Serbia, Novak Djokovic, saat beraksi di ajang tenis US Open 2025. (Instagram @djokernole)MundurnyaNovak Djokovicmemberikan keberuntungan kepada pemain lain.Hal itu menjadi berkah bagi petenis Italia yang sekaligus menjadi lawan Djoker di Athena lalu, Lorenzo Musetti.Musetti menjadi petenis terakhir yang memastikan diri lolos ke ajang tersebut.Koleksi poinnya cukup mengantarkan sang jagoan tuan rumah mencoba peruntungan bersama nama besar lainnya. TRIBUNNEWS.COM -Kejutan besar tersaji dari turnamentenispaling bergengsi,ATP Finals 2025, yang diselenggarakan di Turin, Italia. Sajian tak terduga itu terjadi dalam hal daftar pemain yang berhak mengikuti ajangATP Finals 2025yang mempertemukan 8 petenis putra terbaik dunia. Namun, salah satu nama paling tersohor dalam daftar pemain itu memutuskan undur diri alias tak jadi mengikuti ATP Finals. Petenis tersebut adalahNovak Djokovicyang merelakan tempatnya diambil alih pemain lainnya. Djokovic memutuskan mundur setelah menjadi padatnya jadwal turnamentenisdi bulan Oktober dan November. Pada akhir pekan ini Djokovic juga turun di ajang Athens 250 dan menobatkan dirinya sebagai juara di akhir turnamen dengan mengalahkan Lorenzo Musetti. Baca juga:Djokovic Mundur dari Paris Masters 2025, Fokus Siapkan Penampilan di Dekat Rumah yang Baru Selain alasan jadwal padat, Djokovic juga berurusan dengan tingkat kebugaran yang tak terlalu baik. Ia bergulat dengan rasa sakit di area bahu yang sudah ia alami selama beberapa waktu terakhir. Kondisi tersebut membuat dirinya riskan bersaing di ajang ATP Finals yang mempertemukan para jagoan terbaik di duniatenisputra. Untuk itu, mundur dari ajang tersebut rasanya menjadi keputusan wajar dan bijaksana baginya. Dengan usia yang sudah menginjak 38 tahun, akan sangat berbahaya bagi Djokovic untuk terus tampil dengan tempo tinggi selama beberapa waktu beruntun. MundurnyaNovak Djokovicmemberikan keberuntungan kepada pemain lain. Hal itu menjadi berkah bagi petenis Italia yang sekaligus menjadi lawan Djoker di Athena lalu, Lorenzo Musetti. Musetti menjadi petenis terakhir yang memastikan diri lolos ke ajang tersebut. Koleksi poinnya cukup mengantarkan sang jagoan tuan rumah mencoba peruntungan bersama nama besar lainnya.",https://www.tribunnews.com/sport/7752524/djokovic-sodorkan-kejutan-di-akhir-daftar-pemain-atp-finals-2025-resmi-berubah,Tribun,olahraga_non_bola,2025-11-09 20:06:38
Kabar Farhan Halim setelah Dicoret dari Timnas Voli Indonesia: Masih Jadi Camat di Nagano Tridents,"Ringkasan Berita:Farhan Halim kembali menjadi cadangan tanpa menit bermain setelahVC Nagano Tridentskalah dari Tokyo Great Bears kemarinFarhan Halim tercoret dari skuad Timnas Voli Indonesia untukSEA Games 2025Pelatih Indonesia Jeff Jiang Jie menggantikanFarhan Halimdengan Jordan Michael SusantoTRIBUNNEWS.COM- KabarFarhan Halimsetelah tercoret dariTimnas Voli Putra Indonesiadari final skuad untukSEA Games 2025.Farhan Halimmasih menjadi ""camat"" alias cadangan mati.Secara mengejutkanFarhan Halimdicoret dari daftar 14 pemainTimnas Voli Putra Indonesiayang diberangkatkan keSEA Games 2025Thailand pada awal Desember mendatang.Pencoretan outside hitter kelahiran 26 April 2001 ini mengernyitkan alisvolimania Tanah Air. Sebab, Farhan merupakan salah satu hitter terbaik yang berkemampuan lengkap dimiliki Indonesia.Keputusan pelatih Timnas Voli Putra Indonesia Jeff Jiang Jie mencoret Farhan Halim tergolong berani, dan memilih Jordan Michael Susanto sebagai pengganti.SKUAD VOLI - Daftar skuad resmi Timnas Voli Putra Indonesia untuk SEA Games 2025 yang berlangsung di Thailand, awal Desember mendatang. Farhan Halim dicoret. (Instagram @indonesian_volleyball)Kendati demikian, pencoretan suami Dita Azizah ini jauh-jauh hari sudah diprediksi.Bahkan Jeff Jiang Jie sebelum pemusatan latihan atau TC di Sentul dimulai akhir Oktober lalu sudah mengatakan, bahwa dirinya tidak yakin klubFarhan Halimakan melepaskan untuk SEA Games.""Farhan bermain di Jepang dan sangat sulit baginya untuk pulang, bergabung dalam latihan,"" ucap Jiang Jie.""Jadi, kami mencoba untuk mendapatkan pemain lain untuk bergabung dengan tim,"" sambung pelatih berkebangsaan China.Perlu diketahui,Farhan Halimmenjadi satu-satunya pemain Timnas Voli Indonesia dipanggil untuk TC, yang berstatus abroad atau bermain di luar negeri.Saat ini Farhan bermain untukVC Nagano Tridents, klub yang bermain di kasta tertinggi pervolian Jepang atau SVLeague 2025/2026. Sebagai informasi,VC Nagano Tridentsjuga sempat dibela Rivan Nurmulki dan Doni Haryono.Sayangnya bersamaVC Nagano Tridents, Farhan juga kurang mendapatkan menit bermain. Bahkan bisa dikatakan camat alias cadangan mati.Bagaimana tidak, dari enam pertandingan yang sudah dilakoni Nagano,Farhan Halimbaru bermain satu kali. Itupun berstatus serve spesialis dalam laga menghadapi Osaka Blazers Sakai.Terbaru,Farhan Halimtidak diturunkan sama sekali saatVC Nagano Tridentsmenelan kekalahan pada matchday 5 dan 6 Liga Voli Jepang 2025/2026.Pada pertandingan yang berlangsung di Tokyo Great Bears, Jumat (7/11),VC Nagano Tridentsterkena reverse sweep dalam laga set penuh, 2-3 (26-24, 25-19, 17-25, 32-34, 10-15). Dalam laga ini Farhan halim hanya berada di area cadangan.Hal serupa juga terjadi saat Nagano bersua Tokyo Great Bears di kandang, Sabtu (8/11). TRIBUNNEWS.COM- KabarFarhan Halimsetelah tercoret dariTimnas Voli Putra Indonesiadari final skuad untukSEA Games 2025.Farhan Halimmasih menjadi ""camat"" alias cadangan mati. Secara mengejutkanFarhan Halimdicoret dari daftar 14 pemainTimnas Voli Putra Indonesiayang diberangkatkan keSEA Games 2025Thailand pada awal Desember mendatang. Pencoretan outside hitter kelahiran 26 April 2001 ini mengernyitkan alisvolimania Tanah Air. Sebab, Farhan merupakan salah satu hitter terbaik yang berkemampuan lengkap dimiliki Indonesia. Keputusan pelatih Timnas Voli Putra Indonesia Jeff Jiang Jie mencoret Farhan Halim tergolong berani, dan memilih Jordan Michael Susanto sebagai pengganti. Kendati demikian, pencoretan suami Dita Azizah ini jauh-jauh hari sudah diprediksi. Bahkan Jeff Jiang Jie sebelum pemusatan latihan atau TC di Sentul dimulai akhir Oktober lalu sudah mengatakan, bahwa dirinya tidak yakin klubFarhan Halimakan melepaskan untuk SEA Games. ""Farhan bermain di Jepang dan sangat sulit baginya untuk pulang, bergabung dalam latihan,"" ucap Jiang Jie. ""Jadi, kami mencoba untuk mendapatkan pemain lain untuk bergabung dengan tim,"" sambung pelatih berkebangsaan China. Perlu diketahui,Farhan Halimmenjadi satu-satunya pemain Timnas Voli Indonesia dipanggil untuk TC, yang berstatus abroad atau bermain di luar negeri. Saat ini Farhan bermain untukVC Nagano Tridents, klub yang bermain di kasta tertinggi pervolian Jepang atau SVLeague 2025/2026. Sebagai informasi,VC Nagano Tridentsjuga sempat dibela Rivan Nurmulki dan Doni Haryono. Sayangnya bersamaVC Nagano Tridents, Farhan juga kurang mendapatkan menit bermain. Bahkan bisa dikatakan camat alias cadangan mati. Bagaimana tidak, dari enam pertandingan yang sudah dilakoni Nagano,Farhan Halimbaru bermain satu kali. Itupun berstatus serve spesialis dalam laga menghadapi Osaka Blazers Sakai. Terbaru,Farhan Halimtidak diturunkan sama sekali saatVC Nagano Tridentsmenelan kekalahan pada matchday 5 dan 6 Liga Voli Jepang 2025/2026. Pada pertandingan yang berlangsung di Tokyo Great Bears, Jumat (7/11),VC Nagano Tridentsterkena reverse sweep dalam laga set penuh, 2-3 (26-24, 25-19, 17-25, 32-34, 10-15). Dalam laga ini Farhan halim hanya berada di area cadangan. Hal serupa juga terjadi saat Nagano bersua Tokyo Great Bears di kandang, Sabtu (8/11).",https://www.tribunnews.com/sport/7752503/kabar-farhan-halim-setelah-dicoret-dari-timnas-voli-indonesia-masih-jadi-camat-di-nagano-tridents,Tribun,olahraga_non_bola,2025-11-09 20:06:40
"Live MotoGP Portugal 2025, Bezzecchi Tertantang Kalahkan Acosta dan Marquez","Ringkasan Berita:Balapan utamaMotoGP Portugal 2025akan berlangsung pada Minggu (9/11/2025) pukul 20.00 WIB di Algarve International Circuit.Pembalap Aprilia,Marco Bezzecchitertantang berduel denganPedro AcostadanAlex Marquezyang mengalahkannya di sesi Sprint Race.Link live streaming dan live hasilMotoGP Portugal 2025bisa diakses dalam artikel ini.TRIBUNNEWS.COM- LiveMotoGP Portugal 2025di Algarve International Circuit hari ini, Minggu (9/11/2025) pukul 20.00 WIB. Bisa disaksikan melalui siaran langsung Trans7 dan live streaming Vidio.Marco Bezzecchimenantikan duel denganPedro AcostadanAlex Marquez.Selama agenda akhir pekan ini, dari sesi latihan hingga kualifikasi,Marco Bezzecchitampil meyakinkan hingga mendapat waktu tercepat 1 menit 37.556 detik untuk satu putaran yang membuatnya menempati pole position.Harapan Bezzecchi besar, tren positif tersebut bisa berlanjut di sesi Sprint Race bahkan untuk balapan nanti malam.MARCO BEZZECCHI - Pebalap besutan Aprilia Racing, Marco Bezzecchi berhasil menyabet pole position MotoGP Mandalika 2025 di Sirkuit Mandalika, pada 4 Oktober 2025. Bezzecchi mengikis gap poin atas Pecco Bagnaia. (Foto: Laman Resmi MotoGP) (MotoGP)Tapi sayang, di sesi Sprint Race, Bezzecchi 'terpeleset'. Ia awalnya disalipPedro Acostayang mengawali sesi di urutan kedua, kemudian disusul olehAlex Marquezyang awalnya start di posisi 5.""KetikaPedro Acostamelewati saya, saya berpikir 'Oke, saya bisa mencoba untuk tetap bersamanya dan bersaing dengan baik',"" kata Bezzecchi di situs resmi MotoGP.""Masalahnya adalah ketikaAlex Marquezdatang, saya langsung mengerti bahwa dia adalah yang terkuat.""""Saya berharap bisa merasa sedikit lebih baik; mungkin finis di posisi ketiga, tetapi ada sesuatu yang kurang dari saya,"" sambungnya.Terlepas dari hasil tersebut, Bezzechi berharap bisa kembali bersaing dengan Acosta dan Marquez pada sesi balapan utama.""Saya berharap pertarungan yang lebih besar,"" tantangnya.""Hanya untuk mencoba menempatkan diri saya dalam persaingan. Karena memang benar saya kurang cepat, jadi satu-satunya cara untuk memperkecil jarak adalah bersaing dengan mereka,"" tambahnya.""Di sini, balapannya selalu ketat karena bannya sulit diatur. Tapi treknya menguras fisik. Jadi banyak hal yang harus diperhatikan,"" tutupnya.Bezzecchi akan mengkoreksi apa yang menjadi kesalahan dan kelemahannya dari sesi sprint kemarin agar lebih baik pada sesi balapan.Baca juga:Jadwal MotoGP Portugal 2025 Hari Ini, Race Alex Marquez Cs Mulai Pukul 20.00 WIB Live Trans7Jadwal MotoGP Portugal 2025Minggu, 9 November 2025- Pukul 16.40-16.50 WIB: Warm-up MotoGP- Pukul 17.00-17.40 WIB: Rider Parade- Pukul 18.15 WIB: Race Moto2 (21 Laps)- Pukul 20.00 WIB: Race MotoGP (25 Laps)- Pukul 21.30 WIB: Race Moto3 (19 Laps)Link liveMotoGP Portugal 2025Live Streaming<<< TRIBUNNEWS.COM- LiveMotoGP Portugal 2025di Algarve International Circuit hari ini, Minggu (9/11/2025) pukul 20.00 WIB. Bisa disaksikan melalui siaran langsung Trans7 dan live streaming Vidio.Marco Bezzecchimenantikan duel denganPedro AcostadanAlex Marquez. Selama agenda akhir pekan ini, dari sesi latihan hingga kualifikasi,Marco Bezzecchitampil meyakinkan hingga mendapat waktu tercepat 1 menit 37.556 detik untuk satu putaran yang membuatnya menempati pole position. Harapan Bezzecchi besar, tren positif tersebut bisa berlanjut di sesi Sprint Race bahkan untuk balapan nanti malam. Tapi sayang, di sesi Sprint Race, Bezzecchi 'terpeleset'. Ia awalnya disalipPedro Acostayang mengawali sesi di urutan kedua, kemudian disusul olehAlex Marquezyang awalnya start di posisi 5. ""KetikaPedro Acostamelewati saya, saya berpikir 'Oke, saya bisa mencoba untuk tetap bersamanya dan bersaing dengan baik',"" kata Bezzecchi di situs resmi MotoGP. ""Masalahnya adalah ketikaAlex Marquezdatang, saya langsung mengerti bahwa dia adalah yang terkuat."" ""Saya berharap bisa merasa sedikit lebih baik; mungkin finis di posisi ketiga, tetapi ada sesuatu yang kurang dari saya,"" sambungnya. Terlepas dari hasil tersebut, Bezzechi berharap bisa kembali bersaing dengan Acosta dan Marquez pada sesi balapan utama. ""Saya berharap pertarungan yang lebih besar,"" tantangnya. ""Hanya untuk mencoba menempatkan diri saya dalam persaingan. Karena memang benar saya kurang cepat, jadi satu-satunya cara untuk memperkecil jarak adalah bersaing dengan mereka,"" tambahnya. ""Di sini, balapannya selalu ketat karena bannya sulit diatur. Tapi treknya menguras fisik. Jadi banyak hal yang harus diperhatikan,"" tutupnya. Bezzecchi akan mengkoreksi apa yang menjadi kesalahan dan kelemahannya dari sesi sprint kemarin agar lebih baik pada sesi balapan. Baca juga:Jadwal MotoGP Portugal 2025 Hari Ini, Race Alex Marquez Cs Mulai Pukul 20.00 WIB Live Trans7 Minggu, 9 November 2025 - Pukul 16.40-16.50 WIB: Warm-up MotoGP- Pukul 17.00-17.40 WIB: Rider Parade- Pukul 18.15 WIB: Race Moto2 (21 Laps)- Pukul 20.00 WIB: Race MotoGP (25 Laps)- Pukul 21.30 WIB: Race Moto3 (19 Laps) Live Streaming<<<",https://www.tribunnews.com/sport/7752496/live-motogp-portugal-2025-bezzecchi-tertantang-kalahkan-acosta-dan-marquez,Tribun,olahraga_non_bola,2025-11-09 20:06:42
"Jadwal MotoGP Portugal 2025 Hari Ini, Race Alex Marquez Cs Mulai Pukul 20.00 WIB Live Trans7","Ringkasan Berita:Jadwal raceMotoGPPortugal 2025 hari ini, Minggu (9/11/2025) mulai pukul 16.40 WIB untuk sesi pemanasan.Race Pecco Badnaia cs dijadwalkan pukul 20.00 WIB sebanyak 25 putaran Algarve International CircuitStarting Grid dan klasemenMotoGP2025 tersedia dalam artikel ini, Adik Marc Marquez incar kemenangan.TRIBUNNEWS.COM- JadwalMotoGPPortugal 2025 di Algarve International Circuit hari ini, Minggu (9/11/2025) dimulai pukul 16.40 WIB untuk sesi warm-up rider kelas utama.Main race atau balapan utama para riderMotoGP2025 dijadwalkan mulai pukul 20.00 WIB, setelah sesi Moto2 yang berlangsung sebanyak 21 putaran.Ada perubahan yang akan terjadi pada starting grid MotoGP Portugal 2025 hari ini setelah insiden kecelakaan Raul Fernandez pada sesi Latihan Bebas (FP) 2 kemarin.Ekspresi Raul Fernandez rider besutan Trackhouse Aprilia ketika mendapat posisi ketiga Starting Grid MotoGP Jerman 2024. (Instragam @raulfernandez_25)Fernandez tidak dapat melanjutkan sesi setelah itu, ia bahkan harus undur diri dari sesi balapan akhir pekan ini.Pembalap yang akan memulai balapan di grid malam ini sejumlah 21 dari 22 rider secara keseluruhan.Raul Fernandez tidak ambil bagian dalam kualifikasi, jadi susunan gridnya sama seperti kualifikasi pertama dan kedua.Marco Bezzecchi berada di posisi terdepan, diikuti oleh Pedro Acosta, dan Fabio Quartararo dari line pertama.Pecco Bagnaia memimpin baris kedua di depan pemenang Sprint RaceMotoGPPortugal 2025 kemarin,Alex Marquez, dan Johann Zarco.Lalu diikuti oleh Joan Mir, Jack Miller, serta Fabio Di Giannantonio pada baris ketiga.TekadAlex MarquezPemenang Sprint RaceMotoGPPortugal 2025 tak ingin mengulang kesalahan yang sama pada race nanti malam.Pada sesi sprint kemarin, dalam beberapa momenAlex Marquezmerasakan melambat di lintasan dan ada ketidakseimbangan ban depan sehingga membuatnya tidak nyaman.Karena itu, adik Marc Marquez tersebut terlibat persaingan ketat dengan Pedro Acosta yang harus ditentukan hingga putaran terakhir.""Saya mengawali dengan sangat baik, dan ketika saya berada di belakang mereka, saya menyadari bahwa saya punya sesuatu yang lebih,"" kata Alex ketika memulai sesi sprint dari urutan kelima dikutip dari Crash.""Rencana saya adalah menyalip di tikungan terakhir sebelum yang pertama. Saya selalu memiliki kemampuan berkendara yang baik di sana, dengan Honda dan Ducati,"" sambungnya.  TRIBUNNEWS.COM- JadwalMotoGPPortugal 2025 di Algarve International Circuit hari ini, Minggu (9/11/2025) dimulai pukul 16.40 WIB untuk sesi warm-up rider kelas utama. Main race atau balapan utama para riderMotoGP2025 dijadwalkan mulai pukul 20.00 WIB, setelah sesi Moto2 yang berlangsung sebanyak 21 putaran. Ada perubahan yang akan terjadi pada starting grid MotoGP Portugal 2025 hari ini setelah insiden kecelakaan Raul Fernandez pada sesi Latihan Bebas (FP) 2 kemarin. Fernandez tidak dapat melanjutkan sesi setelah itu, ia bahkan harus undur diri dari sesi balapan akhir pekan ini. Pembalap yang akan memulai balapan di grid malam ini sejumlah 21 dari 22 rider secara keseluruhan. Raul Fernandez tidak ambil bagian dalam kualifikasi, jadi susunan gridnya sama seperti kualifikasi pertama dan kedua. Marco Bezzecchi berada di posisi terdepan, diikuti oleh Pedro Acosta, dan Fabio Quartararo dari line pertama. Pecco Bagnaia memimpin baris kedua di depan pemenang Sprint RaceMotoGPPortugal 2025 kemarin,Alex Marquez, dan Johann Zarco. Lalu diikuti oleh Joan Mir, Jack Miller, serta Fabio Di Giannantonio pada baris ketiga. Pemenang Sprint RaceMotoGPPortugal 2025 tak ingin mengulang kesalahan yang sama pada race nanti malam. Pada sesi sprint kemarin, dalam beberapa momenAlex Marquezmerasakan melambat di lintasan dan ada ketidakseimbangan ban depan sehingga membuatnya tidak nyaman. Karena itu, adik Marc Marquez tersebut terlibat persaingan ketat dengan Pedro Acosta yang harus ditentukan hingga putaran terakhir. ""Saya mengawali dengan sangat baik, dan ketika saya berada di belakang mereka, saya menyadari bahwa saya punya sesuatu yang lebih,"" kata Alex ketika memulai sesi sprint dari urutan kelima dikutip dari Crash. ""Rencana saya adalah menyalip di tikungan terakhir sebelum yang pertama. Saya selalu memiliki kemampuan berkendara yang baik di sana, dengan Honda dan Ducati,"" sambungnya.",https://www.tribunnews.com/sport/7752445/jadwal-motogp-portugal-2025-hari-ini-race-alex-marquez-cs-mulai-pukul-2000-wib-live-trans7,Tribun,olahraga_non_bola,2025-11-09 20:06:44
"Update Klasemen MotoGP 2025: Poin Pecco Bagnaia Dijauhi Bezzecchi, Dipepet Acosta","Ringkasan Berita:KlasemenMotoGP2025 setelah sprint race Portugal jadi alarm bahaya bagiPecco BagnaiaPoinPecco Bagnaiamulai dijauhiMarco Bezzecchidengan selisih 10 angkaPedro Acosta yang finis P2 sprint race Portugal mengikis gap dengan Bagnaia menjadi 19 poinTRIBUNNEWS.COM- Update klasemenMotoGP2025 setelah sprint race Portugal jadi alarm bahaya bagiPecco Bagnaia, Minggu (9/11/2025).Marco Bezzecchi danPedro Acostayang berhasil finis podium sprint raceMotoGPPortugal 2025 mampu mengusik posisi Bagnaia di P4 klasemen.Jagoan Aprilia, Bezzecchi finis podium ketiga berhasil menambah koleksinya menjadi 298 poin. Posisi Bezzecchi kian aman di P3 klasemenMotoGP2025.Sementara itu,Pedro Acostayang nyaris menang sprint raceMotoGPuntuk kali pertama harus puas finis P2.Menariknya raihan si Hiu -julukan Acosta,berhasil menambah koleksinya menjadi 269 poin dan mengikis gap dengan Bagnaia urutan keempat klasemen menjadi 19 angka.lihat fotoPECCO BAGNAIA - Pebalap Ducati Lenovo, Pecco Bagnaia, ketika gagal lolos Q2 dalam sesi kualifikasi MotoGP Mandalika 2025 di Sirkuit Mandalika, pada 4 Oktober 2025. (Foto: Laman Resmi MotoGP)Apes menimpa FB63 gegara kena tikung dilast lapsprint raceMotoGPPortugal 2025 memaksa Bagnaia harus puas finis P8.Torehan Bagnaia di sprint race yang finis P8 bikin dirinya hanya bisa menambah koleksinya menjadi 288 poin.Koleksi tersebut mulai dikejar olehPedro Acostayang saat ini tengah berada dalam momentum apik di atas RC-16 KTM miliknya.Tentu bukan posisi yang nyaman bagi rekan setim Marc Marquez lantaran Bagnaia terancam bisa melorot ke P5 klasemen jika Acosta bisa menyalipnya.Baca juga:Hasil Sprint Race MotoGP Portugal 2025: Alex Marquez Menang, Rusak Mimpi Pedro Acosta Pecah TelurMau tak mau, suami Domizia Castagnini wajib bangkit dan menghindari blunder lagi songsong balapan utama di Sirkuit Portimao.Finis di depan Bezzecchi dan Acosta jadi kewajiban Bagnaia agar membuka kans kembali ke P3 atau setidaknya tak tergusur dari posisi keempatnya saat ini.Perjuangan murid Valentino Rossi di kampung halaman Cristiano Ronaldo akan kembali berlanjut di balapan utamaMotoGPPortugal 2025 hari ini.Balapan utama atau Grand PrixMotoGPPortugal 2025 dijawalkan bergulir mulai pukul 20.00 WIB.KlasemenMotoGP2025 setelah Sprint Race PortugalPer Sabtu (8/11/2025)1. Marc Marquez (545)2. Alex Marquez (425)3.Marco Bezzecchi(298)4. Francesco Bagnaia (288)5.Pedro Acosta(269) TRIBUNNEWS.COM- Update klasemenMotoGP2025 setelah sprint race Portugal jadi alarm bahaya bagiPecco Bagnaia, Minggu (9/11/2025). Marco Bezzecchi danPedro Acostayang berhasil finis podium sprint raceMotoGPPortugal 2025 mampu mengusik posisi Bagnaia di P4 klasemen. Jagoan Aprilia, Bezzecchi finis podium ketiga berhasil menambah koleksinya menjadi 298 poin. Posisi Bezzecchi kian aman di P3 klasemenMotoGP2025. Sementara itu,Pedro Acostayang nyaris menang sprint raceMotoGPuntuk kali pertama harus puas finis P2. Menariknya raihan si Hiu -julukan Acosta,berhasil menambah koleksinya menjadi 269 poin dan mengikis gap dengan Bagnaia urutan keempat klasemen menjadi 19 angka. Apes menimpa FB63 gegara kena tikung dilast lapsprint raceMotoGPPortugal 2025 memaksa Bagnaia harus puas finis P8. Torehan Bagnaia di sprint race yang finis P8 bikin dirinya hanya bisa menambah koleksinya menjadi 288 poin. Koleksi tersebut mulai dikejar olehPedro Acostayang saat ini tengah berada dalam momentum apik di atas RC-16 KTM miliknya. Tentu bukan posisi yang nyaman bagi rekan setim Marc Marquez lantaran Bagnaia terancam bisa melorot ke P5 klasemen jika Acosta bisa menyalipnya. Baca juga:Hasil Sprint Race MotoGP Portugal 2025: Alex Marquez Menang, Rusak Mimpi Pedro Acosta Pecah Telur Mau tak mau, suami Domizia Castagnini wajib bangkit dan menghindari blunder lagi songsong balapan utama di Sirkuit Portimao. Finis di depan Bezzecchi dan Acosta jadi kewajiban Bagnaia agar membuka kans kembali ke P3 atau setidaknya tak tergusur dari posisi keempatnya saat ini. Perjuangan murid Valentino Rossi di kampung halaman Cristiano Ronaldo akan kembali berlanjut di balapan utamaMotoGPPortugal 2025 hari ini. Balapan utama atau Grand PrixMotoGPPortugal 2025 dijawalkan bergulir mulai pukul 20.00 WIB. Per Sabtu (8/11/2025) 1. Marc Marquez (545)2. Alex Marquez (425)3.Marco Bezzecchi(298)4. Francesco Bagnaia (288)5.Pedro Acosta(269)",https://www.tribunnews.com/sport/7752417/update-klasemen-motogp-2025-poin-pecco-bagnaia-dijauhi-bezzecchi-dipepet-acosta,Tribun,olahraga_non_bola,2025-11-09 20:06:46
"Rivan Nurmulki Tak Tersentuh, Bocoran Line-up Timnas Voli Putra Indonesia untuk SEA Games 2025","Ringkasan Berita:Erwin Rusni menyebut line-up utamaTimnas Voli Putra IndonesiauntukSEA Games 2025masih akan sama seperti SEA V League 2025Rivan Nurmulki jadi pilihan paten di posisi oppositeTimnas Voli Putra Indonesia tetap dipatok target medali emas padaSEA Games 2025TRIBUNNEWS.COM-Line-upTimnas Voli Putra IndonesiauntukSEA Games 2025masih akan sama dengan SEA V League lalu.Rivan Nurmulkitak tersentuh di posisi opposite!Perubahan skuadTimnas Voli Putra IndonesiauntukSEA Games 2025yang berlangsung di Thailand, awal Desember mendatang, menghadirkan sorotan baru.Line-up utamaTimnas Voli Putra Indonesiaakankah dirombak oleh pelatih kepalaJeff Jiang Jie, atau mempertahankan kerangka yang ada.Sebab, nama-nama seperti Dio Zulfikri dan Farhan Halim untuk SEA Games 2025 tidak masuk dalam daftar 14 pemain.SKUAD VOLI - Daftar skuad resmi Timnas Voli Putra Indonesia untuk SEA Games 2025 yang berlangsung di Thailand, awal Desember mendatang. Farhan Halim dicoret. (Instagram @indonesian_volleyball)Asisten pelatihTimnas Voli Putra Indonesia,Erwin Rusnimenjelaskan, bahwa hingga detik ini belum ada line-up pasti yang diturunkan untuk SEA Games mendatang. Tetapi dalam sudut pandangnya, kerangka tim utama SEA V League 2025 tidak akan mengalami perubahan signifikan.""Jujur saja untuk saat ini kita (staf kepelatihan-red) masih kesulitan untuk menentukan line-up utama. Tetapi kemungkinan besar masih akan sama seperti SEA V League lalu,"" ujarErwin Rusnikepada Tribunnews, Minggu (9/11/2025) sore WIB.""Untuk middle blocker Hendra dipasangkan sama Tedy Oka, lalu untuk hitter Boy dengan Jordan. Libero ada Fahreza, karena harus diakui dia masih yang terbaik untuk received dan bertahan,"" terangnya menambahkan.""Opposite masih Rivan,"" sambung pria yang semasa aktif menjadi pevoli memperkuat Jakarta Sananta.Di posisi setter, Jasen Natanael Kilanta berpeluang besar menyegel tempat utama, mengingat Dio Zulfikri tidak dibawa keSEA Games 2025Thailand. Jasen akan bersaing dengan setter dari Indomaret Sidoarjo, Alfin Daniel.Perubahan cukup signifikan memang terjadi dalam final rosterTimnas Voli Putra Indonesiauntuk SEA Games Thailand.Nama-nama langganan timnas seperti Muhammad Malizi, Dio Zulfikri, dan Farhan Halim tidak dibawa dalam event dua tahunan tersebut.Pun di masing-masing posisi, juga dihuni pemain yang tak kalah apik sebagai pesaing.Di sektor outside hitter masih ada Fahri Septian Putratama, yang secara received salah satu yang terbaik di Tanah Air. Kemudian Agil Angga unggul untuk urusan serangan, karena juga bisa diplot sebagai opposite.Beralih ke middle blocker, Daffa Naufal Mauludani yang pernah menjadi bagian Indonesia ketika meraih emas SEA Games Vietnam juga tergabung dalam skuad. Lalu ada debutan Kristoforus Sina di posisi MB.Baca juga:Alasan Jiang Jie Coret Farhan Halim dari Skuad Timnas Voli Putra Indonesia di SEA Games 2025Prasojo akan bergantian dengan Fahreza Rakha pada pos libero. SedangkanRivan Nurmulkiyang hingga kini belum tergantikan sebagai pengemban tugas opposite, menempatkan Rama Fazza Fauzan sebagai pelapis. TRIBUNNEWS.COM-Line-upTimnas Voli Putra IndonesiauntukSEA Games 2025masih akan sama dengan SEA V League lalu.Rivan Nurmulkitak tersentuh di posisi opposite! Perubahan skuadTimnas Voli Putra IndonesiauntukSEA Games 2025yang berlangsung di Thailand, awal Desember mendatang, menghadirkan sorotan baru. Line-up utamaTimnas Voli Putra Indonesiaakankah dirombak oleh pelatih kepalaJeff Jiang Jie, atau mempertahankan kerangka yang ada. Sebab, nama-nama seperti Dio Zulfikri dan Farhan Halim untuk SEA Games 2025 tidak masuk dalam daftar 14 pemain. Asisten pelatihTimnas Voli Putra Indonesia,Erwin Rusnimenjelaskan, bahwa hingga detik ini belum ada line-up pasti yang diturunkan untuk SEA Games mendatang. Tetapi dalam sudut pandangnya, kerangka tim utama SEA V League 2025 tidak akan mengalami perubahan signifikan. ""Jujur saja untuk saat ini kita (staf kepelatihan-red) masih kesulitan untuk menentukan line-up utama. Tetapi kemungkinan besar masih akan sama seperti SEA V League lalu,"" ujarErwin Rusnikepada Tribunnews, Minggu (9/11/2025) sore WIB. ""Untuk middle blocker Hendra dipasangkan sama Tedy Oka, lalu untuk hitter Boy dengan Jordan. Libero ada Fahreza, karena harus diakui dia masih yang terbaik untuk received dan bertahan,"" terangnya menambahkan. ""Opposite masih Rivan,"" sambung pria yang semasa aktif menjadi pevoli memperkuat Jakarta Sananta. Di posisi setter, Jasen Natanael Kilanta berpeluang besar menyegel tempat utama, mengingat Dio Zulfikri tidak dibawa keSEA Games 2025Thailand. Jasen akan bersaing dengan setter dari Indomaret Sidoarjo, Alfin Daniel. Perubahan cukup signifikan memang terjadi dalam final rosterTimnas Voli Putra Indonesiauntuk SEA Games Thailand. Nama-nama langganan timnas seperti Muhammad Malizi, Dio Zulfikri, dan Farhan Halim tidak dibawa dalam event dua tahunan tersebut. Pun di masing-masing posisi, juga dihuni pemain yang tak kalah apik sebagai pesaing. Di sektor outside hitter masih ada Fahri Septian Putratama, yang secara received salah satu yang terbaik di Tanah Air. Kemudian Agil Angga unggul untuk urusan serangan, karena juga bisa diplot sebagai opposite. Beralih ke middle blocker, Daffa Naufal Mauludani yang pernah menjadi bagian Indonesia ketika meraih emas SEA Games Vietnam juga tergabung dalam skuad. Lalu ada debutan Kristoforus Sina di posisi MB. Baca juga:Alasan Jiang Jie Coret Farhan Halim dari Skuad Timnas Voli Putra Indonesia di SEA Games 2025 Prasojo akan bergantian dengan Fahreza Rakha pada pos libero. SedangkanRivan Nurmulkiyang hingga kini belum tergantikan sebagai pengemban tugas opposite, menempatkan Rama Fazza Fauzan sebagai pelapis.",https://www.tribunnews.com/sport/7752607/rivan-nurmulki-tak-tersentuh-bocoran-line-up-timnas-voli-putra-indonesia-untuk-sea-games-2025,Tribun,olahraga_non_bola,2025-11-09 20:06:49
Jadwal Badminton setelah Korea Masters 2025: Kadek Dhinda Lanjut Main di Kumamoto Masters 2025,"Ringkasan Berita:Kumamoto Masters 2025 jadi agenda badminton selanjutnya setelahKorea Masters 2025selesai, akan diikuti 5 wakil IndonesiaNi Kadek Dhinda kembali berlaga bersama Gregoria Mariska setelah mebuktikan tuahnya saat beraksi diKorea Masters 2025Menariknya, sebelumnya ada Anthony Ginting bahkan Jonatan Christie yang ambil bagian diKumamoto Masters 2025, namun mereka memutuskan mundurTRIBUNNEWS.COM- Jadwal badminton setelahKorea Masters 2025rampung adaKumamoto Masters 2025di Jepang.Kumamoto Masters 2025 merupakan turnamen berlabel super 500 yang mana Indonesia menurunkan sebanyak 5 wakil.Turamen ini akan dihelat di Kumamoto Prefectural Gymnasium, Jepang, mulai Selasa (11/11/2025) hingga Minggu (16/11/2025).Wakil Indonesia yang ambil bagian adaNi Kadek Dhinda Amartya Pratiwiyang telah membuktikan tuahnya diKorea Masters 2025, lanjut main diKumamoto Masters 2025.Kadek Dhinda selaku andalan di nomor tunggal putri akan menemani seniornya, Gregoria Mariska.Atlet yang akrab disapa Jorji tersebut akan coba peruntungannya diKumamoto Masters 2025bersama Dhinda.Pemain asal Wonogiri tersebut mendapat status mentereng jelang bermain diKumamoto Masters 2025.Keuntungan dari banyaknya wakil elite dunia seperti An Se-young (Korea), Wang Zhi Yi (China), hingga Putri Kusuma Wardani, bikin Jorji dapat status unggulan.lihat fotoTEMBUS SEMIFINAL - Pebulutangkis tunggal putri Indonesia, Ni Kadek Dhinda Amartya Pratiwi, berhasil menembus babak semifinal turnamen Korea Masters 2025 setelah menyingkirkan wakil tuan rumah, Park Ga Eun dengan skor 21-15, 22-24, 21-13 di Wonkwang University Cultural dan Sports Center, Iksan, Korea Selatan, Jumat (7/11/2025).Istri Mikha Angelo ini didapuk sebagai unggulan keempat dalam gelaranKumamoto Masters 2025.Unggulan-unggulan lain di tunggal putri ada jagoan tuan rumah, Akane Yamaguchi, Tokoma Miyazaki, hingga idola Jorji, Ratchanok Intanon (Thailand).Dhinda yang akan turut ambil bagian bersama Jorji tak berstatus unggulan.Ini karena peringkat dunia Dhinda masih jauh dari potensinya menjadi pemain unggulan di level super 500.Baca juga:Kumamoto Masters 2025 Penentuan Nasib Fajar/Fikri ke BWF World Tour Finals 2025Jelang main diKumamoto Masters 2025, peringkat dunia milik Dhinda masih di luar top 100.Selain Jorji dan Dhinda, masih ada utusan Merah-Putih lain yang turut berlaga.Di tunggal putra ada dua pemain muda Indonesia yang akan beraksi. TRIBUNNEWS.COM- Jadwal badminton setelahKorea Masters 2025rampung adaKumamoto Masters 2025di Jepang. Kumamoto Masters 2025 merupakan turnamen berlabel super 500 yang mana Indonesia menurunkan sebanyak 5 wakil. Turamen ini akan dihelat di Kumamoto Prefectural Gymnasium, Jepang, mulai Selasa (11/11/2025) hingga Minggu (16/11/2025). Wakil Indonesia yang ambil bagian adaNi Kadek Dhinda Amartya Pratiwiyang telah membuktikan tuahnya diKorea Masters 2025, lanjut main diKumamoto Masters 2025. Kadek Dhinda selaku andalan di nomor tunggal putri akan menemani seniornya, Gregoria Mariska. Atlet yang akrab disapa Jorji tersebut akan coba peruntungannya diKumamoto Masters 2025bersama Dhinda. Pemain asal Wonogiri tersebut mendapat status mentereng jelang bermain diKumamoto Masters 2025. Keuntungan dari banyaknya wakil elite dunia seperti An Se-young (Korea), Wang Zhi Yi (China), hingga Putri Kusuma Wardani, bikin Jorji dapat status unggulan. Istri Mikha Angelo ini didapuk sebagai unggulan keempat dalam gelaranKumamoto Masters 2025. Unggulan-unggulan lain di tunggal putri ada jagoan tuan rumah, Akane Yamaguchi, Tokoma Miyazaki, hingga idola Jorji, Ratchanok Intanon (Thailand). Dhinda yang akan turut ambil bagian bersama Jorji tak berstatus unggulan. Ini karena peringkat dunia Dhinda masih jauh dari potensinya menjadi pemain unggulan di level super 500. Baca juga:Kumamoto Masters 2025 Penentuan Nasib Fajar/Fikri ke BWF World Tour Finals 2025 Jelang main diKumamoto Masters 2025, peringkat dunia milik Dhinda masih di luar top 100. Selain Jorji dan Dhinda, masih ada utusan Merah-Putih lain yang turut berlaga. Di tunggal putra ada dua pemain muda Indonesia yang akan beraksi.",https://www.tribunnews.com/sport/7752592/jadwal-badminton-setelah-korea-masters-2025-kadek-dhinda-lanjut-main-di-kumamoto-masters-2025,Tribun,olahraga_non_bola,2025-11-09 20:06:51
Alasan Jiang Jie Coret Farhan Halim dari Skuad Timnas Voli Putra Indonesia di SEA Games 2025,"Ringkasan Berita:Jeff Jiang Jie menjadi aktor utama di balik keputusan mencoretFarhan Halimdari skuadTimnas Voli Putra IndonesiadiSEA Games 2025Masalah waktu bergabung dalam pemusatan latihan jadi alasan mengapaFarhan HalimdicoretFarhan Halim saat ini berkompetisi di Liga Voli Jepang memperkuat VC Nagano TridentsTRIBUNNEWS.COM- Asisten pelatihErwin Rusnimenjelaskan alasan pencoretanFarhan Halimdari skuadTimnas Voli Putra IndonesiauntukSEA Games 2025.Dalam keteranganErwin Rusni, pencoretanFarhan Halimmutlak berdasarkan keputusan pelatihTimnas Voli Putra Indonesia,Jeff Jiang Jie.Volimania Tanah Air bertanya-tanya apa alasanFarhan Halimdicoret dari skuad finalTimnas Voli Putra IndonesiauntukSEA Games 2025yang berlangsung di Thailand awal Desember nanti.Farhan dipandang sebagai salah satu outside hitter (OH) terbaik yang dimiliki Indonesia. Bahkan dia kini berstatus abroad, membela tim kasta tertinggi Liga Voli Jepang, VC Nagano Tridents.""Soal pencoretanFarhan Halimmemang keputusannya berada di tangan pelatih (Jeff Jiang Jie-red),"" terang asisten pelatihTimnas Voli Putra Indonesia,Erwin Rusni, ketika dihubungi Tribunnews, Minggu (9/11) sore WIB.""Kita sebagai asisten pelatih sudah memberikan masukan soal plus-minus pemain mana yang dipilih,"" sambung pria yang pernah memperkuat Jakarta Sananta di Proliga 2008.Erwin Rusni menambahkan, masalah mepetnya waktu bergabungFarhan Halimjuga jadi pertimbangan keputusan diambilJeff Jiang Jie.Jika memaksakan Farhan dibawa ke Thailand, sang pevoli baru bisa bergabung H-7 sebelum caborvoliindoor dipertandingkan. Sementara dalam pemusatan latihan, keberadaanFarhan Halimsangat dibutuhkan dalam TC untuk memadukan chemistry permainan.""Selain itu, Farhan baru bisa bergabung seminggu sebelum SEA Games (voli-red) berlangsung. Jadi itu sedikit banyak jadi kendala.""""Saat latihan juga kita kan butuh pemain yang lengkap, sehingga kalau baru bergabung seminggu sebelum dimulai, kita kerepotan.""""Karena itu akhirnya coach Jeff memilih itu (mencoret Farhan-red). Sementara untuk posisi hitter juga mumpuni dengan pemain yang ada, kita berusaha memaksimalkan.""Di sisi lain, pencoretanFarhan Halimjuga bukannya tanpa pertimbangan matang. Di posisi OH, timvoliputra Indonesia dihuni deretan spiker terbaik saat ini, meliputi Boy Arnez, Jordan Michael Susanto, Agil Angga Anggara, dan Fahri Septian Putratama.Jeff Jiang Jie percaya dengan skuad yang ada, Timnas Voli Putra Indonesia mampu mempertahankan medali emas, yang dalam tiga edisi terakhir penyelenggaraan SEA Games, sukses dibawa pulang ke Tanah Air.Baca juga:Kabar Farhan Halim setelah Dicoret dari Timnas Voli Indonesia: Masih Jadi Camat di Nagano TridentsPendaftaran Pemain Sempat TerlambatErwin Rusni juga menceritakan, keputusan pemilihan pemain juga bukannya tanpa kendala. Sebab skuad finalTimnas Voli Putra IndonesiauntukSEA Games 2025harus diserahkan ke PBVSI pada 29 Oktober kemarin.Sementara pemusatan latihan atau TCTimnas Voli Putra Indonesiabaru dimulai setelah Livoli, yang pada timeline PBVSI, aktif dimulai 23 Oktober lalu. TRIBUNNEWS.COM- Asisten pelatihErwin Rusnimenjelaskan alasan pencoretanFarhan Halimdari skuadTimnas Voli Putra IndonesiauntukSEA Games 2025. Dalam keteranganErwin Rusni, pencoretanFarhan Halimmutlak berdasarkan keputusan pelatihTimnas Voli Putra Indonesia,Jeff Jiang Jie. Volimania Tanah Air bertanya-tanya apa alasanFarhan Halimdicoret dari skuad finalTimnas Voli Putra IndonesiauntukSEA Games 2025yang berlangsung di Thailand awal Desember nanti. Farhan dipandang sebagai salah satu outside hitter (OH) terbaik yang dimiliki Indonesia. Bahkan dia kini berstatus abroad, membela tim kasta tertinggi Liga Voli Jepang, VC Nagano Tridents. ""Soal pencoretanFarhan Halimmemang keputusannya berada di tangan pelatih (Jeff Jiang Jie-red),"" terang asisten pelatihTimnas Voli Putra Indonesia,Erwin Rusni, ketika dihubungi Tribunnews, Minggu (9/11) sore WIB. ""Kita sebagai asisten pelatih sudah memberikan masukan soal plus-minus pemain mana yang dipilih,"" sambung pria yang pernah memperkuat Jakarta Sananta di Proliga 2008. Erwin Rusni menambahkan, masalah mepetnya waktu bergabungFarhan Halimjuga jadi pertimbangan keputusan diambilJeff Jiang Jie. Jika memaksakan Farhan dibawa ke Thailand, sang pevoli baru bisa bergabung H-7 sebelum caborvoliindoor dipertandingkan. Sementara dalam pemusatan latihan, keberadaanFarhan Halimsangat dibutuhkan dalam TC untuk memadukan chemistry permainan. ""Selain itu, Farhan baru bisa bergabung seminggu sebelum SEA Games (voli-red) berlangsung. Jadi itu sedikit banyak jadi kendala."" ""Saat latihan juga kita kan butuh pemain yang lengkap, sehingga kalau baru bergabung seminggu sebelum dimulai, kita kerepotan."" ""Karena itu akhirnya coach Jeff memilih itu (mencoret Farhan-red). Sementara untuk posisi hitter juga mumpuni dengan pemain yang ada, kita berusaha memaksimalkan."" Di sisi lain, pencoretanFarhan Halimjuga bukannya tanpa pertimbangan matang. Di posisi OH, timvoliputra Indonesia dihuni deretan spiker terbaik saat ini, meliputi Boy Arnez, Jordan Michael Susanto, Agil Angga Anggara, dan Fahri Septian Putratama. Jeff Jiang Jie percaya dengan skuad yang ada, Timnas Voli Putra Indonesia mampu mempertahankan medali emas, yang dalam tiga edisi terakhir penyelenggaraan SEA Games, sukses dibawa pulang ke Tanah Air. Baca juga:Kabar Farhan Halim setelah Dicoret dari Timnas Voli Indonesia: Masih Jadi Camat di Nagano Tridents Erwin Rusni juga menceritakan, keputusan pemilihan pemain juga bukannya tanpa kendala. Sebab skuad finalTimnas Voli Putra IndonesiauntukSEA Games 2025harus diserahkan ke PBVSI pada 29 Oktober kemarin. Sementara pemusatan latihan atau TCTimnas Voli Putra Indonesiabaru dimulai setelah Livoli, yang pada timeline PBVSI, aktif dimulai 23 Oktober lalu.",https://www.tribunnews.com/sport/7752587/alasan-jiang-jie-coret-farhan-halim-dari-skuad-timnas-voli-putra-indonesia-di-sea-games-2025,Tribun,olahraga_non_bola,2025-11-09 20:06:53
Kumamoto Masters 2025 Penentuan Nasib Fajar/Fikri ke BWF World Tour Finals 2025,"Ringkasan Berita:Nasib Fajar Alfian/Shohibul Fikri keBWF World Tour Finals 2025ditentukan dalam gelaranKumamoto Masters 2025pekan depanFajar/Fikri masih menjaga peluang lolosBWF World Tour Finals 2025setelah Korea Masters 2025 rampung gegara rivalnya gagal mencapai babak semifinalPenentuan nasib pasangan anyar ganda putra Indonesia akan terjadi diKumamoto Masters 2025berlabel super 500TRIBUNNEWS.COM- Gelaran Korea Masters 2025 telah rampung pada pekan ini,BWF World Tour 2025lanjut ke Jepang pekan depan.Tepatnya mulai Selasa (11/11/2025) hingga Minggu (16/11/2025) mendatang akan berlangsung turnamen bertajukKumamoto Masters 2025.Kumamoto Masters 2025 merupakan turnamen dengan level super 500 yang akan dihelat di Kumamoto Prefectural Gymnasium, Jepang.Fajar Alfian/Muhammad Shohibul Fikri yang masih berpeluang lolosBWF World Tour Finals 2025tak ambil bagian dalam gelaran tersebut.Jadwal tandingFajar/Fikriuntuk berburu poin BWF berlanjut di Australia Open 2025 yang juga berlabel sama, super 500.Australia Open 2025 akan bergulir setelahKumamoto Masters 2025rampung, yakni pada 18-23 November 2025 mendatang.Di saat Fajar/Fikri absen tanding, nasib keduanya lolos atau tidak ke BWF World Tour Finals ditentukan di Kumamoto Masters 2025.lihat fotoKOREA OPEN 2025 - Selebrasi dari ganda putra Indonesia, Fajar Alfian/Muhammad Shohibul Fikri dalam partai babak semifinal Korea Open 2025 melawan Lee Jhe-Huei/Yang Po-Hsuan (Taiwan) di Suwon Gymnasium, pada 27 September 2025. Dok/PBSISkenario Fajar/Fikri ke BWF World Tour Finals 2025Adanya kesempatanFajar/FikrikeBWF World Tour Finals 2025sejatinya cukup mengejutkan.Pasangan baru yang debut pada pertengahan musim 2025 ini baru bermain sekira 8 turnamen sejauh ini.Torehan poin BWF dari 8 turnamenFajar/Fikrimampu membawa keduanya bersaing untuk mencuri spot lolos.Namun, peluang Fajar/Fikri untuk lolos cukup tipis dan butuh skenario ajaib untuk mewujudkannya.Baca juga:Kejutan Korea Masters 2025: Lee/Lee Ambyar, Fajar/Fikri Jaga Asa ke BWF World Tour Finals 2025Keduanya akan bergantung dari hasil tiga wakil Taiwan diKumamoto Masters 2025untuk menentukan nasibnya.Ada Lee Fang Chih/Lee Fang-jen, Chiu Hsiang Chieh/Wang Chi-Lin dan Lee Jhe Huei/Yang Po Hsuan.Ketiga utusan Taiwan itu patut dikawal diKumamoto Masters 2025mendatang karena hasil ketiganya memengaruhi nasibFajar/Fikri.Skenarionya, jika Lee/Lee mencapai babak perempat final turnamen super 500, maka peluangFajar/Fikriauto ambyar. TRIBUNNEWS.COM- Gelaran Korea Masters 2025 telah rampung pada pekan ini,BWF World Tour 2025lanjut ke Jepang pekan depan. Tepatnya mulai Selasa (11/11/2025) hingga Minggu (16/11/2025) mendatang akan berlangsung turnamen bertajukKumamoto Masters 2025. Kumamoto Masters 2025 merupakan turnamen dengan level super 500 yang akan dihelat di Kumamoto Prefectural Gymnasium, Jepang. Fajar Alfian/Muhammad Shohibul Fikri yang masih berpeluang lolosBWF World Tour Finals 2025tak ambil bagian dalam gelaran tersebut. Jadwal tandingFajar/Fikriuntuk berburu poin BWF berlanjut di Australia Open 2025 yang juga berlabel sama, super 500. Australia Open 2025 akan bergulir setelahKumamoto Masters 2025rampung, yakni pada 18-23 November 2025 mendatang. Di saat Fajar/Fikri absen tanding, nasib keduanya lolos atau tidak ke BWF World Tour Finals ditentukan di Kumamoto Masters 2025. Adanya kesempatanFajar/FikrikeBWF World Tour Finals 2025sejatinya cukup mengejutkan. Pasangan baru yang debut pada pertengahan musim 2025 ini baru bermain sekira 8 turnamen sejauh ini. Torehan poin BWF dari 8 turnamenFajar/Fikrimampu membawa keduanya bersaing untuk mencuri spot lolos. Namun, peluang Fajar/Fikri untuk lolos cukup tipis dan butuh skenario ajaib untuk mewujudkannya. Baca juga:Kejutan Korea Masters 2025: Lee/Lee Ambyar, Fajar/Fikri Jaga Asa ke BWF World Tour Finals 2025 Keduanya akan bergantung dari hasil tiga wakil Taiwan diKumamoto Masters 2025untuk menentukan nasibnya. Ada Lee Fang Chih/Lee Fang-jen, Chiu Hsiang Chieh/Wang Chi-Lin dan Lee Jhe Huei/Yang Po Hsuan. Ketiga utusan Taiwan itu patut dikawal diKumamoto Masters 2025mendatang karena hasil ketiganya memengaruhi nasibFajar/Fikri. Skenarionya, jika Lee/Lee mencapai babak perempat final turnamen super 500, maka peluangFajar/Fikriauto ambyar.",https://www.tribunnews.com/sport/7752569/kumamoto-masters-2025-penentuan-nasib-fajarfikri-ke-bwf-world-tour-finals-2025,Tribun,olahraga_non_bola,2025-11-09 20:06:55
"Prediksi Ranking BWF Raymond/Joaquin setelah Runner-up Korea Masters 2025, Naik 6 Tangga","Ringkasan Berita:Prediksi ranking BWFRaymond Indra/Nikolaus Joaquinmampu melesat hingga 6 tangga meskipun harus puas keluar sebagai runner-upTambahan poin BWF sebanyak 5950 berhasil membawa pasangan muda ganda putra Indonesia mendekat ke top 30Berkat runner-upKorea Masters 2025Raymond/Joaquin mencapai peringkat tertinggi sepanjang karier keduanyaTRIBUNNEWS.COM- Hasil akhir ganda putra Indonesia,Raymond Indra/Nikolaus JoaquindiKorea Masters 2025bikin keduanya mampu meningkatkan peringkat dunia, Minggu (9/11/2025).Raymond/Joaquin di finalKorea Masters 2025keluar sebagai runner-up setelah dihajar oleh wakil tuan rumah Lee Jong-min/Wang Chan hinggarubber game.Kekalahan junior Fajar Alfian dalam babak final turnamen super 300 tetap membawa berkah lantaran berpengaruh dengan torehan poin BWF yang didapatkan.Bermain di turnamen level super 300, poin BWF paling tinggi yang akan didapat oleh kontestan dengan hasil juara akan mengantongi sebanyak 7000 poin.Sementara jika keluar sebagai runner-up, tetap cukup tinggi dalam perolehan poin BWF yakni sebesar 5950 angka.Untuk pasangan muda seperti Raymond/Joaquin yang tengah berjuang mendongkrak ranking BWF, torehan di Korea Masters 2025 terbilang lumayan.Baca juga:Rekap Hasil Final Korea Masters 2025: Indonesia Nirgelar, Tuah Rumah Segel Juara UmumTambahan poin BWF sebanyak itu membuat keduanya mampu meningkatkan peringkat dunia.Saat ini, ranking BWF Raymond/Joaquin berada di peringkat ke-37 dunia dengan koleksi sebanyak 34,970 poin.Dapat tambahan dariKorea Masters 2025, diprediksi Raymond/Joaquin bisa melesat ke urutan 31 dunia.Torehan baru dari Raymond/Joaquin diprediksi bisa melengserkan seniornya, Shohibul Fikri/Daniel Marthin yang kehilangan beberapa koleksi poin.lihat fotoRAYMOND/JOAQUIN - Ganda putra Indonesia, Raymond Indra/Nikolaus Joaquin bermain dalam gelaran Korea Masters 2025 babak 16 besar pada 6 November 2025. Dok/PBSIFikri/Daniel yang sementara ini terpisah gegara cedera dan Fikri juga sudah berpasangan dengan Fajar, peringkat dunia kian melorot.Termasuk setelah Korea Masters edisi kali ini usai, Fikri/Daniel berpotensi digusur oleh Raymond/Joaquin.Dengan menduduki peringkat 31 dunia, Raymond/Joaquin mencapai ranking terbaik sepanjang keduanya berpasangan.Sebelum ini dengan berada di ranking 37 dunia, keduanya telah mencapai peringkat tertinggi sepanjang kariernya.Ditambah dengan torehan dariKorea Masters 2025membuat peringkat keduanya perlahan kian melejit. TRIBUNNEWS.COM- Hasil akhir ganda putra Indonesia,Raymond Indra/Nikolaus JoaquindiKorea Masters 2025bikin keduanya mampu meningkatkan peringkat dunia, Minggu (9/11/2025). Raymond/Joaquin di finalKorea Masters 2025keluar sebagai runner-up setelah dihajar oleh wakil tuan rumah Lee Jong-min/Wang Chan hinggarubber game. Kekalahan junior Fajar Alfian dalam babak final turnamen super 300 tetap membawa berkah lantaran berpengaruh dengan torehan poin BWF yang didapatkan. Bermain di turnamen level super 300, poin BWF paling tinggi yang akan didapat oleh kontestan dengan hasil juara akan mengantongi sebanyak 7000 poin. Sementara jika keluar sebagai runner-up, tetap cukup tinggi dalam perolehan poin BWF yakni sebesar 5950 angka. Untuk pasangan muda seperti Raymond/Joaquin yang tengah berjuang mendongkrak ranking BWF, torehan di Korea Masters 2025 terbilang lumayan. Baca juga:Rekap Hasil Final Korea Masters 2025: Indonesia Nirgelar, Tuah Rumah Segel Juara Umum Tambahan poin BWF sebanyak itu membuat keduanya mampu meningkatkan peringkat dunia. Saat ini, ranking BWF Raymond/Joaquin berada di peringkat ke-37 dunia dengan koleksi sebanyak 34,970 poin. Dapat tambahan dariKorea Masters 2025, diprediksi Raymond/Joaquin bisa melesat ke urutan 31 dunia. Torehan baru dari Raymond/Joaquin diprediksi bisa melengserkan seniornya, Shohibul Fikri/Daniel Marthin yang kehilangan beberapa koleksi poin. Fikri/Daniel yang sementara ini terpisah gegara cedera dan Fikri juga sudah berpasangan dengan Fajar, peringkat dunia kian melorot. Termasuk setelah Korea Masters edisi kali ini usai, Fikri/Daniel berpotensi digusur oleh Raymond/Joaquin. Dengan menduduki peringkat 31 dunia, Raymond/Joaquin mencapai ranking terbaik sepanjang keduanya berpasangan. Sebelum ini dengan berada di ranking 37 dunia, keduanya telah mencapai peringkat tertinggi sepanjang kariernya. Ditambah dengan torehan dariKorea Masters 2025membuat peringkat keduanya perlahan kian melejit.",https://www.tribunnews.com/sport/7752555/prediksi-ranking-bwf-raymondjoaquin-setelah-runner-up-korea-masters-2025-naik-6-tangga,Tribun,olahraga_non_bola,2025-11-09 20:06:57
"Transfer Pembalap MotoGP 2027: Fabio Quartararo ke Aprilia, KTM Blokir Keluarnya Pedro Acosta","Ringkasan Berita:Bursa transfer pembalapMotoGP 2027diwarnai kabarApriliayang kembali berusaha mendekatiFabio Quartararodari YamahaSementara dariKTM, berusaha memblokir pintu keluarPedro Acostadengan cara memberikan motor terbaik19 pembalap habis kontrak setelah MotoGP 2026 berakhirTRIBUNNEWS.COM- Update transfer pembalapMotoGP 2027datang dari garasiApriliadanKTM.Apriliadilaporkan akan melakukan pertaruhan untuk mendatangkanFabio Quartararo.SementaraKTMakan mempertahankan semaksimal mungkin agarPedro Acostatidak menyeberang ke tim rival padaMotoGP 2027.Jendela transfer pembalapMotoGP 2027menghadirkan sorotan. Sebab peluang untuk menciptakan saga transfer kepindahan pembalap maupun plot twist terbuka lebar.Hal ini tak terlepas karena mayoritas pembalap akan habis kontraknya setelah MotoGP 2026 usai.CORNERING - Pembalap Monster Energy Yamaha asal Prancis Fabio Quartararo berkendara saat sesi latihan Grand Prix MotoGP Thailand di Sirkuit Internasional Buriram di Buriram pada 27 Oktober 2023. (Foto Arsip, Oktober 2023)(LILLIAN SUWANRUMPHA / AFP)Tak terkecuali Marco Bezzecchi danJorge Martinyang terikat kontrak dengan pabrikan Noale, Italia,Aprilia. Jika melihat performa, Bezzecchi di atas Martin.Bahkan Bez, sapaan akrab Marco Bezzecchi, tengah bersaing panas melawan Francesco 'Pecco' Bagnaia di perebutan posisi tiga klasemen akhir MotoGP 2025.Lain cerita denganJorge Martindi mana juara dunia MotoGP 2024 ini tercecer di posisi 21 klasemen berbekal 34 poin.Sebagai catatan,Jorge Martinabsen di sejumlah seri karena mengalami cedera. Bahkan waktu adaptasinya tidak semaksimal Bezzecchi.Situasinya kini menjadi pertanyaan bagiAprilia, akankah 'adik dari Ducati' ini akan memperpanjang kontrakJorge Martinatau sebaliknya? Mengingat rider asal Madrid, Spanyol ini sempat ingin meninggalkan tim satu tahun lebih cepat dari kontrak yang dia miliki.Dalam laporan Diario AS,Apriliaberpeluang besar untuk mendepakJorge Martinsetelah MotoGP 2026, dengan catatan rider berjuluk The Martinator itu gagal memperlihatkan kemampuan terbaiknya.Martin pun tidak kurang peminat. Honda Racing Corporation (HRC) juga sudah menunggu kesempatan untuk merealisasikan keinginan tertundanya mendapatkan tanda tanganJorge Martin.Aprilia juga bukannya tanpa opsi pengganti jika memilih tak memperpanjang kontrak JM01.Sebab,Apriliajuga ingin mewujudkan transfer impiannya dalam mendatangkan El Diablo, julukanFabio Quartararo.Menjadi rahasia umum bahwaApriliasempat mengincar pembalap kelahiran Nice, Prancis. Pada MotoGP 2024,Apriliapernah berusaha untuk mendatangkan Quartararo, sebelum akhirnya juara dunia MotoGP 2021 memilih memperpanjang kontrak di Monster Energy Yamaha.Bahkan El Diablo menjadi pembalap dengan gaji tertinggi di grid MotoGP saat ini, yakni mencapai Rp207 miliar. TRIBUNNEWS.COM- Update transfer pembalapMotoGP 2027datang dari garasiApriliadanKTM.Apriliadilaporkan akan melakukan pertaruhan untuk mendatangkanFabio Quartararo. SementaraKTMakan mempertahankan semaksimal mungkin agarPedro Acostatidak menyeberang ke tim rival padaMotoGP 2027. Jendela transfer pembalapMotoGP 2027menghadirkan sorotan. Sebab peluang untuk menciptakan saga transfer kepindahan pembalap maupun plot twist terbuka lebar. Hal ini tak terlepas karena mayoritas pembalap akan habis kontraknya setelah MotoGP 2026 usai. Tak terkecuali Marco Bezzecchi danJorge Martinyang terikat kontrak dengan pabrikan Noale, Italia,Aprilia. Jika melihat performa, Bezzecchi di atas Martin. Bahkan Bez, sapaan akrab Marco Bezzecchi, tengah bersaing panas melawan Francesco 'Pecco' Bagnaia di perebutan posisi tiga klasemen akhir MotoGP 2025. Lain cerita denganJorge Martindi mana juara dunia MotoGP 2024 ini tercecer di posisi 21 klasemen berbekal 34 poin. Sebagai catatan,Jorge Martinabsen di sejumlah seri karena mengalami cedera. Bahkan waktu adaptasinya tidak semaksimal Bezzecchi. Situasinya kini menjadi pertanyaan bagiAprilia, akankah 'adik dari Ducati' ini akan memperpanjang kontrakJorge Martinatau sebaliknya? Mengingat rider asal Madrid, Spanyol ini sempat ingin meninggalkan tim satu tahun lebih cepat dari kontrak yang dia miliki. Dalam laporan Diario AS,Apriliaberpeluang besar untuk mendepakJorge Martinsetelah MotoGP 2026, dengan catatan rider berjuluk The Martinator itu gagal memperlihatkan kemampuan terbaiknya. Martin pun tidak kurang peminat. Honda Racing Corporation (HRC) juga sudah menunggu kesempatan untuk merealisasikan keinginan tertundanya mendapatkan tanda tanganJorge Martin. Aprilia juga bukannya tanpa opsi pengganti jika memilih tak memperpanjang kontrak JM01. Sebab,Apriliajuga ingin mewujudkan transfer impiannya dalam mendatangkan El Diablo, julukanFabio Quartararo. Menjadi rahasia umum bahwaApriliasempat mengincar pembalap kelahiran Nice, Prancis. Pada MotoGP 2024,Apriliapernah berusaha untuk mendatangkan Quartararo, sebelum akhirnya juara dunia MotoGP 2021 memilih memperpanjang kontrak di Monster Energy Yamaha. Bahkan El Diablo menjadi pembalap dengan gaji tertinggi di grid MotoGP saat ini, yakni mencapai Rp207 miliar.",https://www.tribunnews.com/sport/7752536/transfer-pembalap-motogp-2027-fabio-quartararo-ke-aprilia-ktm-blokir-keluarnya-pedro-acosta,Tribun,olahraga_non_bola,2025-11-09 20:07:00
"Rekap Hasil Final Korea Masters 2025: Indonesia Nirgelar, Tuah Rumah Segel Juara Umum","Ringkasan Berita:Rekap hasil final Korea Masters 2025 tak ada wakilIndonesiayang keluar sebagai juara dan naik podium tertinggiRaymond Indra/Nikolaus Joaquin harus mengakui keunggulan wakil tuan rumah, Lee/Wang setelah berduel hingga 3 gim dalam babak finalKontingen Korea selaku tuan rumah keluar sebagai juara umum lantaran berhasil mengamankan dua gelarTRIBUNNEWS.COM- Rekap hasil final Korea Masters 2025 berujung buruk bagi wakilIndonesiayang berjuang meraih gelar, Minggu (9/11/2025).Raymond Indra/Nikolaus Joaquin dari sektor ganda putra, bermain melawan utusan tuan rumah Lee Jong-min/Wang Chan di Iksan City, Korea Selatan.Pertarungan sengit yang dipertontonkan Raymond/Joaquin saat beradu dengan Lee/Wang berlangsung hingga 3 gim.Utusan Merah-Putih berhasil mengunci kemenangan lebih dulu di gim pertama skor 16-21 sebelum petaka hadir di gim kedua.Dominasi Lee/Wang tak terbantahkan ketika berhasil membelenggu Raymond/Joaquin sepanjang gim kedua.Momentum apik utusan Korea di gim kedua berhasil dituntaskan dengan kemenangan telak 21-16.Pasangan andalan tuan rumah tentu bertekad untuk melanjutkan kiprah apiknya di gim penentuan.Baca juga:Fakta Final Korea Masters 2025: Sejarah Raymond/Joaquin, Tuan Rumah Bidik Juara UmumBenar saja, Lee/Wang mampu menekan dan tak memberikan celah kepada Raymond/Joaquin sepanjang gim ketiga.Tak heran jika pada akhirnya Lee/Wang justru mampu menumbangkan utusanIndonesiadengan skor Afrika.Yap, wakilIndonesiatak mampu memperjuangkan skor hingga dua digit, harus puas dengan skor 21-6.Dengan kekalahan Raymond/Joaquin, maka asaIndonesiabisa juara Korea Masters 2025 auto buyar.Harapan Raymond/Joaquin mengukir sejarah di Korea Masters 2025 juga tertutup seketika.Padahal sejarah bagi pasanganIndonesiamenanti yakni sebagai ganda putra Merah-Putih pertama juara Korea Masters.Kemudian berpotensi untuk mengamankan gelar super 300 pertama dalam karier Raymond/Joaquin.Tuan Rumah Juara UmumBeda nasib dengan delegasiIndonesia, Korea selaku tuan rumah berjaya di kandang sendiri. TRIBUNNEWS.COM- Rekap hasil final Korea Masters 2025 berujung buruk bagi wakilIndonesiayang berjuang meraih gelar, Minggu (9/11/2025). Raymond Indra/Nikolaus Joaquin dari sektor ganda putra, bermain melawan utusan tuan rumah Lee Jong-min/Wang Chan di Iksan City, Korea Selatan. Pertarungan sengit yang dipertontonkan Raymond/Joaquin saat beradu dengan Lee/Wang berlangsung hingga 3 gim. Utusan Merah-Putih berhasil mengunci kemenangan lebih dulu di gim pertama skor 16-21 sebelum petaka hadir di gim kedua. Dominasi Lee/Wang tak terbantahkan ketika berhasil membelenggu Raymond/Joaquin sepanjang gim kedua. Momentum apik utusan Korea di gim kedua berhasil dituntaskan dengan kemenangan telak 21-16. Pasangan andalan tuan rumah tentu bertekad untuk melanjutkan kiprah apiknya di gim penentuan. Baca juga:Fakta Final Korea Masters 2025: Sejarah Raymond/Joaquin, Tuan Rumah Bidik Juara Umum Benar saja, Lee/Wang mampu menekan dan tak memberikan celah kepada Raymond/Joaquin sepanjang gim ketiga. Tak heran jika pada akhirnya Lee/Wang justru mampu menumbangkan utusanIndonesiadengan skor Afrika. Yap, wakilIndonesiatak mampu memperjuangkan skor hingga dua digit, harus puas dengan skor 21-6. Dengan kekalahan Raymond/Joaquin, maka asaIndonesiabisa juara Korea Masters 2025 auto buyar. Harapan Raymond/Joaquin mengukir sejarah di Korea Masters 2025 juga tertutup seketika. Padahal sejarah bagi pasanganIndonesiamenanti yakni sebagai ganda putra Merah-Putih pertama juara Korea Masters. Kemudian berpotensi untuk mengamankan gelar super 300 pertama dalam karier Raymond/Joaquin. Beda nasib dengan delegasiIndonesia, Korea selaku tuan rumah berjaya di kandang sendiri.",https://www.tribunnews.com/sport/7752534/rekap-hasil-final-korea-masters-2025-indonesia-nirgelar-tuah-rumah-segel-juara-umum,Tribun,olahraga_non_bola,2025-11-09 20:07:02
"Djokovic Sodorkan Kejutan di Akhir, Daftar Pemain ATP Finals 2025 Resmi Berubah","Ringkasan Berita:Petenis Serbia,Novak Djokovic, memutuskan undur diri dari turnamenATP Finals 2025Kondisi fisik yang tak memungkinkan membuat Djokovic memilih absen dari ajang bergengsi tersebutPosisinya akan diambil alih oleh Lorenzo MusettiTRIBUNNEWS.COM -Kejutan besar tersaji dari turnamentenispaling bergengsi,ATP Finals 2025, yang diselenggarakan di Turin, Italia.Sajian tak terduga itu terjadi dalam hal daftar pemain yang berhak mengikuti ajangATP Finals 2025yang mempertemukan 8 petenis putra terbaik dunia.Namun, salah satu nama paling tersohor dalam daftar pemain itu memutuskan undur diri alias tak jadi mengikuti ATP Finals.Petenis tersebut adalahNovak Djokovicyang merelakan tempatnya diambil alih pemain lainnya.Djokovic memutuskan mundur setelah menjadi padatnya jadwal turnamentenisdi bulan Oktober dan November.Pada akhir pekan ini Djokovic juga turun di ajang Athens 250 dan menobatkan dirinya sebagai juara di akhir turnamen dengan mengalahkan Lorenzo Musetti.Baca juga:Djokovic Mundur dari Paris Masters 2025, Fokus Siapkan Penampilan di Dekat Rumah yang BaruSelain alasan jadwal padat, Djokovic juga berurusan dengan tingkat kebugaran yang tak terlalu baik.Ia bergulat dengan rasa sakit di area bahu yang sudah ia alami selama beberapa waktu terakhir.Kondisi tersebut membuat dirinya riskan bersaing di ajang ATP Finals yang mempertemukan para jagoan terbaik di duniatenisputra.Untuk itu, mundur dari ajang tersebut rasanya menjadi keputusan wajar dan bijaksana baginya.Dengan usia yang sudah menginjak 38 tahun, akan sangat berbahaya bagi Djokovic untuk terus tampil dengan tempo tinggi selama beberapa waktu beruntun.NOVAK DJOKOVIC - Petenis Serbia, Novak Djokovic, saat beraksi di ajang tenis US Open 2025. (Instagram @djokernole)MundurnyaNovak Djokovicmemberikan keberuntungan kepada pemain lain.Hal itu menjadi berkah bagi petenis Italia yang sekaligus menjadi lawan Djoker di Athena lalu, Lorenzo Musetti.Musetti menjadi petenis terakhir yang memastikan diri lolos ke ajang tersebut.Koleksi poinnya cukup mengantarkan sang jagoan tuan rumah mencoba peruntungan bersama nama besar lainnya. TRIBUNNEWS.COM -Kejutan besar tersaji dari turnamentenispaling bergengsi,ATP Finals 2025, yang diselenggarakan di Turin, Italia. Sajian tak terduga itu terjadi dalam hal daftar pemain yang berhak mengikuti ajangATP Finals 2025yang mempertemukan 8 petenis putra terbaik dunia. Namun, salah satu nama paling tersohor dalam daftar pemain itu memutuskan undur diri alias tak jadi mengikuti ATP Finals. Petenis tersebut adalahNovak Djokovicyang merelakan tempatnya diambil alih pemain lainnya. Djokovic memutuskan mundur setelah menjadi padatnya jadwal turnamentenisdi bulan Oktober dan November. Pada akhir pekan ini Djokovic juga turun di ajang Athens 250 dan menobatkan dirinya sebagai juara di akhir turnamen dengan mengalahkan Lorenzo Musetti. Baca juga:Djokovic Mundur dari Paris Masters 2025, Fokus Siapkan Penampilan di Dekat Rumah yang Baru Selain alasan jadwal padat, Djokovic juga berurusan dengan tingkat kebugaran yang tak terlalu baik. Ia bergulat dengan rasa sakit di area bahu yang sudah ia alami selama beberapa waktu terakhir. Kondisi tersebut membuat dirinya riskan bersaing di ajang ATP Finals yang mempertemukan para jagoan terbaik di duniatenisputra. Untuk itu, mundur dari ajang tersebut rasanya menjadi keputusan wajar dan bijaksana baginya. Dengan usia yang sudah menginjak 38 tahun, akan sangat berbahaya bagi Djokovic untuk terus tampil dengan tempo tinggi selama beberapa waktu beruntun. MundurnyaNovak Djokovicmemberikan keberuntungan kepada pemain lain. Hal itu menjadi berkah bagi petenis Italia yang sekaligus menjadi lawan Djoker di Athena lalu, Lorenzo Musetti. Musetti menjadi petenis terakhir yang memastikan diri lolos ke ajang tersebut. Koleksi poinnya cukup mengantarkan sang jagoan tuan rumah mencoba peruntungan bersama nama besar lainnya.",https://www.tribunnews.com/sport/7752524/djokovic-sodorkan-kejutan-di-akhir-daftar-pemain-atp-finals-2025-resmi-berubah,Tribun,olahraga_non_bola,2025-11-09 20:07:04
Kabar Farhan Halim setelah Dicoret dari Timnas Voli Indonesia: Masih Jadi Camat di Nagano Tridents,"Ringkasan Berita:Farhan Halim kembali menjadi cadangan tanpa menit bermain setelahVC Nagano Tridentskalah dari Tokyo Great Bears kemarinFarhan Halim tercoret dari skuad Timnas Voli Indonesia untukSEA Games 2025Pelatih Indonesia Jeff Jiang Jie menggantikanFarhan Halimdengan Jordan Michael SusantoTRIBUNNEWS.COM- KabarFarhan Halimsetelah tercoret dariTimnas Voli Putra Indonesiadari final skuad untukSEA Games 2025.Farhan Halimmasih menjadi ""camat"" alias cadangan mati.Secara mengejutkanFarhan Halimdicoret dari daftar 14 pemainTimnas Voli Putra Indonesiayang diberangkatkan keSEA Games 2025Thailand pada awal Desember mendatang.Pencoretan outside hitter kelahiran 26 April 2001 ini mengernyitkan alisvolimania Tanah Air. Sebab, Farhan merupakan salah satu hitter terbaik yang berkemampuan lengkap dimiliki Indonesia.Keputusan pelatih Timnas Voli Putra Indonesia Jeff Jiang Jie mencoret Farhan Halim tergolong berani, dan memilih Jordan Michael Susanto sebagai pengganti.SKUAD VOLI - Daftar skuad resmi Timnas Voli Putra Indonesia untuk SEA Games 2025 yang berlangsung di Thailand, awal Desember mendatang. Farhan Halim dicoret. (Instagram @indonesian_volleyball)Kendati demikian, pencoretan suami Dita Azizah ini jauh-jauh hari sudah diprediksi.Bahkan Jeff Jiang Jie sebelum pemusatan latihan atau TC di Sentul dimulai akhir Oktober lalu sudah mengatakan, bahwa dirinya tidak yakin klubFarhan Halimakan melepaskan untuk SEA Games.""Farhan bermain di Jepang dan sangat sulit baginya untuk pulang, bergabung dalam latihan,"" ucap Jiang Jie.""Jadi, kami mencoba untuk mendapatkan pemain lain untuk bergabung dengan tim,"" sambung pelatih berkebangsaan China.Perlu diketahui,Farhan Halimmenjadi satu-satunya pemain Timnas Voli Indonesia dipanggil untuk TC, yang berstatus abroad atau bermain di luar negeri.Saat ini Farhan bermain untukVC Nagano Tridents, klub yang bermain di kasta tertinggi pervolian Jepang atau SVLeague 2025/2026. Sebagai informasi,VC Nagano Tridentsjuga sempat dibela Rivan Nurmulki dan Doni Haryono.Sayangnya bersamaVC Nagano Tridents, Farhan juga kurang mendapatkan menit bermain. Bahkan bisa dikatakan camat alias cadangan mati.Bagaimana tidak, dari enam pertandingan yang sudah dilakoni Nagano,Farhan Halimbaru bermain satu kali. Itupun berstatus serve spesialis dalam laga menghadapi Osaka Blazers Sakai.Terbaru,Farhan Halimtidak diturunkan sama sekali saatVC Nagano Tridentsmenelan kekalahan pada matchday 5 dan 6 Liga Voli Jepang 2025/2026.Pada pertandingan yang berlangsung di Tokyo Great Bears, Jumat (7/11),VC Nagano Tridentsterkena reverse sweep dalam laga set penuh, 2-3 (26-24, 25-19, 17-25, 32-34, 10-15). Dalam laga ini Farhan halim hanya berada di area cadangan.Hal serupa juga terjadi saat Nagano bersua Tokyo Great Bears di kandang, Sabtu (8/11). TRIBUNNEWS.COM- KabarFarhan Halimsetelah tercoret dariTimnas Voli Putra Indonesiadari final skuad untukSEA Games 2025.Farhan Halimmasih menjadi ""camat"" alias cadangan mati. Secara mengejutkanFarhan Halimdicoret dari daftar 14 pemainTimnas Voli Putra Indonesiayang diberangkatkan keSEA Games 2025Thailand pada awal Desember mendatang. Pencoretan outside hitter kelahiran 26 April 2001 ini mengernyitkan alisvolimania Tanah Air. Sebab, Farhan merupakan salah satu hitter terbaik yang berkemampuan lengkap dimiliki Indonesia. Keputusan pelatih Timnas Voli Putra Indonesia Jeff Jiang Jie mencoret Farhan Halim tergolong berani, dan memilih Jordan Michael Susanto sebagai pengganti. Kendati demikian, pencoretan suami Dita Azizah ini jauh-jauh hari sudah diprediksi. Bahkan Jeff Jiang Jie sebelum pemusatan latihan atau TC di Sentul dimulai akhir Oktober lalu sudah mengatakan, bahwa dirinya tidak yakin klubFarhan Halimakan melepaskan untuk SEA Games. ""Farhan bermain di Jepang dan sangat sulit baginya untuk pulang, bergabung dalam latihan,"" ucap Jiang Jie. ""Jadi, kami mencoba untuk mendapatkan pemain lain untuk bergabung dengan tim,"" sambung pelatih berkebangsaan China. Perlu diketahui,Farhan Halimmenjadi satu-satunya pemain Timnas Voli Indonesia dipanggil untuk TC, yang berstatus abroad atau bermain di luar negeri. Saat ini Farhan bermain untukVC Nagano Tridents, klub yang bermain di kasta tertinggi pervolian Jepang atau SVLeague 2025/2026. Sebagai informasi,VC Nagano Tridentsjuga sempat dibela Rivan Nurmulki dan Doni Haryono. Sayangnya bersamaVC Nagano Tridents, Farhan juga kurang mendapatkan menit bermain. Bahkan bisa dikatakan camat alias cadangan mati. Bagaimana tidak, dari enam pertandingan yang sudah dilakoni Nagano,Farhan Halimbaru bermain satu kali. Itupun berstatus serve spesialis dalam laga menghadapi Osaka Blazers Sakai. Terbaru,Farhan Halimtidak diturunkan sama sekali saatVC Nagano Tridentsmenelan kekalahan pada matchday 5 dan 6 Liga Voli Jepang 2025/2026. Pada pertandingan yang berlangsung di Tokyo Great Bears, Jumat (7/11),VC Nagano Tridentsterkena reverse sweep dalam laga set penuh, 2-3 (26-24, 25-19, 17-25, 32-34, 10-15). Dalam laga ini Farhan halim hanya berada di area cadangan. Hal serupa juga terjadi saat Nagano bersua Tokyo Great Bears di kandang, Sabtu (8/11).",https://www.tribunnews.com/sport/7752503/kabar-farhan-halim-setelah-dicoret-dari-timnas-voli-indonesia-masih-jadi-camat-di-nagano-tridents,Tribun,olahraga_non_bola,2025-11-09 20:07:05
"Live MotoGP Portugal 2025, Bezzecchi Tertantang Kalahkan Acosta dan Marquez","Ringkasan Berita:Balapan utamaMotoGP Portugal 2025akan berlangsung pada Minggu (9/11/2025) pukul 20.00 WIB di Algarve International Circuit.Pembalap Aprilia,Marco Bezzecchitertantang berduel denganPedro AcostadanAlex Marquezyang mengalahkannya di sesi Sprint Race.Link live streaming dan live hasilMotoGP Portugal 2025bisa diakses dalam artikel ini.TRIBUNNEWS.COM- LiveMotoGP Portugal 2025di Algarve International Circuit hari ini, Minggu (9/11/2025) pukul 20.00 WIB. Bisa disaksikan melalui siaran langsung Trans7 dan live streaming Vidio.Marco Bezzecchimenantikan duel denganPedro AcostadanAlex Marquez.Selama agenda akhir pekan ini, dari sesi latihan hingga kualifikasi,Marco Bezzecchitampil meyakinkan hingga mendapat waktu tercepat 1 menit 37.556 detik untuk satu putaran yang membuatnya menempati pole position.Harapan Bezzecchi besar, tren positif tersebut bisa berlanjut di sesi Sprint Race bahkan untuk balapan nanti malam.MARCO BEZZECCHI - Pebalap besutan Aprilia Racing, Marco Bezzecchi berhasil menyabet pole position MotoGP Mandalika 2025 di Sirkuit Mandalika, pada 4 Oktober 2025. Bezzecchi mengikis gap poin atas Pecco Bagnaia. (Foto: Laman Resmi MotoGP) (MotoGP)Tapi sayang, di sesi Sprint Race, Bezzecchi 'terpeleset'. Ia awalnya disalipPedro Acostayang mengawali sesi di urutan kedua, kemudian disusul olehAlex Marquezyang awalnya start di posisi 5.""KetikaPedro Acostamelewati saya, saya berpikir 'Oke, saya bisa mencoba untuk tetap bersamanya dan bersaing dengan baik',"" kata Bezzecchi di situs resmi MotoGP.""Masalahnya adalah ketikaAlex Marquezdatang, saya langsung mengerti bahwa dia adalah yang terkuat.""""Saya berharap bisa merasa sedikit lebih baik; mungkin finis di posisi ketiga, tetapi ada sesuatu yang kurang dari saya,"" sambungnya.Terlepas dari hasil tersebut, Bezzechi berharap bisa kembali bersaing dengan Acosta dan Marquez pada sesi balapan utama.""Saya berharap pertarungan yang lebih besar,"" tantangnya.""Hanya untuk mencoba menempatkan diri saya dalam persaingan. Karena memang benar saya kurang cepat, jadi satu-satunya cara untuk memperkecil jarak adalah bersaing dengan mereka,"" tambahnya.""Di sini, balapannya selalu ketat karena bannya sulit diatur. Tapi treknya menguras fisik. Jadi banyak hal yang harus diperhatikan,"" tutupnya.Bezzecchi akan mengkoreksi apa yang menjadi kesalahan dan kelemahannya dari sesi sprint kemarin agar lebih baik pada sesi balapan.Baca juga:Jadwal MotoGP Portugal 2025 Hari Ini, Race Alex Marquez Cs Mulai Pukul 20.00 WIB Live Trans7Jadwal MotoGP Portugal 2025Minggu, 9 November 2025- Pukul 16.40-16.50 WIB: Warm-up MotoGP- Pukul 17.00-17.40 WIB: Rider Parade- Pukul 18.15 WIB: Race Moto2 (21 Laps)- Pukul 20.00 WIB: Race MotoGP (25 Laps)- Pukul 21.30 WIB: Race Moto3 (19 Laps)Link liveMotoGP Portugal 2025Live Streaming<<< TRIBUNNEWS.COM- LiveMotoGP Portugal 2025di Algarve International Circuit hari ini, Minggu (9/11/2025) pukul 20.00 WIB. Bisa disaksikan melalui siaran langsung Trans7 dan live streaming Vidio.Marco Bezzecchimenantikan duel denganPedro AcostadanAlex Marquez. Selama agenda akhir pekan ini, dari sesi latihan hingga kualifikasi,Marco Bezzecchitampil meyakinkan hingga mendapat waktu tercepat 1 menit 37.556 detik untuk satu putaran yang membuatnya menempati pole position. Harapan Bezzecchi besar, tren positif tersebut bisa berlanjut di sesi Sprint Race bahkan untuk balapan nanti malam. Tapi sayang, di sesi Sprint Race, Bezzecchi 'terpeleset'. Ia awalnya disalipPedro Acostayang mengawali sesi di urutan kedua, kemudian disusul olehAlex Marquezyang awalnya start di posisi 5. ""KetikaPedro Acostamelewati saya, saya berpikir 'Oke, saya bisa mencoba untuk tetap bersamanya dan bersaing dengan baik',"" kata Bezzecchi di situs resmi MotoGP. ""Masalahnya adalah ketikaAlex Marquezdatang, saya langsung mengerti bahwa dia adalah yang terkuat."" ""Saya berharap bisa merasa sedikit lebih baik; mungkin finis di posisi ketiga, tetapi ada sesuatu yang kurang dari saya,"" sambungnya. Terlepas dari hasil tersebut, Bezzechi berharap bisa kembali bersaing dengan Acosta dan Marquez pada sesi balapan utama. ""Saya berharap pertarungan yang lebih besar,"" tantangnya. ""Hanya untuk mencoba menempatkan diri saya dalam persaingan. Karena memang benar saya kurang cepat, jadi satu-satunya cara untuk memperkecil jarak adalah bersaing dengan mereka,"" tambahnya. ""Di sini, balapannya selalu ketat karena bannya sulit diatur. Tapi treknya menguras fisik. Jadi banyak hal yang harus diperhatikan,"" tutupnya. Bezzecchi akan mengkoreksi apa yang menjadi kesalahan dan kelemahannya dari sesi sprint kemarin agar lebih baik pada sesi balapan. Baca juga:Jadwal MotoGP Portugal 2025 Hari Ini, Race Alex Marquez Cs Mulai Pukul 20.00 WIB Live Trans7 Minggu, 9 November 2025 - Pukul 16.40-16.50 WIB: Warm-up MotoGP- Pukul 17.00-17.40 WIB: Rider Parade- Pukul 18.15 WIB: Race Moto2 (21 Laps)- Pukul 20.00 WIB: Race MotoGP (25 Laps)- Pukul 21.30 WIB: Race Moto3 (19 Laps) Live Streaming<<<",https://www.tribunnews.com/sport/7752496/live-motogp-portugal-2025-bezzecchi-tertantang-kalahkan-acosta-dan-marquez,Tribun,olahraga_non_bola,2025-11-09 20:07:07
"Jadwal MotoGP Portugal 2025 Hari Ini, Race Alex Marquez Cs Mulai Pukul 20.00 WIB Live Trans7","Ringkasan Berita:Jadwal raceMotoGPPortugal 2025 hari ini, Minggu (9/11/2025) mulai pukul 16.40 WIB untuk sesi pemanasan.Race Pecco Badnaia cs dijadwalkan pukul 20.00 WIB sebanyak 25 putaran Algarve International CircuitStarting Grid dan klasemenMotoGP2025 tersedia dalam artikel ini, Adik Marc Marquez incar kemenangan.TRIBUNNEWS.COM- JadwalMotoGPPortugal 2025 di Algarve International Circuit hari ini, Minggu (9/11/2025) dimulai pukul 16.40 WIB untuk sesi warm-up rider kelas utama.Main race atau balapan utama para riderMotoGP2025 dijadwalkan mulai pukul 20.00 WIB, setelah sesi Moto2 yang berlangsung sebanyak 21 putaran.Ada perubahan yang akan terjadi pada starting grid MotoGP Portugal 2025 hari ini setelah insiden kecelakaan Raul Fernandez pada sesi Latihan Bebas (FP) 2 kemarin.Ekspresi Raul Fernandez rider besutan Trackhouse Aprilia ketika mendapat posisi ketiga Starting Grid MotoGP Jerman 2024. (Instragam @raulfernandez_25)Fernandez tidak dapat melanjutkan sesi setelah itu, ia bahkan harus undur diri dari sesi balapan akhir pekan ini.Pembalap yang akan memulai balapan di grid malam ini sejumlah 21 dari 22 rider secara keseluruhan.Raul Fernandez tidak ambil bagian dalam kualifikasi, jadi susunan gridnya sama seperti kualifikasi pertama dan kedua.Marco Bezzecchi berada di posisi terdepan, diikuti oleh Pedro Acosta, dan Fabio Quartararo dari line pertama.Pecco Bagnaia memimpin baris kedua di depan pemenang Sprint RaceMotoGPPortugal 2025 kemarin,Alex Marquez, dan Johann Zarco.Lalu diikuti oleh Joan Mir, Jack Miller, serta Fabio Di Giannantonio pada baris ketiga.TekadAlex MarquezPemenang Sprint RaceMotoGPPortugal 2025 tak ingin mengulang kesalahan yang sama pada race nanti malam.Pada sesi sprint kemarin, dalam beberapa momenAlex Marquezmerasakan melambat di lintasan dan ada ketidakseimbangan ban depan sehingga membuatnya tidak nyaman.Karena itu, adik Marc Marquez tersebut terlibat persaingan ketat dengan Pedro Acosta yang harus ditentukan hingga putaran terakhir.""Saya mengawali dengan sangat baik, dan ketika saya berada di belakang mereka, saya menyadari bahwa saya punya sesuatu yang lebih,"" kata Alex ketika memulai sesi sprint dari urutan kelima dikutip dari Crash.""Rencana saya adalah menyalip di tikungan terakhir sebelum yang pertama. Saya selalu memiliki kemampuan berkendara yang baik di sana, dengan Honda dan Ducati,"" sambungnya.  TRIBUNNEWS.COM- JadwalMotoGPPortugal 2025 di Algarve International Circuit hari ini, Minggu (9/11/2025) dimulai pukul 16.40 WIB untuk sesi warm-up rider kelas utama. Main race atau balapan utama para riderMotoGP2025 dijadwalkan mulai pukul 20.00 WIB, setelah sesi Moto2 yang berlangsung sebanyak 21 putaran. Ada perubahan yang akan terjadi pada starting grid MotoGP Portugal 2025 hari ini setelah insiden kecelakaan Raul Fernandez pada sesi Latihan Bebas (FP) 2 kemarin. Fernandez tidak dapat melanjutkan sesi setelah itu, ia bahkan harus undur diri dari sesi balapan akhir pekan ini. Pembalap yang akan memulai balapan di grid malam ini sejumlah 21 dari 22 rider secara keseluruhan. Raul Fernandez tidak ambil bagian dalam kualifikasi, jadi susunan gridnya sama seperti kualifikasi pertama dan kedua. Marco Bezzecchi berada di posisi terdepan, diikuti oleh Pedro Acosta, dan Fabio Quartararo dari line pertama. Pecco Bagnaia memimpin baris kedua di depan pemenang Sprint RaceMotoGPPortugal 2025 kemarin,Alex Marquez, dan Johann Zarco. Lalu diikuti oleh Joan Mir, Jack Miller, serta Fabio Di Giannantonio pada baris ketiga. Pemenang Sprint RaceMotoGPPortugal 2025 tak ingin mengulang kesalahan yang sama pada race nanti malam. Pada sesi sprint kemarin, dalam beberapa momenAlex Marquezmerasakan melambat di lintasan dan ada ketidakseimbangan ban depan sehingga membuatnya tidak nyaman. Karena itu, adik Marc Marquez tersebut terlibat persaingan ketat dengan Pedro Acosta yang harus ditentukan hingga putaran terakhir. ""Saya mengawali dengan sangat baik, dan ketika saya berada di belakang mereka, saya menyadari bahwa saya punya sesuatu yang lebih,"" kata Alex ketika memulai sesi sprint dari urutan kelima dikutip dari Crash. ""Rencana saya adalah menyalip di tikungan terakhir sebelum yang pertama. Saya selalu memiliki kemampuan berkendara yang baik di sana, dengan Honda dan Ducati,"" sambungnya.",https://www.tribunnews.com/sport/7752445/jadwal-motogp-portugal-2025-hari-ini-race-alex-marquez-cs-mulai-pukul-2000-wib-live-trans7,Tribun,olahraga_non_bola,2025-11-09 20:07:10
"Update Klasemen MotoGP 2025: Poin Pecco Bagnaia Dijauhi Bezzecchi, Dipepet Acosta","Ringkasan Berita:KlasemenMotoGP2025 setelah sprint race Portugal jadi alarm bahaya bagiPecco BagnaiaPoinPecco Bagnaiamulai dijauhiMarco Bezzecchidengan selisih 10 angkaPedro Acosta yang finis P2 sprint race Portugal mengikis gap dengan Bagnaia menjadi 19 poinTRIBUNNEWS.COM- Update klasemenMotoGP2025 setelah sprint race Portugal jadi alarm bahaya bagiPecco Bagnaia, Minggu (9/11/2025).Marco Bezzecchi danPedro Acostayang berhasil finis podium sprint raceMotoGPPortugal 2025 mampu mengusik posisi Bagnaia di P4 klasemen.Jagoan Aprilia, Bezzecchi finis podium ketiga berhasil menambah koleksinya menjadi 298 poin. Posisi Bezzecchi kian aman di P3 klasemenMotoGP2025.Sementara itu,Pedro Acostayang nyaris menang sprint raceMotoGPuntuk kali pertama harus puas finis P2.Menariknya raihan si Hiu -julukan Acosta,berhasil menambah koleksinya menjadi 269 poin dan mengikis gap dengan Bagnaia urutan keempat klasemen menjadi 19 angka.lihat fotoPECCO BAGNAIA - Pebalap Ducati Lenovo, Pecco Bagnaia, ketika gagal lolos Q2 dalam sesi kualifikasi MotoGP Mandalika 2025 di Sirkuit Mandalika, pada 4 Oktober 2025. (Foto: Laman Resmi MotoGP)Apes menimpa FB63 gegara kena tikung dilast lapsprint raceMotoGPPortugal 2025 memaksa Bagnaia harus puas finis P8.Torehan Bagnaia di sprint race yang finis P8 bikin dirinya hanya bisa menambah koleksinya menjadi 288 poin.Koleksi tersebut mulai dikejar olehPedro Acostayang saat ini tengah berada dalam momentum apik di atas RC-16 KTM miliknya.Tentu bukan posisi yang nyaman bagi rekan setim Marc Marquez lantaran Bagnaia terancam bisa melorot ke P5 klasemen jika Acosta bisa menyalipnya.Baca juga:Hasil Sprint Race MotoGP Portugal 2025: Alex Marquez Menang, Rusak Mimpi Pedro Acosta Pecah TelurMau tak mau, suami Domizia Castagnini wajib bangkit dan menghindari blunder lagi songsong balapan utama di Sirkuit Portimao.Finis di depan Bezzecchi dan Acosta jadi kewajiban Bagnaia agar membuka kans kembali ke P3 atau setidaknya tak tergusur dari posisi keempatnya saat ini.Perjuangan murid Valentino Rossi di kampung halaman Cristiano Ronaldo akan kembali berlanjut di balapan utamaMotoGPPortugal 2025 hari ini.Balapan utama atau Grand PrixMotoGPPortugal 2025 dijawalkan bergulir mulai pukul 20.00 WIB.KlasemenMotoGP2025 setelah Sprint Race PortugalPer Sabtu (8/11/2025)1. Marc Marquez (545)2. Alex Marquez (425)3.Marco Bezzecchi(298)4. Francesco Bagnaia (288)5.Pedro Acosta(269) TRIBUNNEWS.COM- Update klasemenMotoGP2025 setelah sprint race Portugal jadi alarm bahaya bagiPecco Bagnaia, Minggu (9/11/2025). Marco Bezzecchi danPedro Acostayang berhasil finis podium sprint raceMotoGPPortugal 2025 mampu mengusik posisi Bagnaia di P4 klasemen. Jagoan Aprilia, Bezzecchi finis podium ketiga berhasil menambah koleksinya menjadi 298 poin. Posisi Bezzecchi kian aman di P3 klasemenMotoGP2025. Sementara itu,Pedro Acostayang nyaris menang sprint raceMotoGPuntuk kali pertama harus puas finis P2. Menariknya raihan si Hiu -julukan Acosta,berhasil menambah koleksinya menjadi 269 poin dan mengikis gap dengan Bagnaia urutan keempat klasemen menjadi 19 angka. Apes menimpa FB63 gegara kena tikung dilast lapsprint raceMotoGPPortugal 2025 memaksa Bagnaia harus puas finis P8. Torehan Bagnaia di sprint race yang finis P8 bikin dirinya hanya bisa menambah koleksinya menjadi 288 poin. Koleksi tersebut mulai dikejar olehPedro Acostayang saat ini tengah berada dalam momentum apik di atas RC-16 KTM miliknya. Tentu bukan posisi yang nyaman bagi rekan setim Marc Marquez lantaran Bagnaia terancam bisa melorot ke P5 klasemen jika Acosta bisa menyalipnya. Baca juga:Hasil Sprint Race MotoGP Portugal 2025: Alex Marquez Menang, Rusak Mimpi Pedro Acosta Pecah Telur Mau tak mau, suami Domizia Castagnini wajib bangkit dan menghindari blunder lagi songsong balapan utama di Sirkuit Portimao. Finis di depan Bezzecchi dan Acosta jadi kewajiban Bagnaia agar membuka kans kembali ke P3 atau setidaknya tak tergusur dari posisi keempatnya saat ini. Perjuangan murid Valentino Rossi di kampung halaman Cristiano Ronaldo akan kembali berlanjut di balapan utamaMotoGPPortugal 2025 hari ini. Balapan utama atau Grand PrixMotoGPPortugal 2025 dijawalkan bergulir mulai pukul 20.00 WIB. Per Sabtu (8/11/2025) 1. Marc Marquez (545)2. Alex Marquez (425)3.Marco Bezzecchi(298)4. Francesco Bagnaia (288)5.Pedro Acosta(269)",https://www.tribunnews.com/sport/7752417/update-klasemen-motogp-2025-poin-pecco-bagnaia-dijauhi-bezzecchi-dipepet-acosta,Tribun,olahraga_non_bola,2025-11-09 20:07:12
"Rivan Nurmulki Tak Tersentuh, Bocoran Line-up Timnas Voli Putra Indonesia untuk SEA Games 2025","Ringkasan Berita:Erwin Rusni menyebut line-up utamaTimnas Voli Putra IndonesiauntukSEA Games 2025masih akan sama seperti SEA V League 2025Rivan Nurmulki jadi pilihan paten di posisi oppositeTimnas Voli Putra Indonesia tetap dipatok target medali emas padaSEA Games 2025TRIBUNNEWS.COM-Line-upTimnas Voli Putra IndonesiauntukSEA Games 2025masih akan sama dengan SEA V League lalu.Rivan Nurmulkitak tersentuh di posisi opposite!Perubahan skuadTimnas Voli Putra IndonesiauntukSEA Games 2025yang berlangsung di Thailand, awal Desember mendatang, menghadirkan sorotan baru.Line-up utamaTimnas Voli Putra Indonesiaakankah dirombak oleh pelatih kepalaJeff Jiang Jie, atau mempertahankan kerangka yang ada.Sebab, nama-nama seperti Dio Zulfikri dan Farhan Halim untuk SEA Games 2025 tidak masuk dalam daftar 14 pemain.SKUAD VOLI - Daftar skuad resmi Timnas Voli Putra Indonesia untuk SEA Games 2025 yang berlangsung di Thailand, awal Desember mendatang. Farhan Halim dicoret. (Instagram @indonesian_volleyball)Asisten pelatihTimnas Voli Putra Indonesia,Erwin Rusnimenjelaskan, bahwa hingga detik ini belum ada line-up pasti yang diturunkan untuk SEA Games mendatang. Tetapi dalam sudut pandangnya, kerangka tim utama SEA V League 2025 tidak akan mengalami perubahan signifikan.""Jujur saja untuk saat ini kita (staf kepelatihan-red) masih kesulitan untuk menentukan line-up utama. Tetapi kemungkinan besar masih akan sama seperti SEA V League lalu,"" ujarErwin Rusnikepada Tribunnews, Minggu (9/11/2025) sore WIB.""Untuk middle blocker Hendra dipasangkan sama Tedy Oka, lalu untuk hitter Boy dengan Jordan. Libero ada Fahreza, karena harus diakui dia masih yang terbaik untuk received dan bertahan,"" terangnya menambahkan.""Opposite masih Rivan,"" sambung pria yang semasa aktif menjadi pevoli memperkuat Jakarta Sananta.Di posisi setter, Jasen Natanael Kilanta berpeluang besar menyegel tempat utama, mengingat Dio Zulfikri tidak dibawa keSEA Games 2025Thailand. Jasen akan bersaing dengan setter dari Indomaret Sidoarjo, Alfin Daniel.Perubahan cukup signifikan memang terjadi dalam final rosterTimnas Voli Putra Indonesiauntuk SEA Games Thailand.Nama-nama langganan timnas seperti Muhammad Malizi, Dio Zulfikri, dan Farhan Halim tidak dibawa dalam event dua tahunan tersebut.Pun di masing-masing posisi, juga dihuni pemain yang tak kalah apik sebagai pesaing.Di sektor outside hitter masih ada Fahri Septian Putratama, yang secara received salah satu yang terbaik di Tanah Air. Kemudian Agil Angga unggul untuk urusan serangan, karena juga bisa diplot sebagai opposite.Beralih ke middle blocker, Daffa Naufal Mauludani yang pernah menjadi bagian Indonesia ketika meraih emas SEA Games Vietnam juga tergabung dalam skuad. Lalu ada debutan Kristoforus Sina di posisi MB.Baca juga:Alasan Jiang Jie Coret Farhan Halim dari Skuad Timnas Voli Putra Indonesia di SEA Games 2025Prasojo akan bergantian dengan Fahreza Rakha pada pos libero. SedangkanRivan Nurmulkiyang hingga kini belum tergantikan sebagai pengemban tugas opposite, menempatkan Rama Fazza Fauzan sebagai pelapis. TRIBUNNEWS.COM-Line-upTimnas Voli Putra IndonesiauntukSEA Games 2025masih akan sama dengan SEA V League lalu.Rivan Nurmulkitak tersentuh di posisi opposite! Perubahan skuadTimnas Voli Putra IndonesiauntukSEA Games 2025yang berlangsung di Thailand, awal Desember mendatang, menghadirkan sorotan baru. Line-up utamaTimnas Voli Putra Indonesiaakankah dirombak oleh pelatih kepalaJeff Jiang Jie, atau mempertahankan kerangka yang ada. Sebab, nama-nama seperti Dio Zulfikri dan Farhan Halim untuk SEA Games 2025 tidak masuk dalam daftar 14 pemain. Asisten pelatihTimnas Voli Putra Indonesia,Erwin Rusnimenjelaskan, bahwa hingga detik ini belum ada line-up pasti yang diturunkan untuk SEA Games mendatang. Tetapi dalam sudut pandangnya, kerangka tim utama SEA V League 2025 tidak akan mengalami perubahan signifikan. ""Jujur saja untuk saat ini kita (staf kepelatihan-red) masih kesulitan untuk menentukan line-up utama. Tetapi kemungkinan besar masih akan sama seperti SEA V League lalu,"" ujarErwin Rusnikepada Tribunnews, Minggu (9/11/2025) sore WIB. ""Untuk middle blocker Hendra dipasangkan sama Tedy Oka, lalu untuk hitter Boy dengan Jordan. Libero ada Fahreza, karena harus diakui dia masih yang terbaik untuk received dan bertahan,"" terangnya menambahkan. ""Opposite masih Rivan,"" sambung pria yang semasa aktif menjadi pevoli memperkuat Jakarta Sananta. Di posisi setter, Jasen Natanael Kilanta berpeluang besar menyegel tempat utama, mengingat Dio Zulfikri tidak dibawa keSEA Games 2025Thailand. Jasen akan bersaing dengan setter dari Indomaret Sidoarjo, Alfin Daniel. Perubahan cukup signifikan memang terjadi dalam final rosterTimnas Voli Putra Indonesiauntuk SEA Games Thailand. Nama-nama langganan timnas seperti Muhammad Malizi, Dio Zulfikri, dan Farhan Halim tidak dibawa dalam event dua tahunan tersebut. Pun di masing-masing posisi, juga dihuni pemain yang tak kalah apik sebagai pesaing. Di sektor outside hitter masih ada Fahri Septian Putratama, yang secara received salah satu yang terbaik di Tanah Air. Kemudian Agil Angga unggul untuk urusan serangan, karena juga bisa diplot sebagai opposite. Beralih ke middle blocker, Daffa Naufal Mauludani yang pernah menjadi bagian Indonesia ketika meraih emas SEA Games Vietnam juga tergabung dalam skuad. Lalu ada debutan Kristoforus Sina di posisi MB. Baca juga:Alasan Jiang Jie Coret Farhan Halim dari Skuad Timnas Voli Putra Indonesia di SEA Games 2025 Prasojo akan bergantian dengan Fahreza Rakha pada pos libero. SedangkanRivan Nurmulkiyang hingga kini belum tergantikan sebagai pengemban tugas opposite, menempatkan Rama Fazza Fauzan sebagai pelapis.",https://www.tribunnews.com/sport/7752607/rivan-nurmulki-tak-tersentuh-bocoran-line-up-timnas-voli-putra-indonesia-untuk-sea-games-2025,Tribun,liga_spanyol,2025-11-09 20:06:28
Jadwal Badminton setelah Korea Masters 2025: Kadek Dhinda Lanjut Main di Kumamoto Masters 2025,"Ringkasan Berita:Kumamoto Masters 2025 jadi agenda badminton selanjutnya setelahKorea Masters 2025selesai, akan diikuti 5 wakil IndonesiaNi Kadek Dhinda kembali berlaga bersama Gregoria Mariska setelah mebuktikan tuahnya saat beraksi diKorea Masters 2025Menariknya, sebelumnya ada Anthony Ginting bahkan Jonatan Christie yang ambil bagian diKumamoto Masters 2025, namun mereka memutuskan mundurTRIBUNNEWS.COM- Jadwal badminton setelahKorea Masters 2025rampung adaKumamoto Masters 2025di Jepang.Kumamoto Masters 2025 merupakan turnamen berlabel super 500 yang mana Indonesia menurunkan sebanyak 5 wakil.Turamen ini akan dihelat di Kumamoto Prefectural Gymnasium, Jepang, mulai Selasa (11/11/2025) hingga Minggu (16/11/2025).Wakil Indonesia yang ambil bagian adaNi Kadek Dhinda Amartya Pratiwiyang telah membuktikan tuahnya diKorea Masters 2025, lanjut main diKumamoto Masters 2025.Kadek Dhinda selaku andalan di nomor tunggal putri akan menemani seniornya, Gregoria Mariska.Atlet yang akrab disapa Jorji tersebut akan coba peruntungannya diKumamoto Masters 2025bersama Dhinda.Pemain asal Wonogiri tersebut mendapat status mentereng jelang bermain diKumamoto Masters 2025.Keuntungan dari banyaknya wakil elite dunia seperti An Se-young (Korea), Wang Zhi Yi (China), hingga Putri Kusuma Wardani, bikin Jorji dapat status unggulan.lihat fotoTEMBUS SEMIFINAL - Pebulutangkis tunggal putri Indonesia, Ni Kadek Dhinda Amartya Pratiwi, berhasil menembus babak semifinal turnamen Korea Masters 2025 setelah menyingkirkan wakil tuan rumah, Park Ga Eun dengan skor 21-15, 22-24, 21-13 di Wonkwang University Cultural dan Sports Center, Iksan, Korea Selatan, Jumat (7/11/2025).Istri Mikha Angelo ini didapuk sebagai unggulan keempat dalam gelaranKumamoto Masters 2025.Unggulan-unggulan lain di tunggal putri ada jagoan tuan rumah, Akane Yamaguchi, Tokoma Miyazaki, hingga idola Jorji, Ratchanok Intanon (Thailand).Dhinda yang akan turut ambil bagian bersama Jorji tak berstatus unggulan.Ini karena peringkat dunia Dhinda masih jauh dari potensinya menjadi pemain unggulan di level super 500.Baca juga:Kumamoto Masters 2025 Penentuan Nasib Fajar/Fikri ke BWF World Tour Finals 2025Jelang main diKumamoto Masters 2025, peringkat dunia milik Dhinda masih di luar top 100.Selain Jorji dan Dhinda, masih ada utusan Merah-Putih lain yang turut berlaga.Di tunggal putra ada dua pemain muda Indonesia yang akan beraksi. TRIBUNNEWS.COM- Jadwal badminton setelahKorea Masters 2025rampung adaKumamoto Masters 2025di Jepang. Kumamoto Masters 2025 merupakan turnamen berlabel super 500 yang mana Indonesia menurunkan sebanyak 5 wakil. Turamen ini akan dihelat di Kumamoto Prefectural Gymnasium, Jepang, mulai Selasa (11/11/2025) hingga Minggu (16/11/2025). Wakil Indonesia yang ambil bagian adaNi Kadek Dhinda Amartya Pratiwiyang telah membuktikan tuahnya diKorea Masters 2025, lanjut main diKumamoto Masters 2025. Kadek Dhinda selaku andalan di nomor tunggal putri akan menemani seniornya, Gregoria Mariska. Atlet yang akrab disapa Jorji tersebut akan coba peruntungannya diKumamoto Masters 2025bersama Dhinda. Pemain asal Wonogiri tersebut mendapat status mentereng jelang bermain diKumamoto Masters 2025. Keuntungan dari banyaknya wakil elite dunia seperti An Se-young (Korea), Wang Zhi Yi (China), hingga Putri Kusuma Wardani, bikin Jorji dapat status unggulan. Istri Mikha Angelo ini didapuk sebagai unggulan keempat dalam gelaranKumamoto Masters 2025. Unggulan-unggulan lain di tunggal putri ada jagoan tuan rumah, Akane Yamaguchi, Tokoma Miyazaki, hingga idola Jorji, Ratchanok Intanon (Thailand). Dhinda yang akan turut ambil bagian bersama Jorji tak berstatus unggulan. Ini karena peringkat dunia Dhinda masih jauh dari potensinya menjadi pemain unggulan di level super 500. Baca juga:Kumamoto Masters 2025 Penentuan Nasib Fajar/Fikri ke BWF World Tour Finals 2025 Jelang main diKumamoto Masters 2025, peringkat dunia milik Dhinda masih di luar top 100. Selain Jorji dan Dhinda, masih ada utusan Merah-Putih lain yang turut berlaga. Di tunggal putra ada dua pemain muda Indonesia yang akan beraksi.",https://www.tribunnews.com/sport/7752592/jadwal-badminton-setelah-korea-masters-2025-kadek-dhinda-lanjut-main-di-kumamoto-masters-2025,Tribun,liga_spanyol,2025-11-09 20:06:31
Alasan Jiang Jie Coret Farhan Halim dari Skuad Timnas Voli Putra Indonesia di SEA Games 2025,"Ringkasan Berita:Jeff Jiang Jie menjadi aktor utama di balik keputusan mencoretFarhan Halimdari skuadTimnas Voli Putra IndonesiadiSEA Games 2025Masalah waktu bergabung dalam pemusatan latihan jadi alasan mengapaFarhan HalimdicoretFarhan Halim saat ini berkompetisi di Liga Voli Jepang memperkuat VC Nagano TridentsTRIBUNNEWS.COM- Asisten pelatihErwin Rusnimenjelaskan alasan pencoretanFarhan Halimdari skuadTimnas Voli Putra IndonesiauntukSEA Games 2025.Dalam keteranganErwin Rusni, pencoretanFarhan Halimmutlak berdasarkan keputusan pelatihTimnas Voli Putra Indonesia,Jeff Jiang Jie.Volimania Tanah Air bertanya-tanya apa alasanFarhan Halimdicoret dari skuad finalTimnas Voli Putra IndonesiauntukSEA Games 2025yang berlangsung di Thailand awal Desember nanti.Farhan dipandang sebagai salah satu outside hitter (OH) terbaik yang dimiliki Indonesia. Bahkan dia kini berstatus abroad, membela tim kasta tertinggi Liga Voli Jepang, VC Nagano Tridents.""Soal pencoretanFarhan Halimmemang keputusannya berada di tangan pelatih (Jeff Jiang Jie-red),"" terang asisten pelatihTimnas Voli Putra Indonesia,Erwin Rusni, ketika dihubungi Tribunnews, Minggu (9/11) sore WIB.""Kita sebagai asisten pelatih sudah memberikan masukan soal plus-minus pemain mana yang dipilih,"" sambung pria yang pernah memperkuat Jakarta Sananta di Proliga 2008.Erwin Rusni menambahkan, masalah mepetnya waktu bergabungFarhan Halimjuga jadi pertimbangan keputusan diambilJeff Jiang Jie.Jika memaksakan Farhan dibawa ke Thailand, sang pevoli baru bisa bergabung H-7 sebelum caborvoliindoor dipertandingkan. Sementara dalam pemusatan latihan, keberadaanFarhan Halimsangat dibutuhkan dalam TC untuk memadukan chemistry permainan.""Selain itu, Farhan baru bisa bergabung seminggu sebelum SEA Games (voli-red) berlangsung. Jadi itu sedikit banyak jadi kendala.""""Saat latihan juga kita kan butuh pemain yang lengkap, sehingga kalau baru bergabung seminggu sebelum dimulai, kita kerepotan.""""Karena itu akhirnya coach Jeff memilih itu (mencoret Farhan-red). Sementara untuk posisi hitter juga mumpuni dengan pemain yang ada, kita berusaha memaksimalkan.""Di sisi lain, pencoretanFarhan Halimjuga bukannya tanpa pertimbangan matang. Di posisi OH, timvoliputra Indonesia dihuni deretan spiker terbaik saat ini, meliputi Boy Arnez, Jordan Michael Susanto, Agil Angga Anggara, dan Fahri Septian Putratama.Jeff Jiang Jie percaya dengan skuad yang ada, Timnas Voli Putra Indonesia mampu mempertahankan medali emas, yang dalam tiga edisi terakhir penyelenggaraan SEA Games, sukses dibawa pulang ke Tanah Air.Baca juga:Kabar Farhan Halim setelah Dicoret dari Timnas Voli Indonesia: Masih Jadi Camat di Nagano TridentsPendaftaran Pemain Sempat TerlambatErwin Rusni juga menceritakan, keputusan pemilihan pemain juga bukannya tanpa kendala. Sebab skuad finalTimnas Voli Putra IndonesiauntukSEA Games 2025harus diserahkan ke PBVSI pada 29 Oktober kemarin.Sementara pemusatan latihan atau TCTimnas Voli Putra Indonesiabaru dimulai setelah Livoli, yang pada timeline PBVSI, aktif dimulai 23 Oktober lalu. TRIBUNNEWS.COM- Asisten pelatihErwin Rusnimenjelaskan alasan pencoretanFarhan Halimdari skuadTimnas Voli Putra IndonesiauntukSEA Games 2025. Dalam keteranganErwin Rusni, pencoretanFarhan Halimmutlak berdasarkan keputusan pelatihTimnas Voli Putra Indonesia,Jeff Jiang Jie. Volimania Tanah Air bertanya-tanya apa alasanFarhan Halimdicoret dari skuad finalTimnas Voli Putra IndonesiauntukSEA Games 2025yang berlangsung di Thailand awal Desember nanti. Farhan dipandang sebagai salah satu outside hitter (OH) terbaik yang dimiliki Indonesia. Bahkan dia kini berstatus abroad, membela tim kasta tertinggi Liga Voli Jepang, VC Nagano Tridents. ""Soal pencoretanFarhan Halimmemang keputusannya berada di tangan pelatih (Jeff Jiang Jie-red),"" terang asisten pelatihTimnas Voli Putra Indonesia,Erwin Rusni, ketika dihubungi Tribunnews, Minggu (9/11) sore WIB. ""Kita sebagai asisten pelatih sudah memberikan masukan soal plus-minus pemain mana yang dipilih,"" sambung pria yang pernah memperkuat Jakarta Sananta di Proliga 2008. Erwin Rusni menambahkan, masalah mepetnya waktu bergabungFarhan Halimjuga jadi pertimbangan keputusan diambilJeff Jiang Jie. Jika memaksakan Farhan dibawa ke Thailand, sang pevoli baru bisa bergabung H-7 sebelum caborvoliindoor dipertandingkan. Sementara dalam pemusatan latihan, keberadaanFarhan Halimsangat dibutuhkan dalam TC untuk memadukan chemistry permainan. ""Selain itu, Farhan baru bisa bergabung seminggu sebelum SEA Games (voli-red) berlangsung. Jadi itu sedikit banyak jadi kendala."" ""Saat latihan juga kita kan butuh pemain yang lengkap, sehingga kalau baru bergabung seminggu sebelum dimulai, kita kerepotan."" ""Karena itu akhirnya coach Jeff memilih itu (mencoret Farhan-red). Sementara untuk posisi hitter juga mumpuni dengan pemain yang ada, kita berusaha memaksimalkan."" Di sisi lain, pencoretanFarhan Halimjuga bukannya tanpa pertimbangan matang. Di posisi OH, timvoliputra Indonesia dihuni deretan spiker terbaik saat ini, meliputi Boy Arnez, Jordan Michael Susanto, Agil Angga Anggara, dan Fahri Septian Putratama. Jeff Jiang Jie percaya dengan skuad yang ada, Timnas Voli Putra Indonesia mampu mempertahankan medali emas, yang dalam tiga edisi terakhir penyelenggaraan SEA Games, sukses dibawa pulang ke Tanah Air. Baca juga:Kabar Farhan Halim setelah Dicoret dari Timnas Voli Indonesia: Masih Jadi Camat di Nagano Tridents Erwin Rusni juga menceritakan, keputusan pemilihan pemain juga bukannya tanpa kendala. Sebab skuad finalTimnas Voli Putra IndonesiauntukSEA Games 2025harus diserahkan ke PBVSI pada 29 Oktober kemarin. Sementara pemusatan latihan atau TCTimnas Voli Putra Indonesiabaru dimulai setelah Livoli, yang pada timeline PBVSI, aktif dimulai 23 Oktober lalu.",https://www.tribunnews.com/sport/7752587/alasan-jiang-jie-coret-farhan-halim-dari-skuad-timnas-voli-putra-indonesia-di-sea-games-2025,Tribun,liga_spanyol,2025-11-09 20:06:33
Kumamoto Masters 2025 Penentuan Nasib Fajar/Fikri ke BWF World Tour Finals 2025,"Ringkasan Berita:Nasib Fajar Alfian/Shohibul Fikri keBWF World Tour Finals 2025ditentukan dalam gelaranKumamoto Masters 2025pekan depanFajar/Fikri masih menjaga peluang lolosBWF World Tour Finals 2025setelah Korea Masters 2025 rampung gegara rivalnya gagal mencapai babak semifinalPenentuan nasib pasangan anyar ganda putra Indonesia akan terjadi diKumamoto Masters 2025berlabel super 500TRIBUNNEWS.COM- Gelaran Korea Masters 2025 telah rampung pada pekan ini,BWF World Tour 2025lanjut ke Jepang pekan depan.Tepatnya mulai Selasa (11/11/2025) hingga Minggu (16/11/2025) mendatang akan berlangsung turnamen bertajukKumamoto Masters 2025.Kumamoto Masters 2025 merupakan turnamen dengan level super 500 yang akan dihelat di Kumamoto Prefectural Gymnasium, Jepang.Fajar Alfian/Muhammad Shohibul Fikri yang masih berpeluang lolosBWF World Tour Finals 2025tak ambil bagian dalam gelaran tersebut.Jadwal tandingFajar/Fikriuntuk berburu poin BWF berlanjut di Australia Open 2025 yang juga berlabel sama, super 500.Australia Open 2025 akan bergulir setelahKumamoto Masters 2025rampung, yakni pada 18-23 November 2025 mendatang.Di saat Fajar/Fikri absen tanding, nasib keduanya lolos atau tidak ke BWF World Tour Finals ditentukan di Kumamoto Masters 2025.lihat fotoKOREA OPEN 2025 - Selebrasi dari ganda putra Indonesia, Fajar Alfian/Muhammad Shohibul Fikri dalam partai babak semifinal Korea Open 2025 melawan Lee Jhe-Huei/Yang Po-Hsuan (Taiwan) di Suwon Gymnasium, pada 27 September 2025. Dok/PBSISkenario Fajar/Fikri ke BWF World Tour Finals 2025Adanya kesempatanFajar/FikrikeBWF World Tour Finals 2025sejatinya cukup mengejutkan.Pasangan baru yang debut pada pertengahan musim 2025 ini baru bermain sekira 8 turnamen sejauh ini.Torehan poin BWF dari 8 turnamenFajar/Fikrimampu membawa keduanya bersaing untuk mencuri spot lolos.Namun, peluang Fajar/Fikri untuk lolos cukup tipis dan butuh skenario ajaib untuk mewujudkannya.Baca juga:Kejutan Korea Masters 2025: Lee/Lee Ambyar, Fajar/Fikri Jaga Asa ke BWF World Tour Finals 2025Keduanya akan bergantung dari hasil tiga wakil Taiwan diKumamoto Masters 2025untuk menentukan nasibnya.Ada Lee Fang Chih/Lee Fang-jen, Chiu Hsiang Chieh/Wang Chi-Lin dan Lee Jhe Huei/Yang Po Hsuan.Ketiga utusan Taiwan itu patut dikawal diKumamoto Masters 2025mendatang karena hasil ketiganya memengaruhi nasibFajar/Fikri.Skenarionya, jika Lee/Lee mencapai babak perempat final turnamen super 500, maka peluangFajar/Fikriauto ambyar. TRIBUNNEWS.COM- Gelaran Korea Masters 2025 telah rampung pada pekan ini,BWF World Tour 2025lanjut ke Jepang pekan depan. Tepatnya mulai Selasa (11/11/2025) hingga Minggu (16/11/2025) mendatang akan berlangsung turnamen bertajukKumamoto Masters 2025. Kumamoto Masters 2025 merupakan turnamen dengan level super 500 yang akan dihelat di Kumamoto Prefectural Gymnasium, Jepang. Fajar Alfian/Muhammad Shohibul Fikri yang masih berpeluang lolosBWF World Tour Finals 2025tak ambil bagian dalam gelaran tersebut. Jadwal tandingFajar/Fikriuntuk berburu poin BWF berlanjut di Australia Open 2025 yang juga berlabel sama, super 500. Australia Open 2025 akan bergulir setelahKumamoto Masters 2025rampung, yakni pada 18-23 November 2025 mendatang. Di saat Fajar/Fikri absen tanding, nasib keduanya lolos atau tidak ke BWF World Tour Finals ditentukan di Kumamoto Masters 2025. Adanya kesempatanFajar/FikrikeBWF World Tour Finals 2025sejatinya cukup mengejutkan. Pasangan baru yang debut pada pertengahan musim 2025 ini baru bermain sekira 8 turnamen sejauh ini. Torehan poin BWF dari 8 turnamenFajar/Fikrimampu membawa keduanya bersaing untuk mencuri spot lolos. Namun, peluang Fajar/Fikri untuk lolos cukup tipis dan butuh skenario ajaib untuk mewujudkannya. Baca juga:Kejutan Korea Masters 2025: Lee/Lee Ambyar, Fajar/Fikri Jaga Asa ke BWF World Tour Finals 2025 Keduanya akan bergantung dari hasil tiga wakil Taiwan diKumamoto Masters 2025untuk menentukan nasibnya. Ada Lee Fang Chih/Lee Fang-jen, Chiu Hsiang Chieh/Wang Chi-Lin dan Lee Jhe Huei/Yang Po Hsuan. Ketiga utusan Taiwan itu patut dikawal diKumamoto Masters 2025mendatang karena hasil ketiganya memengaruhi nasibFajar/Fikri. Skenarionya, jika Lee/Lee mencapai babak perempat final turnamen super 500, maka peluangFajar/Fikriauto ambyar.",https://www.tribunnews.com/sport/7752569/kumamoto-masters-2025-penentuan-nasib-fajarfikri-ke-bwf-world-tour-finals-2025,Tribun,liga_spanyol,2025-11-09 20:06:35
"Prediksi Ranking BWF Raymond/Joaquin setelah Runner-up Korea Masters 2025, Naik 6 Tangga","Ringkasan Berita:Prediksi ranking BWFRaymond Indra/Nikolaus Joaquinmampu melesat hingga 6 tangga meskipun harus puas keluar sebagai runner-upTambahan poin BWF sebanyak 5950 berhasil membawa pasangan muda ganda putra Indonesia mendekat ke top 30Berkat runner-upKorea Masters 2025Raymond/Joaquin mencapai peringkat tertinggi sepanjang karier keduanyaTRIBUNNEWS.COM- Hasil akhir ganda putra Indonesia,Raymond Indra/Nikolaus JoaquindiKorea Masters 2025bikin keduanya mampu meningkatkan peringkat dunia, Minggu (9/11/2025).Raymond/Joaquin di finalKorea Masters 2025keluar sebagai runner-up setelah dihajar oleh wakil tuan rumah Lee Jong-min/Wang Chan hinggarubber game.Kekalahan junior Fajar Alfian dalam babak final turnamen super 300 tetap membawa berkah lantaran berpengaruh dengan torehan poin BWF yang didapatkan.Bermain di turnamen level super 300, poin BWF paling tinggi yang akan didapat oleh kontestan dengan hasil juara akan mengantongi sebanyak 7000 poin.Sementara jika keluar sebagai runner-up, tetap cukup tinggi dalam perolehan poin BWF yakni sebesar 5950 angka.Untuk pasangan muda seperti Raymond/Joaquin yang tengah berjuang mendongkrak ranking BWF, torehan di Korea Masters 2025 terbilang lumayan.Baca juga:Rekap Hasil Final Korea Masters 2025: Indonesia Nirgelar, Tuah Rumah Segel Juara UmumTambahan poin BWF sebanyak itu membuat keduanya mampu meningkatkan peringkat dunia.Saat ini, ranking BWF Raymond/Joaquin berada di peringkat ke-37 dunia dengan koleksi sebanyak 34,970 poin.Dapat tambahan dariKorea Masters 2025, diprediksi Raymond/Joaquin bisa melesat ke urutan 31 dunia.Torehan baru dari Raymond/Joaquin diprediksi bisa melengserkan seniornya, Shohibul Fikri/Daniel Marthin yang kehilangan beberapa koleksi poin.lihat fotoRAYMOND/JOAQUIN - Ganda putra Indonesia, Raymond Indra/Nikolaus Joaquin bermain dalam gelaran Korea Masters 2025 babak 16 besar pada 6 November 2025. Dok/PBSIFikri/Daniel yang sementara ini terpisah gegara cedera dan Fikri juga sudah berpasangan dengan Fajar, peringkat dunia kian melorot.Termasuk setelah Korea Masters edisi kali ini usai, Fikri/Daniel berpotensi digusur oleh Raymond/Joaquin.Dengan menduduki peringkat 31 dunia, Raymond/Joaquin mencapai ranking terbaik sepanjang keduanya berpasangan.Sebelum ini dengan berada di ranking 37 dunia, keduanya telah mencapai peringkat tertinggi sepanjang kariernya.Ditambah dengan torehan dariKorea Masters 2025membuat peringkat keduanya perlahan kian melejit. TRIBUNNEWS.COM- Hasil akhir ganda putra Indonesia,Raymond Indra/Nikolaus JoaquindiKorea Masters 2025bikin keduanya mampu meningkatkan peringkat dunia, Minggu (9/11/2025). Raymond/Joaquin di finalKorea Masters 2025keluar sebagai runner-up setelah dihajar oleh wakil tuan rumah Lee Jong-min/Wang Chan hinggarubber game. Kekalahan junior Fajar Alfian dalam babak final turnamen super 300 tetap membawa berkah lantaran berpengaruh dengan torehan poin BWF yang didapatkan. Bermain di turnamen level super 300, poin BWF paling tinggi yang akan didapat oleh kontestan dengan hasil juara akan mengantongi sebanyak 7000 poin. Sementara jika keluar sebagai runner-up, tetap cukup tinggi dalam perolehan poin BWF yakni sebesar 5950 angka. Untuk pasangan muda seperti Raymond/Joaquin yang tengah berjuang mendongkrak ranking BWF, torehan di Korea Masters 2025 terbilang lumayan. Baca juga:Rekap Hasil Final Korea Masters 2025: Indonesia Nirgelar, Tuah Rumah Segel Juara Umum Tambahan poin BWF sebanyak itu membuat keduanya mampu meningkatkan peringkat dunia. Saat ini, ranking BWF Raymond/Joaquin berada di peringkat ke-37 dunia dengan koleksi sebanyak 34,970 poin. Dapat tambahan dariKorea Masters 2025, diprediksi Raymond/Joaquin bisa melesat ke urutan 31 dunia. Torehan baru dari Raymond/Joaquin diprediksi bisa melengserkan seniornya, Shohibul Fikri/Daniel Marthin yang kehilangan beberapa koleksi poin. Fikri/Daniel yang sementara ini terpisah gegara cedera dan Fikri juga sudah berpasangan dengan Fajar, peringkat dunia kian melorot. Termasuk setelah Korea Masters edisi kali ini usai, Fikri/Daniel berpotensi digusur oleh Raymond/Joaquin. Dengan menduduki peringkat 31 dunia, Raymond/Joaquin mencapai ranking terbaik sepanjang keduanya berpasangan. Sebelum ini dengan berada di ranking 37 dunia, keduanya telah mencapai peringkat tertinggi sepanjang kariernya. Ditambah dengan torehan dariKorea Masters 2025membuat peringkat keduanya perlahan kian melejit.",https://www.tribunnews.com/sport/7752555/prediksi-ranking-bwf-raymondjoaquin-setelah-runner-up-korea-masters-2025-naik-6-tangga,Tribun,liga_spanyol,2025-11-09 20:06:37
"Transfer Pembalap MotoGP 2027: Fabio Quartararo ke Aprilia, KTM Blokir Keluarnya Pedro Acosta","Ringkasan Berita:Bursa transfer pembalapMotoGP 2027diwarnai kabarApriliayang kembali berusaha mendekatiFabio Quartararodari YamahaSementara dariKTM, berusaha memblokir pintu keluarPedro Acostadengan cara memberikan motor terbaik19 pembalap habis kontrak setelah MotoGP 2026 berakhirTRIBUNNEWS.COM- Update transfer pembalapMotoGP 2027datang dari garasiApriliadanKTM.Apriliadilaporkan akan melakukan pertaruhan untuk mendatangkanFabio Quartararo.SementaraKTMakan mempertahankan semaksimal mungkin agarPedro Acostatidak menyeberang ke tim rival padaMotoGP 2027.Jendela transfer pembalapMotoGP 2027menghadirkan sorotan. Sebab peluang untuk menciptakan saga transfer kepindahan pembalap maupun plot twist terbuka lebar.Hal ini tak terlepas karena mayoritas pembalap akan habis kontraknya setelah MotoGP 2026 usai.CORNERING - Pembalap Monster Energy Yamaha asal Prancis Fabio Quartararo berkendara saat sesi latihan Grand Prix MotoGP Thailand di Sirkuit Internasional Buriram di Buriram pada 27 Oktober 2023. (Foto Arsip, Oktober 2023)(LILLIAN SUWANRUMPHA / AFP)Tak terkecuali Marco Bezzecchi danJorge Martinyang terikat kontrak dengan pabrikan Noale, Italia,Aprilia. Jika melihat performa, Bezzecchi di atas Martin.Bahkan Bez, sapaan akrab Marco Bezzecchi, tengah bersaing panas melawan Francesco 'Pecco' Bagnaia di perebutan posisi tiga klasemen akhir MotoGP 2025.Lain cerita denganJorge Martindi mana juara dunia MotoGP 2024 ini tercecer di posisi 21 klasemen berbekal 34 poin.Sebagai catatan,Jorge Martinabsen di sejumlah seri karena mengalami cedera. Bahkan waktu adaptasinya tidak semaksimal Bezzecchi.Situasinya kini menjadi pertanyaan bagiAprilia, akankah 'adik dari Ducati' ini akan memperpanjang kontrakJorge Martinatau sebaliknya? Mengingat rider asal Madrid, Spanyol ini sempat ingin meninggalkan tim satu tahun lebih cepat dari kontrak yang dia miliki.Dalam laporan Diario AS,Apriliaberpeluang besar untuk mendepakJorge Martinsetelah MotoGP 2026, dengan catatan rider berjuluk The Martinator itu gagal memperlihatkan kemampuan terbaiknya.Martin pun tidak kurang peminat. Honda Racing Corporation (HRC) juga sudah menunggu kesempatan untuk merealisasikan keinginan tertundanya mendapatkan tanda tanganJorge Martin.Aprilia juga bukannya tanpa opsi pengganti jika memilih tak memperpanjang kontrak JM01.Sebab,Apriliajuga ingin mewujudkan transfer impiannya dalam mendatangkan El Diablo, julukanFabio Quartararo.Menjadi rahasia umum bahwaApriliasempat mengincar pembalap kelahiran Nice, Prancis. Pada MotoGP 2024,Apriliapernah berusaha untuk mendatangkan Quartararo, sebelum akhirnya juara dunia MotoGP 2021 memilih memperpanjang kontrak di Monster Energy Yamaha.Bahkan El Diablo menjadi pembalap dengan gaji tertinggi di grid MotoGP saat ini, yakni mencapai Rp207 miliar. TRIBUNNEWS.COM- Update transfer pembalapMotoGP 2027datang dari garasiApriliadanKTM.Apriliadilaporkan akan melakukan pertaruhan untuk mendatangkanFabio Quartararo. SementaraKTMakan mempertahankan semaksimal mungkin agarPedro Acostatidak menyeberang ke tim rival padaMotoGP 2027. Jendela transfer pembalapMotoGP 2027menghadirkan sorotan. Sebab peluang untuk menciptakan saga transfer kepindahan pembalap maupun plot twist terbuka lebar. Hal ini tak terlepas karena mayoritas pembalap akan habis kontraknya setelah MotoGP 2026 usai. Tak terkecuali Marco Bezzecchi danJorge Martinyang terikat kontrak dengan pabrikan Noale, Italia,Aprilia. Jika melihat performa, Bezzecchi di atas Martin. Bahkan Bez, sapaan akrab Marco Bezzecchi, tengah bersaing panas melawan Francesco 'Pecco' Bagnaia di perebutan posisi tiga klasemen akhir MotoGP 2025. Lain cerita denganJorge Martindi mana juara dunia MotoGP 2024 ini tercecer di posisi 21 klasemen berbekal 34 poin. Sebagai catatan,Jorge Martinabsen di sejumlah seri karena mengalami cedera. Bahkan waktu adaptasinya tidak semaksimal Bezzecchi. Situasinya kini menjadi pertanyaan bagiAprilia, akankah 'adik dari Ducati' ini akan memperpanjang kontrakJorge Martinatau sebaliknya? Mengingat rider asal Madrid, Spanyol ini sempat ingin meninggalkan tim satu tahun lebih cepat dari kontrak yang dia miliki. Dalam laporan Diario AS,Apriliaberpeluang besar untuk mendepakJorge Martinsetelah MotoGP 2026, dengan catatan rider berjuluk The Martinator itu gagal memperlihatkan kemampuan terbaiknya. Martin pun tidak kurang peminat. Honda Racing Corporation (HRC) juga sudah menunggu kesempatan untuk merealisasikan keinginan tertundanya mendapatkan tanda tanganJorge Martin. Aprilia juga bukannya tanpa opsi pengganti jika memilih tak memperpanjang kontrak JM01. Sebab,Apriliajuga ingin mewujudkan transfer impiannya dalam mendatangkan El Diablo, julukanFabio Quartararo. Menjadi rahasia umum bahwaApriliasempat mengincar pembalap kelahiran Nice, Prancis. Pada MotoGP 2024,Apriliapernah berusaha untuk mendatangkan Quartararo, sebelum akhirnya juara dunia MotoGP 2021 memilih memperpanjang kontrak di Monster Energy Yamaha. Bahkan El Diablo menjadi pembalap dengan gaji tertinggi di grid MotoGP saat ini, yakni mencapai Rp207 miliar.",https://www.tribunnews.com/sport/7752536/transfer-pembalap-motogp-2027-fabio-quartararo-ke-aprilia-ktm-blokir-keluarnya-pedro-acosta,Tribun,liga_spanyol,2025-11-09 20:06:38
"Rekap Hasil Final Korea Masters 2025: Indonesia Nirgelar, Tuah Rumah Segel Juara Umum","Ringkasan Berita:Rekap hasil final Korea Masters 2025 tak ada wakilIndonesiayang keluar sebagai juara dan naik podium tertinggiRaymond Indra/Nikolaus Joaquin harus mengakui keunggulan wakil tuan rumah, Lee/Wang setelah berduel hingga 3 gim dalam babak finalKontingen Korea selaku tuan rumah keluar sebagai juara umum lantaran berhasil mengamankan dua gelarTRIBUNNEWS.COM- Rekap hasil final Korea Masters 2025 berujung buruk bagi wakilIndonesiayang berjuang meraih gelar, Minggu (9/11/2025).Raymond Indra/Nikolaus Joaquin dari sektor ganda putra, bermain melawan utusan tuan rumah Lee Jong-min/Wang Chan di Iksan City, Korea Selatan.Pertarungan sengit yang dipertontonkan Raymond/Joaquin saat beradu dengan Lee/Wang berlangsung hingga 3 gim.Utusan Merah-Putih berhasil mengunci kemenangan lebih dulu di gim pertama skor 16-21 sebelum petaka hadir di gim kedua.Dominasi Lee/Wang tak terbantahkan ketika berhasil membelenggu Raymond/Joaquin sepanjang gim kedua.Momentum apik utusan Korea di gim kedua berhasil dituntaskan dengan kemenangan telak 21-16.Pasangan andalan tuan rumah tentu bertekad untuk melanjutkan kiprah apiknya di gim penentuan.Baca juga:Fakta Final Korea Masters 2025: Sejarah Raymond/Joaquin, Tuan Rumah Bidik Juara UmumBenar saja, Lee/Wang mampu menekan dan tak memberikan celah kepada Raymond/Joaquin sepanjang gim ketiga.Tak heran jika pada akhirnya Lee/Wang justru mampu menumbangkan utusanIndonesiadengan skor Afrika.Yap, wakilIndonesiatak mampu memperjuangkan skor hingga dua digit, harus puas dengan skor 21-6.Dengan kekalahan Raymond/Joaquin, maka asaIndonesiabisa juara Korea Masters 2025 auto buyar.Harapan Raymond/Joaquin mengukir sejarah di Korea Masters 2025 juga tertutup seketika.Padahal sejarah bagi pasanganIndonesiamenanti yakni sebagai ganda putra Merah-Putih pertama juara Korea Masters.Kemudian berpotensi untuk mengamankan gelar super 300 pertama dalam karier Raymond/Joaquin.Tuan Rumah Juara UmumBeda nasib dengan delegasiIndonesia, Korea selaku tuan rumah berjaya di kandang sendiri. TRIBUNNEWS.COM- Rekap hasil final Korea Masters 2025 berujung buruk bagi wakilIndonesiayang berjuang meraih gelar, Minggu (9/11/2025). Raymond Indra/Nikolaus Joaquin dari sektor ganda putra, bermain melawan utusan tuan rumah Lee Jong-min/Wang Chan di Iksan City, Korea Selatan. Pertarungan sengit yang dipertontonkan Raymond/Joaquin saat beradu dengan Lee/Wang berlangsung hingga 3 gim. Utusan Merah-Putih berhasil mengunci kemenangan lebih dulu di gim pertama skor 16-21 sebelum petaka hadir di gim kedua. Dominasi Lee/Wang tak terbantahkan ketika berhasil membelenggu Raymond/Joaquin sepanjang gim kedua. Momentum apik utusan Korea di gim kedua berhasil dituntaskan dengan kemenangan telak 21-16. Pasangan andalan tuan rumah tentu bertekad untuk melanjutkan kiprah apiknya di gim penentuan. Baca juga:Fakta Final Korea Masters 2025: Sejarah Raymond/Joaquin, Tuan Rumah Bidik Juara Umum Benar saja, Lee/Wang mampu menekan dan tak memberikan celah kepada Raymond/Joaquin sepanjang gim ketiga. Tak heran jika pada akhirnya Lee/Wang justru mampu menumbangkan utusanIndonesiadengan skor Afrika. Yap, wakilIndonesiatak mampu memperjuangkan skor hingga dua digit, harus puas dengan skor 21-6. Dengan kekalahan Raymond/Joaquin, maka asaIndonesiabisa juara Korea Masters 2025 auto buyar. Harapan Raymond/Joaquin mengukir sejarah di Korea Masters 2025 juga tertutup seketika. Padahal sejarah bagi pasanganIndonesiamenanti yakni sebagai ganda putra Merah-Putih pertama juara Korea Masters. Kemudian berpotensi untuk mengamankan gelar super 300 pertama dalam karier Raymond/Joaquin. Beda nasib dengan delegasiIndonesia, Korea selaku tuan rumah berjaya di kandang sendiri.",https://www.tribunnews.com/sport/7752534/rekap-hasil-final-korea-masters-2025-indonesia-nirgelar-tuah-rumah-segel-juara-umum,Tribun,liga_spanyol,2025-11-09 20:06:40
"Djokovic Sodorkan Kejutan di Akhir, Daftar Pemain ATP Finals 2025 Resmi Berubah","Ringkasan Berita:Petenis Serbia,Novak Djokovic, memutuskan undur diri dari turnamenATP Finals 2025Kondisi fisik yang tak memungkinkan membuat Djokovic memilih absen dari ajang bergengsi tersebutPosisinya akan diambil alih oleh Lorenzo MusettiTRIBUNNEWS.COM -Kejutan besar tersaji dari turnamentenispaling bergengsi,ATP Finals 2025, yang diselenggarakan di Turin, Italia.Sajian tak terduga itu terjadi dalam hal daftar pemain yang berhak mengikuti ajangATP Finals 2025yang mempertemukan 8 petenis putra terbaik dunia.Namun, salah satu nama paling tersohor dalam daftar pemain itu memutuskan undur diri alias tak jadi mengikuti ATP Finals.Petenis tersebut adalahNovak Djokovicyang merelakan tempatnya diambil alih pemain lainnya.Djokovic memutuskan mundur setelah menjadi padatnya jadwal turnamentenisdi bulan Oktober dan November.Pada akhir pekan ini Djokovic juga turun di ajang Athens 250 dan menobatkan dirinya sebagai juara di akhir turnamen dengan mengalahkan Lorenzo Musetti.Baca juga:Djokovic Mundur dari Paris Masters 2025, Fokus Siapkan Penampilan di Dekat Rumah yang BaruSelain alasan jadwal padat, Djokovic juga berurusan dengan tingkat kebugaran yang tak terlalu baik.Ia bergulat dengan rasa sakit di area bahu yang sudah ia alami selama beberapa waktu terakhir.Kondisi tersebut membuat dirinya riskan bersaing di ajang ATP Finals yang mempertemukan para jagoan terbaik di duniatenisputra.Untuk itu, mundur dari ajang tersebut rasanya menjadi keputusan wajar dan bijaksana baginya.Dengan usia yang sudah menginjak 38 tahun, akan sangat berbahaya bagi Djokovic untuk terus tampil dengan tempo tinggi selama beberapa waktu beruntun.NOVAK DJOKOVIC - Petenis Serbia, Novak Djokovic, saat beraksi di ajang tenis US Open 2025. (Instagram @djokernole)MundurnyaNovak Djokovicmemberikan keberuntungan kepada pemain lain.Hal itu menjadi berkah bagi petenis Italia yang sekaligus menjadi lawan Djoker di Athena lalu, Lorenzo Musetti.Musetti menjadi petenis terakhir yang memastikan diri lolos ke ajang tersebut.Koleksi poinnya cukup mengantarkan sang jagoan tuan rumah mencoba peruntungan bersama nama besar lainnya. TRIBUNNEWS.COM -Kejutan besar tersaji dari turnamentenispaling bergengsi,ATP Finals 2025, yang diselenggarakan di Turin, Italia. Sajian tak terduga itu terjadi dalam hal daftar pemain yang berhak mengikuti ajangATP Finals 2025yang mempertemukan 8 petenis putra terbaik dunia. Namun, salah satu nama paling tersohor dalam daftar pemain itu memutuskan undur diri alias tak jadi mengikuti ATP Finals. Petenis tersebut adalahNovak Djokovicyang merelakan tempatnya diambil alih pemain lainnya. Djokovic memutuskan mundur setelah menjadi padatnya jadwal turnamentenisdi bulan Oktober dan November. Pada akhir pekan ini Djokovic juga turun di ajang Athens 250 dan menobatkan dirinya sebagai juara di akhir turnamen dengan mengalahkan Lorenzo Musetti. Baca juga:Djokovic Mundur dari Paris Masters 2025, Fokus Siapkan Penampilan di Dekat Rumah yang Baru Selain alasan jadwal padat, Djokovic juga berurusan dengan tingkat kebugaran yang tak terlalu baik. Ia bergulat dengan rasa sakit di area bahu yang sudah ia alami selama beberapa waktu terakhir. Kondisi tersebut membuat dirinya riskan bersaing di ajang ATP Finals yang mempertemukan para jagoan terbaik di duniatenisputra. Untuk itu, mundur dari ajang tersebut rasanya menjadi keputusan wajar dan bijaksana baginya. Dengan usia yang sudah menginjak 38 tahun, akan sangat berbahaya bagi Djokovic untuk terus tampil dengan tempo tinggi selama beberapa waktu beruntun. MundurnyaNovak Djokovicmemberikan keberuntungan kepada pemain lain. Hal itu menjadi berkah bagi petenis Italia yang sekaligus menjadi lawan Djoker di Athena lalu, Lorenzo Musetti. Musetti menjadi petenis terakhir yang memastikan diri lolos ke ajang tersebut. Koleksi poinnya cukup mengantarkan sang jagoan tuan rumah mencoba peruntungan bersama nama besar lainnya.",https://www.tribunnews.com/sport/7752524/djokovic-sodorkan-kejutan-di-akhir-daftar-pemain-atp-finals-2025-resmi-berubah,Tribun,liga_spanyol,2025-11-09 20:06:43
Kabar Farhan Halim setelah Dicoret dari Timnas Voli Indonesia: Masih Jadi Camat di Nagano Tridents,"Ringkasan Berita:Farhan Halim kembali menjadi cadangan tanpa menit bermain setelahVC Nagano Tridentskalah dari Tokyo Great Bears kemarinFarhan Halim tercoret dari skuad Timnas Voli Indonesia untukSEA Games 2025Pelatih Indonesia Jeff Jiang Jie menggantikanFarhan Halimdengan Jordan Michael SusantoTRIBUNNEWS.COM- KabarFarhan Halimsetelah tercoret dariTimnas Voli Putra Indonesiadari final skuad untukSEA Games 2025.Farhan Halimmasih menjadi ""camat"" alias cadangan mati.Secara mengejutkanFarhan Halimdicoret dari daftar 14 pemainTimnas Voli Putra Indonesiayang diberangkatkan keSEA Games 2025Thailand pada awal Desember mendatang.Pencoretan outside hitter kelahiran 26 April 2001 ini mengernyitkan alisvolimania Tanah Air. Sebab, Farhan merupakan salah satu hitter terbaik yang berkemampuan lengkap dimiliki Indonesia.Keputusan pelatih Timnas Voli Putra Indonesia Jeff Jiang Jie mencoret Farhan Halim tergolong berani, dan memilih Jordan Michael Susanto sebagai pengganti.SKUAD VOLI - Daftar skuad resmi Timnas Voli Putra Indonesia untuk SEA Games 2025 yang berlangsung di Thailand, awal Desember mendatang. Farhan Halim dicoret. (Instagram @indonesian_volleyball)Kendati demikian, pencoretan suami Dita Azizah ini jauh-jauh hari sudah diprediksi.Bahkan Jeff Jiang Jie sebelum pemusatan latihan atau TC di Sentul dimulai akhir Oktober lalu sudah mengatakan, bahwa dirinya tidak yakin klubFarhan Halimakan melepaskan untuk SEA Games.""Farhan bermain di Jepang dan sangat sulit baginya untuk pulang, bergabung dalam latihan,"" ucap Jiang Jie.""Jadi, kami mencoba untuk mendapatkan pemain lain untuk bergabung dengan tim,"" sambung pelatih berkebangsaan China.Perlu diketahui,Farhan Halimmenjadi satu-satunya pemain Timnas Voli Indonesia dipanggil untuk TC, yang berstatus abroad atau bermain di luar negeri.Saat ini Farhan bermain untukVC Nagano Tridents, klub yang bermain di kasta tertinggi pervolian Jepang atau SVLeague 2025/2026. Sebagai informasi,VC Nagano Tridentsjuga sempat dibela Rivan Nurmulki dan Doni Haryono.Sayangnya bersamaVC Nagano Tridents, Farhan juga kurang mendapatkan menit bermain. Bahkan bisa dikatakan camat alias cadangan mati.Bagaimana tidak, dari enam pertandingan yang sudah dilakoni Nagano,Farhan Halimbaru bermain satu kali. Itupun berstatus serve spesialis dalam laga menghadapi Osaka Blazers Sakai.Terbaru,Farhan Halimtidak diturunkan sama sekali saatVC Nagano Tridentsmenelan kekalahan pada matchday 5 dan 6 Liga Voli Jepang 2025/2026.Pada pertandingan yang berlangsung di Tokyo Great Bears, Jumat (7/11),VC Nagano Tridentsterkena reverse sweep dalam laga set penuh, 2-3 (26-24, 25-19, 17-25, 32-34, 10-15). Dalam laga ini Farhan halim hanya berada di area cadangan.Hal serupa juga terjadi saat Nagano bersua Tokyo Great Bears di kandang, Sabtu (8/11). TRIBUNNEWS.COM- KabarFarhan Halimsetelah tercoret dariTimnas Voli Putra Indonesiadari final skuad untukSEA Games 2025.Farhan Halimmasih menjadi ""camat"" alias cadangan mati. Secara mengejutkanFarhan Halimdicoret dari daftar 14 pemainTimnas Voli Putra Indonesiayang diberangkatkan keSEA Games 2025Thailand pada awal Desember mendatang. Pencoretan outside hitter kelahiran 26 April 2001 ini mengernyitkan alisvolimania Tanah Air. Sebab, Farhan merupakan salah satu hitter terbaik yang berkemampuan lengkap dimiliki Indonesia. Keputusan pelatih Timnas Voli Putra Indonesia Jeff Jiang Jie mencoret Farhan Halim tergolong berani, dan memilih Jordan Michael Susanto sebagai pengganti. Kendati demikian, pencoretan suami Dita Azizah ini jauh-jauh hari sudah diprediksi. Bahkan Jeff Jiang Jie sebelum pemusatan latihan atau TC di Sentul dimulai akhir Oktober lalu sudah mengatakan, bahwa dirinya tidak yakin klubFarhan Halimakan melepaskan untuk SEA Games. ""Farhan bermain di Jepang dan sangat sulit baginya untuk pulang, bergabung dalam latihan,"" ucap Jiang Jie. ""Jadi, kami mencoba untuk mendapatkan pemain lain untuk bergabung dengan tim,"" sambung pelatih berkebangsaan China. Perlu diketahui,Farhan Halimmenjadi satu-satunya pemain Timnas Voli Indonesia dipanggil untuk TC, yang berstatus abroad atau bermain di luar negeri. Saat ini Farhan bermain untukVC Nagano Tridents, klub yang bermain di kasta tertinggi pervolian Jepang atau SVLeague 2025/2026. Sebagai informasi,VC Nagano Tridentsjuga sempat dibela Rivan Nurmulki dan Doni Haryono. Sayangnya bersamaVC Nagano Tridents, Farhan juga kurang mendapatkan menit bermain. Bahkan bisa dikatakan camat alias cadangan mati. Bagaimana tidak, dari enam pertandingan yang sudah dilakoni Nagano,Farhan Halimbaru bermain satu kali. Itupun berstatus serve spesialis dalam laga menghadapi Osaka Blazers Sakai. Terbaru,Farhan Halimtidak diturunkan sama sekali saatVC Nagano Tridentsmenelan kekalahan pada matchday 5 dan 6 Liga Voli Jepang 2025/2026. Pada pertandingan yang berlangsung di Tokyo Great Bears, Jumat (7/11),VC Nagano Tridentsterkena reverse sweep dalam laga set penuh, 2-3 (26-24, 25-19, 17-25, 32-34, 10-15). Dalam laga ini Farhan halim hanya berada di area cadangan. Hal serupa juga terjadi saat Nagano bersua Tokyo Great Bears di kandang, Sabtu (8/11).",https://www.tribunnews.com/sport/7752503/kabar-farhan-halim-setelah-dicoret-dari-timnas-voli-indonesia-masih-jadi-camat-di-nagano-tridents,Tribun,liga_spanyol,2025-11-09 20:06:45
"Live MotoGP Portugal 2025, Bezzecchi Tertantang Kalahkan Acosta dan Marquez","Ringkasan Berita:Balapan utamaMotoGP Portugal 2025akan berlangsung pada Minggu (9/11/2025) pukul 20.00 WIB di Algarve International Circuit.Pembalap Aprilia,Marco Bezzecchitertantang berduel denganPedro AcostadanAlex Marquezyang mengalahkannya di sesi Sprint Race.Link live streaming dan live hasilMotoGP Portugal 2025bisa diakses dalam artikel ini.TRIBUNNEWS.COM- LiveMotoGP Portugal 2025di Algarve International Circuit hari ini, Minggu (9/11/2025) pukul 20.00 WIB. Bisa disaksikan melalui siaran langsung Trans7 dan live streaming Vidio.Marco Bezzecchimenantikan duel denganPedro AcostadanAlex Marquez.Selama agenda akhir pekan ini, dari sesi latihan hingga kualifikasi,Marco Bezzecchitampil meyakinkan hingga mendapat waktu tercepat 1 menit 37.556 detik untuk satu putaran yang membuatnya menempati pole position.Harapan Bezzecchi besar, tren positif tersebut bisa berlanjut di sesi Sprint Race bahkan untuk balapan nanti malam.MARCO BEZZECCHI - Pebalap besutan Aprilia Racing, Marco Bezzecchi berhasil menyabet pole position MotoGP Mandalika 2025 di Sirkuit Mandalika, pada 4 Oktober 2025. Bezzecchi mengikis gap poin atas Pecco Bagnaia. (Foto: Laman Resmi MotoGP) (MotoGP)Tapi sayang, di sesi Sprint Race, Bezzecchi 'terpeleset'. Ia awalnya disalipPedro Acostayang mengawali sesi di urutan kedua, kemudian disusul olehAlex Marquezyang awalnya start di posisi 5.""KetikaPedro Acostamelewati saya, saya berpikir 'Oke, saya bisa mencoba untuk tetap bersamanya dan bersaing dengan baik',"" kata Bezzecchi di situs resmi MotoGP.""Masalahnya adalah ketikaAlex Marquezdatang, saya langsung mengerti bahwa dia adalah yang terkuat.""""Saya berharap bisa merasa sedikit lebih baik; mungkin finis di posisi ketiga, tetapi ada sesuatu yang kurang dari saya,"" sambungnya.Terlepas dari hasil tersebut, Bezzechi berharap bisa kembali bersaing dengan Acosta dan Marquez pada sesi balapan utama.""Saya berharap pertarungan yang lebih besar,"" tantangnya.""Hanya untuk mencoba menempatkan diri saya dalam persaingan. Karena memang benar saya kurang cepat, jadi satu-satunya cara untuk memperkecil jarak adalah bersaing dengan mereka,"" tambahnya.""Di sini, balapannya selalu ketat karena bannya sulit diatur. Tapi treknya menguras fisik. Jadi banyak hal yang harus diperhatikan,"" tutupnya.Bezzecchi akan mengkoreksi apa yang menjadi kesalahan dan kelemahannya dari sesi sprint kemarin agar lebih baik pada sesi balapan.Baca juga:Jadwal MotoGP Portugal 2025 Hari Ini, Race Alex Marquez Cs Mulai Pukul 20.00 WIB Live Trans7Jadwal MotoGP Portugal 2025Minggu, 9 November 2025- Pukul 16.40-16.50 WIB: Warm-up MotoGP- Pukul 17.00-17.40 WIB: Rider Parade- Pukul 18.15 WIB: Race Moto2 (21 Laps)- Pukul 20.00 WIB: Race MotoGP (25 Laps)- Pukul 21.30 WIB: Race Moto3 (19 Laps)Link liveMotoGP Portugal 2025Live Streaming<<< TRIBUNNEWS.COM- LiveMotoGP Portugal 2025di Algarve International Circuit hari ini, Minggu (9/11/2025) pukul 20.00 WIB. Bisa disaksikan melalui siaran langsung Trans7 dan live streaming Vidio.Marco Bezzecchimenantikan duel denganPedro AcostadanAlex Marquez. Selama agenda akhir pekan ini, dari sesi latihan hingga kualifikasi,Marco Bezzecchitampil meyakinkan hingga mendapat waktu tercepat 1 menit 37.556 detik untuk satu putaran yang membuatnya menempati pole position. Harapan Bezzecchi besar, tren positif tersebut bisa berlanjut di sesi Sprint Race bahkan untuk balapan nanti malam. Tapi sayang, di sesi Sprint Race, Bezzecchi 'terpeleset'. Ia awalnya disalipPedro Acostayang mengawali sesi di urutan kedua, kemudian disusul olehAlex Marquezyang awalnya start di posisi 5. ""KetikaPedro Acostamelewati saya, saya berpikir 'Oke, saya bisa mencoba untuk tetap bersamanya dan bersaing dengan baik',"" kata Bezzecchi di situs resmi MotoGP. ""Masalahnya adalah ketikaAlex Marquezdatang, saya langsung mengerti bahwa dia adalah yang terkuat."" ""Saya berharap bisa merasa sedikit lebih baik; mungkin finis di posisi ketiga, tetapi ada sesuatu yang kurang dari saya,"" sambungnya. Terlepas dari hasil tersebut, Bezzechi berharap bisa kembali bersaing dengan Acosta dan Marquez pada sesi balapan utama. ""Saya berharap pertarungan yang lebih besar,"" tantangnya. ""Hanya untuk mencoba menempatkan diri saya dalam persaingan. Karena memang benar saya kurang cepat, jadi satu-satunya cara untuk memperkecil jarak adalah bersaing dengan mereka,"" tambahnya. ""Di sini, balapannya selalu ketat karena bannya sulit diatur. Tapi treknya menguras fisik. Jadi banyak hal yang harus diperhatikan,"" tutupnya. Bezzecchi akan mengkoreksi apa yang menjadi kesalahan dan kelemahannya dari sesi sprint kemarin agar lebih baik pada sesi balapan. Baca juga:Jadwal MotoGP Portugal 2025 Hari Ini, Race Alex Marquez Cs Mulai Pukul 20.00 WIB Live Trans7 Minggu, 9 November 2025 - Pukul 16.40-16.50 WIB: Warm-up MotoGP- Pukul 17.00-17.40 WIB: Rider Parade- Pukul 18.15 WIB: Race Moto2 (21 Laps)- Pukul 20.00 WIB: Race MotoGP (25 Laps)- Pukul 21.30 WIB: Race Moto3 (19 Laps) Live Streaming<<<",https://www.tribunnews.com/sport/7752496/live-motogp-portugal-2025-bezzecchi-tertantang-kalahkan-acosta-dan-marquez,Tribun,liga_spanyol,2025-11-09 20:06:47
"Jadwal MotoGP Portugal 2025 Hari Ini, Race Alex Marquez Cs Mulai Pukul 20.00 WIB Live Trans7","Ringkasan Berita:Jadwal raceMotoGPPortugal 2025 hari ini, Minggu (9/11/2025) mulai pukul 16.40 WIB untuk sesi pemanasan.Race Pecco Badnaia cs dijadwalkan pukul 20.00 WIB sebanyak 25 putaran Algarve International CircuitStarting Grid dan klasemenMotoGP2025 tersedia dalam artikel ini, Adik Marc Marquez incar kemenangan.TRIBUNNEWS.COM- JadwalMotoGPPortugal 2025 di Algarve International Circuit hari ini, Minggu (9/11/2025) dimulai pukul 16.40 WIB untuk sesi warm-up rider kelas utama.Main race atau balapan utama para riderMotoGP2025 dijadwalkan mulai pukul 20.00 WIB, setelah sesi Moto2 yang berlangsung sebanyak 21 putaran.Ada perubahan yang akan terjadi pada starting grid MotoGP Portugal 2025 hari ini setelah insiden kecelakaan Raul Fernandez pada sesi Latihan Bebas (FP) 2 kemarin.Ekspresi Raul Fernandez rider besutan Trackhouse Aprilia ketika mendapat posisi ketiga Starting Grid MotoGP Jerman 2024. (Instragam @raulfernandez_25)Fernandez tidak dapat melanjutkan sesi setelah itu, ia bahkan harus undur diri dari sesi balapan akhir pekan ini.Pembalap yang akan memulai balapan di grid malam ini sejumlah 21 dari 22 rider secara keseluruhan.Raul Fernandez tidak ambil bagian dalam kualifikasi, jadi susunan gridnya sama seperti kualifikasi pertama dan kedua.Marco Bezzecchi berada di posisi terdepan, diikuti oleh Pedro Acosta, dan Fabio Quartararo dari line pertama.Pecco Bagnaia memimpin baris kedua di depan pemenang Sprint RaceMotoGPPortugal 2025 kemarin,Alex Marquez, dan Johann Zarco.Lalu diikuti oleh Joan Mir, Jack Miller, serta Fabio Di Giannantonio pada baris ketiga.TekadAlex MarquezPemenang Sprint RaceMotoGPPortugal 2025 tak ingin mengulang kesalahan yang sama pada race nanti malam.Pada sesi sprint kemarin, dalam beberapa momenAlex Marquezmerasakan melambat di lintasan dan ada ketidakseimbangan ban depan sehingga membuatnya tidak nyaman.Karena itu, adik Marc Marquez tersebut terlibat persaingan ketat dengan Pedro Acosta yang harus ditentukan hingga putaran terakhir.""Saya mengawali dengan sangat baik, dan ketika saya berada di belakang mereka, saya menyadari bahwa saya punya sesuatu yang lebih,"" kata Alex ketika memulai sesi sprint dari urutan kelima dikutip dari Crash.""Rencana saya adalah menyalip di tikungan terakhir sebelum yang pertama. Saya selalu memiliki kemampuan berkendara yang baik di sana, dengan Honda dan Ducati,"" sambungnya.  TRIBUNNEWS.COM- JadwalMotoGPPortugal 2025 di Algarve International Circuit hari ini, Minggu (9/11/2025) dimulai pukul 16.40 WIB untuk sesi warm-up rider kelas utama. Main race atau balapan utama para riderMotoGP2025 dijadwalkan mulai pukul 20.00 WIB, setelah sesi Moto2 yang berlangsung sebanyak 21 putaran. Ada perubahan yang akan terjadi pada starting grid MotoGP Portugal 2025 hari ini setelah insiden kecelakaan Raul Fernandez pada sesi Latihan Bebas (FP) 2 kemarin. Fernandez tidak dapat melanjutkan sesi setelah itu, ia bahkan harus undur diri dari sesi balapan akhir pekan ini. Pembalap yang akan memulai balapan di grid malam ini sejumlah 21 dari 22 rider secara keseluruhan. Raul Fernandez tidak ambil bagian dalam kualifikasi, jadi susunan gridnya sama seperti kualifikasi pertama dan kedua. Marco Bezzecchi berada di posisi terdepan, diikuti oleh Pedro Acosta, dan Fabio Quartararo dari line pertama. Pecco Bagnaia memimpin baris kedua di depan pemenang Sprint RaceMotoGPPortugal 2025 kemarin,Alex Marquez, dan Johann Zarco. Lalu diikuti oleh Joan Mir, Jack Miller, serta Fabio Di Giannantonio pada baris ketiga. Pemenang Sprint RaceMotoGPPortugal 2025 tak ingin mengulang kesalahan yang sama pada race nanti malam. Pada sesi sprint kemarin, dalam beberapa momenAlex Marquezmerasakan melambat di lintasan dan ada ketidakseimbangan ban depan sehingga membuatnya tidak nyaman. Karena itu, adik Marc Marquez tersebut terlibat persaingan ketat dengan Pedro Acosta yang harus ditentukan hingga putaran terakhir. ""Saya mengawali dengan sangat baik, dan ketika saya berada di belakang mereka, saya menyadari bahwa saya punya sesuatu yang lebih,"" kata Alex ketika memulai sesi sprint dari urutan kelima dikutip dari Crash. ""Rencana saya adalah menyalip di tikungan terakhir sebelum yang pertama. Saya selalu memiliki kemampuan berkendara yang baik di sana, dengan Honda dan Ducati,"" sambungnya.",https://www.tribunnews.com/sport/7752445/jadwal-motogp-portugal-2025-hari-ini-race-alex-marquez-cs-mulai-pukul-2000-wib-live-trans7,Tribun,liga_spanyol,2025-11-09 20:06:49
"Update Klasemen MotoGP 2025: Poin Pecco Bagnaia Dijauhi Bezzecchi, Dipepet Acosta","Ringkasan Berita:KlasemenMotoGP2025 setelah sprint race Portugal jadi alarm bahaya bagiPecco BagnaiaPoinPecco Bagnaiamulai dijauhiMarco Bezzecchidengan selisih 10 angkaPedro Acosta yang finis P2 sprint race Portugal mengikis gap dengan Bagnaia menjadi 19 poinTRIBUNNEWS.COM- Update klasemenMotoGP2025 setelah sprint race Portugal jadi alarm bahaya bagiPecco Bagnaia, Minggu (9/11/2025).Marco Bezzecchi danPedro Acostayang berhasil finis podium sprint raceMotoGPPortugal 2025 mampu mengusik posisi Bagnaia di P4 klasemen.Jagoan Aprilia, Bezzecchi finis podium ketiga berhasil menambah koleksinya menjadi 298 poin. Posisi Bezzecchi kian aman di P3 klasemenMotoGP2025.Sementara itu,Pedro Acostayang nyaris menang sprint raceMotoGPuntuk kali pertama harus puas finis P2.Menariknya raihan si Hiu -julukan Acosta,berhasil menambah koleksinya menjadi 269 poin dan mengikis gap dengan Bagnaia urutan keempat klasemen menjadi 19 angka.lihat fotoPECCO BAGNAIA - Pebalap Ducati Lenovo, Pecco Bagnaia, ketika gagal lolos Q2 dalam sesi kualifikasi MotoGP Mandalika 2025 di Sirkuit Mandalika, pada 4 Oktober 2025. (Foto: Laman Resmi MotoGP)Apes menimpa FB63 gegara kena tikung dilast lapsprint raceMotoGPPortugal 2025 memaksa Bagnaia harus puas finis P8.Torehan Bagnaia di sprint race yang finis P8 bikin dirinya hanya bisa menambah koleksinya menjadi 288 poin.Koleksi tersebut mulai dikejar olehPedro Acostayang saat ini tengah berada dalam momentum apik di atas RC-16 KTM miliknya.Tentu bukan posisi yang nyaman bagi rekan setim Marc Marquez lantaran Bagnaia terancam bisa melorot ke P5 klasemen jika Acosta bisa menyalipnya.Baca juga:Hasil Sprint Race MotoGP Portugal 2025: Alex Marquez Menang, Rusak Mimpi Pedro Acosta Pecah TelurMau tak mau, suami Domizia Castagnini wajib bangkit dan menghindari blunder lagi songsong balapan utama di Sirkuit Portimao.Finis di depan Bezzecchi dan Acosta jadi kewajiban Bagnaia agar membuka kans kembali ke P3 atau setidaknya tak tergusur dari posisi keempatnya saat ini.Perjuangan murid Valentino Rossi di kampung halaman Cristiano Ronaldo akan kembali berlanjut di balapan utamaMotoGPPortugal 2025 hari ini.Balapan utama atau Grand PrixMotoGPPortugal 2025 dijawalkan bergulir mulai pukul 20.00 WIB.KlasemenMotoGP2025 setelah Sprint Race PortugalPer Sabtu (8/11/2025)1. Marc Marquez (545)2. Alex Marquez (425)3.Marco Bezzecchi(298)4. Francesco Bagnaia (288)5.Pedro Acosta(269) TRIBUNNEWS.COM- Update klasemenMotoGP2025 setelah sprint race Portugal jadi alarm bahaya bagiPecco Bagnaia, Minggu (9/11/2025). Marco Bezzecchi danPedro Acostayang berhasil finis podium sprint raceMotoGPPortugal 2025 mampu mengusik posisi Bagnaia di P4 klasemen. Jagoan Aprilia, Bezzecchi finis podium ketiga berhasil menambah koleksinya menjadi 298 poin. Posisi Bezzecchi kian aman di P3 klasemenMotoGP2025. Sementara itu,Pedro Acostayang nyaris menang sprint raceMotoGPuntuk kali pertama harus puas finis P2. Menariknya raihan si Hiu -julukan Acosta,berhasil menambah koleksinya menjadi 269 poin dan mengikis gap dengan Bagnaia urutan keempat klasemen menjadi 19 angka. Apes menimpa FB63 gegara kena tikung dilast lapsprint raceMotoGPPortugal 2025 memaksa Bagnaia harus puas finis P8. Torehan Bagnaia di sprint race yang finis P8 bikin dirinya hanya bisa menambah koleksinya menjadi 288 poin. Koleksi tersebut mulai dikejar olehPedro Acostayang saat ini tengah berada dalam momentum apik di atas RC-16 KTM miliknya. Tentu bukan posisi yang nyaman bagi rekan setim Marc Marquez lantaran Bagnaia terancam bisa melorot ke P5 klasemen jika Acosta bisa menyalipnya. Baca juga:Hasil Sprint Race MotoGP Portugal 2025: Alex Marquez Menang, Rusak Mimpi Pedro Acosta Pecah Telur Mau tak mau, suami Domizia Castagnini wajib bangkit dan menghindari blunder lagi songsong balapan utama di Sirkuit Portimao. Finis di depan Bezzecchi dan Acosta jadi kewajiban Bagnaia agar membuka kans kembali ke P3 atau setidaknya tak tergusur dari posisi keempatnya saat ini. Perjuangan murid Valentino Rossi di kampung halaman Cristiano Ronaldo akan kembali berlanjut di balapan utamaMotoGPPortugal 2025 hari ini. Balapan utama atau Grand PrixMotoGPPortugal 2025 dijawalkan bergulir mulai pukul 20.00 WIB. Per Sabtu (8/11/2025) 1. Marc Marquez (545)2. Alex Marquez (425)3.Marco Bezzecchi(298)4. Francesco Bagnaia (288)5.Pedro Acosta(269)",https://www.tribunnews.com/sport/7752417/update-klasemen-motogp-2025-poin-pecco-bagnaia-dijauhi-bezzecchi-dipepet-acosta,Tribun,liga_spanyol,2025-11-09 20:06:51
"Rivan Nurmulki Tak Tersentuh, Bocoran Line-up Timnas Voli Putra Indonesia untuk SEA Games 2025","Ringkasan Berita:Erwin Rusni menyebut line-up utamaTimnas Voli Putra IndonesiauntukSEA Games 2025masih akan sama seperti SEA V League 2025Rivan Nurmulki jadi pilihan paten di posisi oppositeTimnas Voli Putra Indonesia tetap dipatok target medali emas padaSEA Games 2025TRIBUNNEWS.COM-Line-upTimnas Voli Putra IndonesiauntukSEA Games 2025masih akan sama dengan SEA V League lalu.Rivan Nurmulkitak tersentuh di posisi opposite!Perubahan skuadTimnas Voli Putra IndonesiauntukSEA Games 2025yang berlangsung di Thailand, awal Desember mendatang, menghadirkan sorotan baru.Line-up utamaTimnas Voli Putra Indonesiaakankah dirombak oleh pelatih kepalaJeff Jiang Jie, atau mempertahankan kerangka yang ada.Sebab, nama-nama seperti Dio Zulfikri dan Farhan Halim untuk SEA Games 2025 tidak masuk dalam daftar 14 pemain.SKUAD VOLI - Daftar skuad resmi Timnas Voli Putra Indonesia untuk SEA Games 2025 yang berlangsung di Thailand, awal Desember mendatang. Farhan Halim dicoret. (Instagram @indonesian_volleyball)Asisten pelatihTimnas Voli Putra Indonesia,Erwin Rusnimenjelaskan, bahwa hingga detik ini belum ada line-up pasti yang diturunkan untuk SEA Games mendatang. Tetapi dalam sudut pandangnya, kerangka tim utama SEA V League 2025 tidak akan mengalami perubahan signifikan.""Jujur saja untuk saat ini kita (staf kepelatihan-red) masih kesulitan untuk menentukan line-up utama. Tetapi kemungkinan besar masih akan sama seperti SEA V League lalu,"" ujarErwin Rusnikepada Tribunnews, Minggu (9/11/2025) sore WIB.""Untuk middle blocker Hendra dipasangkan sama Tedy Oka, lalu untuk hitter Boy dengan Jordan. Libero ada Fahreza, karena harus diakui dia masih yang terbaik untuk received dan bertahan,"" terangnya menambahkan.""Opposite masih Rivan,"" sambung pria yang semasa aktif menjadi pevoli memperkuat Jakarta Sananta.Di posisi setter, Jasen Natanael Kilanta berpeluang besar menyegel tempat utama, mengingat Dio Zulfikri tidak dibawa keSEA Games 2025Thailand. Jasen akan bersaing dengan setter dari Indomaret Sidoarjo, Alfin Daniel.Perubahan cukup signifikan memang terjadi dalam final rosterTimnas Voli Putra Indonesiauntuk SEA Games Thailand.Nama-nama langganan timnas seperti Muhammad Malizi, Dio Zulfikri, dan Farhan Halim tidak dibawa dalam event dua tahunan tersebut.Pun di masing-masing posisi, juga dihuni pemain yang tak kalah apik sebagai pesaing.Di sektor outside hitter masih ada Fahri Septian Putratama, yang secara received salah satu yang terbaik di Tanah Air. Kemudian Agil Angga unggul untuk urusan serangan, karena juga bisa diplot sebagai opposite.Beralih ke middle blocker, Daffa Naufal Mauludani yang pernah menjadi bagian Indonesia ketika meraih emas SEA Games Vietnam juga tergabung dalam skuad. Lalu ada debutan Kristoforus Sina di posisi MB.Baca juga:Alasan Jiang Jie Coret Farhan Halim dari Skuad Timnas Voli Putra Indonesia di SEA Games 2025Prasojo akan bergantian dengan Fahreza Rakha pada pos libero. SedangkanRivan Nurmulkiyang hingga kini belum tergantikan sebagai pengemban tugas opposite, menempatkan Rama Fazza Fauzan sebagai pelapis. TRIBUNNEWS.COM-Line-upTimnas Voli Putra IndonesiauntukSEA Games 2025masih akan sama dengan SEA V League lalu.Rivan Nurmulkitak tersentuh di posisi opposite! Perubahan skuadTimnas Voli Putra IndonesiauntukSEA Games 2025yang berlangsung di Thailand, awal Desember mendatang, menghadirkan sorotan baru. Line-up utamaTimnas Voli Putra Indonesiaakankah dirombak oleh pelatih kepalaJeff Jiang Jie, atau mempertahankan kerangka yang ada. Sebab, nama-nama seperti Dio Zulfikri dan Farhan Halim untuk SEA Games 2025 tidak masuk dalam daftar 14 pemain. Asisten pelatihTimnas Voli Putra Indonesia,Erwin Rusnimenjelaskan, bahwa hingga detik ini belum ada line-up pasti yang diturunkan untuk SEA Games mendatang. Tetapi dalam sudut pandangnya, kerangka tim utama SEA V League 2025 tidak akan mengalami perubahan signifikan. ""Jujur saja untuk saat ini kita (staf kepelatihan-red) masih kesulitan untuk menentukan line-up utama. Tetapi kemungkinan besar masih akan sama seperti SEA V League lalu,"" ujarErwin Rusnikepada Tribunnews, Minggu (9/11/2025) sore WIB. ""Untuk middle blocker Hendra dipasangkan sama Tedy Oka, lalu untuk hitter Boy dengan Jordan. Libero ada Fahreza, karena harus diakui dia masih yang terbaik untuk received dan bertahan,"" terangnya menambahkan. ""Opposite masih Rivan,"" sambung pria yang semasa aktif menjadi pevoli memperkuat Jakarta Sananta. Di posisi setter, Jasen Natanael Kilanta berpeluang besar menyegel tempat utama, mengingat Dio Zulfikri tidak dibawa keSEA Games 2025Thailand. Jasen akan bersaing dengan setter dari Indomaret Sidoarjo, Alfin Daniel. Perubahan cukup signifikan memang terjadi dalam final rosterTimnas Voli Putra Indonesiauntuk SEA Games Thailand. Nama-nama langganan timnas seperti Muhammad Malizi, Dio Zulfikri, dan Farhan Halim tidak dibawa dalam event dua tahunan tersebut. Pun di masing-masing posisi, juga dihuni pemain yang tak kalah apik sebagai pesaing. Di sektor outside hitter masih ada Fahri Septian Putratama, yang secara received salah satu yang terbaik di Tanah Air. Kemudian Agil Angga unggul untuk urusan serangan, karena juga bisa diplot sebagai opposite. Beralih ke middle blocker, Daffa Naufal Mauludani yang pernah menjadi bagian Indonesia ketika meraih emas SEA Games Vietnam juga tergabung dalam skuad. Lalu ada debutan Kristoforus Sina di posisi MB. Baca juga:Alasan Jiang Jie Coret Farhan Halim dari Skuad Timnas Voli Putra Indonesia di SEA Games 2025 Prasojo akan bergantian dengan Fahreza Rakha pada pos libero. SedangkanRivan Nurmulkiyang hingga kini belum tergantikan sebagai pengemban tugas opposite, menempatkan Rama Fazza Fauzan sebagai pelapis.",https://www.tribunnews.com/sport/7752607/rivan-nurmulki-tak-tersentuh-bocoran-line-up-timnas-voli-putra-indonesia-untuk-sea-games-2025,Tribun,liga_spanyol,2025-11-09 20:06:54
Jadwal Badminton setelah Korea Masters 2025: Kadek Dhinda Lanjut Main di Kumamoto Masters 2025,"Ringkasan Berita:Kumamoto Masters 2025 jadi agenda badminton selanjutnya setelahKorea Masters 2025selesai, akan diikuti 5 wakil IndonesiaNi Kadek Dhinda kembali berlaga bersama Gregoria Mariska setelah mebuktikan tuahnya saat beraksi diKorea Masters 2025Menariknya, sebelumnya ada Anthony Ginting bahkan Jonatan Christie yang ambil bagian diKumamoto Masters 2025, namun mereka memutuskan mundurTRIBUNNEWS.COM- Jadwal badminton setelahKorea Masters 2025rampung adaKumamoto Masters 2025di Jepang.Kumamoto Masters 2025 merupakan turnamen berlabel super 500 yang mana Indonesia menurunkan sebanyak 5 wakil.Turamen ini akan dihelat di Kumamoto Prefectural Gymnasium, Jepang, mulai Selasa (11/11/2025) hingga Minggu (16/11/2025).Wakil Indonesia yang ambil bagian adaNi Kadek Dhinda Amartya Pratiwiyang telah membuktikan tuahnya diKorea Masters 2025, lanjut main diKumamoto Masters 2025.Kadek Dhinda selaku andalan di nomor tunggal putri akan menemani seniornya, Gregoria Mariska.Atlet yang akrab disapa Jorji tersebut akan coba peruntungannya diKumamoto Masters 2025bersama Dhinda.Pemain asal Wonogiri tersebut mendapat status mentereng jelang bermain diKumamoto Masters 2025.Keuntungan dari banyaknya wakil elite dunia seperti An Se-young (Korea), Wang Zhi Yi (China), hingga Putri Kusuma Wardani, bikin Jorji dapat status unggulan.lihat fotoTEMBUS SEMIFINAL - Pebulutangkis tunggal putri Indonesia, Ni Kadek Dhinda Amartya Pratiwi, berhasil menembus babak semifinal turnamen Korea Masters 2025 setelah menyingkirkan wakil tuan rumah, Park Ga Eun dengan skor 21-15, 22-24, 21-13 di Wonkwang University Cultural dan Sports Center, Iksan, Korea Selatan, Jumat (7/11/2025).Istri Mikha Angelo ini didapuk sebagai unggulan keempat dalam gelaranKumamoto Masters 2025.Unggulan-unggulan lain di tunggal putri ada jagoan tuan rumah, Akane Yamaguchi, Tokoma Miyazaki, hingga idola Jorji, Ratchanok Intanon (Thailand).Dhinda yang akan turut ambil bagian bersama Jorji tak berstatus unggulan.Ini karena peringkat dunia Dhinda masih jauh dari potensinya menjadi pemain unggulan di level super 500.Baca juga:Kumamoto Masters 2025 Penentuan Nasib Fajar/Fikri ke BWF World Tour Finals 2025Jelang main diKumamoto Masters 2025, peringkat dunia milik Dhinda masih di luar top 100.Selain Jorji dan Dhinda, masih ada utusan Merah-Putih lain yang turut berlaga.Di tunggal putra ada dua pemain muda Indonesia yang akan beraksi. TRIBUNNEWS.COM- Jadwal badminton setelahKorea Masters 2025rampung adaKumamoto Masters 2025di Jepang. Kumamoto Masters 2025 merupakan turnamen berlabel super 500 yang mana Indonesia menurunkan sebanyak 5 wakil. Turamen ini akan dihelat di Kumamoto Prefectural Gymnasium, Jepang, mulai Selasa (11/11/2025) hingga Minggu (16/11/2025). Wakil Indonesia yang ambil bagian adaNi Kadek Dhinda Amartya Pratiwiyang telah membuktikan tuahnya diKorea Masters 2025, lanjut main diKumamoto Masters 2025. Kadek Dhinda selaku andalan di nomor tunggal putri akan menemani seniornya, Gregoria Mariska. Atlet yang akrab disapa Jorji tersebut akan coba peruntungannya diKumamoto Masters 2025bersama Dhinda. Pemain asal Wonogiri tersebut mendapat status mentereng jelang bermain diKumamoto Masters 2025. Keuntungan dari banyaknya wakil elite dunia seperti An Se-young (Korea), Wang Zhi Yi (China), hingga Putri Kusuma Wardani, bikin Jorji dapat status unggulan. Istri Mikha Angelo ini didapuk sebagai unggulan keempat dalam gelaranKumamoto Masters 2025. Unggulan-unggulan lain di tunggal putri ada jagoan tuan rumah, Akane Yamaguchi, Tokoma Miyazaki, hingga idola Jorji, Ratchanok Intanon (Thailand). Dhinda yang akan turut ambil bagian bersama Jorji tak berstatus unggulan. Ini karena peringkat dunia Dhinda masih jauh dari potensinya menjadi pemain unggulan di level super 500. Baca juga:Kumamoto Masters 2025 Penentuan Nasib Fajar/Fikri ke BWF World Tour Finals 2025 Jelang main diKumamoto Masters 2025, peringkat dunia milik Dhinda masih di luar top 100. Selain Jorji dan Dhinda, masih ada utusan Merah-Putih lain yang turut berlaga. Di tunggal putra ada dua pemain muda Indonesia yang akan beraksi.",https://www.tribunnews.com/sport/7752592/jadwal-badminton-setelah-korea-masters-2025-kadek-dhinda-lanjut-main-di-kumamoto-masters-2025,Tribun,liga_spanyol,2025-11-09 20:06:57
Alasan Jiang Jie Coret Farhan Halim dari Skuad Timnas Voli Putra Indonesia di SEA Games 2025,"Ringkasan Berita:Jeff Jiang Jie menjadi aktor utama di balik keputusan mencoretFarhan Halimdari skuadTimnas Voli Putra IndonesiadiSEA Games 2025Masalah waktu bergabung dalam pemusatan latihan jadi alasan mengapaFarhan HalimdicoretFarhan Halim saat ini berkompetisi di Liga Voli Jepang memperkuat VC Nagano TridentsTRIBUNNEWS.COM- Asisten pelatihErwin Rusnimenjelaskan alasan pencoretanFarhan Halimdari skuadTimnas Voli Putra IndonesiauntukSEA Games 2025.Dalam keteranganErwin Rusni, pencoretanFarhan Halimmutlak berdasarkan keputusan pelatihTimnas Voli Putra Indonesia,Jeff Jiang Jie.Volimania Tanah Air bertanya-tanya apa alasanFarhan Halimdicoret dari skuad finalTimnas Voli Putra IndonesiauntukSEA Games 2025yang berlangsung di Thailand awal Desember nanti.Farhan dipandang sebagai salah satu outside hitter (OH) terbaik yang dimiliki Indonesia. Bahkan dia kini berstatus abroad, membela tim kasta tertinggi Liga Voli Jepang, VC Nagano Tridents.""Soal pencoretanFarhan Halimmemang keputusannya berada di tangan pelatih (Jeff Jiang Jie-red),"" terang asisten pelatihTimnas Voli Putra Indonesia,Erwin Rusni, ketika dihubungi Tribunnews, Minggu (9/11) sore WIB.""Kita sebagai asisten pelatih sudah memberikan masukan soal plus-minus pemain mana yang dipilih,"" sambung pria yang pernah memperkuat Jakarta Sananta di Proliga 2008.Erwin Rusni menambahkan, masalah mepetnya waktu bergabungFarhan Halimjuga jadi pertimbangan keputusan diambilJeff Jiang Jie.Jika memaksakan Farhan dibawa ke Thailand, sang pevoli baru bisa bergabung H-7 sebelum caborvoliindoor dipertandingkan. Sementara dalam pemusatan latihan, keberadaanFarhan Halimsangat dibutuhkan dalam TC untuk memadukan chemistry permainan.""Selain itu, Farhan baru bisa bergabung seminggu sebelum SEA Games (voli-red) berlangsung. Jadi itu sedikit banyak jadi kendala.""""Saat latihan juga kita kan butuh pemain yang lengkap, sehingga kalau baru bergabung seminggu sebelum dimulai, kita kerepotan.""""Karena itu akhirnya coach Jeff memilih itu (mencoret Farhan-red). Sementara untuk posisi hitter juga mumpuni dengan pemain yang ada, kita berusaha memaksimalkan.""Di sisi lain, pencoretanFarhan Halimjuga bukannya tanpa pertimbangan matang. Di posisi OH, timvoliputra Indonesia dihuni deretan spiker terbaik saat ini, meliputi Boy Arnez, Jordan Michael Susanto, Agil Angga Anggara, dan Fahri Septian Putratama.Jeff Jiang Jie percaya dengan skuad yang ada, Timnas Voli Putra Indonesia mampu mempertahankan medali emas, yang dalam tiga edisi terakhir penyelenggaraan SEA Games, sukses dibawa pulang ke Tanah Air.Baca juga:Kabar Farhan Halim setelah Dicoret dari Timnas Voli Indonesia: Masih Jadi Camat di Nagano TridentsPendaftaran Pemain Sempat TerlambatErwin Rusni juga menceritakan, keputusan pemilihan pemain juga bukannya tanpa kendala. Sebab skuad finalTimnas Voli Putra IndonesiauntukSEA Games 2025harus diserahkan ke PBVSI pada 29 Oktober kemarin.Sementara pemusatan latihan atau TCTimnas Voli Putra Indonesiabaru dimulai setelah Livoli, yang pada timeline PBVSI, aktif dimulai 23 Oktober lalu. TRIBUNNEWS.COM- Asisten pelatihErwin Rusnimenjelaskan alasan pencoretanFarhan Halimdari skuadTimnas Voli Putra IndonesiauntukSEA Games 2025. Dalam keteranganErwin Rusni, pencoretanFarhan Halimmutlak berdasarkan keputusan pelatihTimnas Voli Putra Indonesia,Jeff Jiang Jie. Volimania Tanah Air bertanya-tanya apa alasanFarhan Halimdicoret dari skuad finalTimnas Voli Putra IndonesiauntukSEA Games 2025yang berlangsung di Thailand awal Desember nanti. Farhan dipandang sebagai salah satu outside hitter (OH) terbaik yang dimiliki Indonesia. Bahkan dia kini berstatus abroad, membela tim kasta tertinggi Liga Voli Jepang, VC Nagano Tridents. ""Soal pencoretanFarhan Halimmemang keputusannya berada di tangan pelatih (Jeff Jiang Jie-red),"" terang asisten pelatihTimnas Voli Putra Indonesia,Erwin Rusni, ketika dihubungi Tribunnews, Minggu (9/11) sore WIB. ""Kita sebagai asisten pelatih sudah memberikan masukan soal plus-minus pemain mana yang dipilih,"" sambung pria yang pernah memperkuat Jakarta Sananta di Proliga 2008. Erwin Rusni menambahkan, masalah mepetnya waktu bergabungFarhan Halimjuga jadi pertimbangan keputusan diambilJeff Jiang Jie. Jika memaksakan Farhan dibawa ke Thailand, sang pevoli baru bisa bergabung H-7 sebelum caborvoliindoor dipertandingkan. Sementara dalam pemusatan latihan, keberadaanFarhan Halimsangat dibutuhkan dalam TC untuk memadukan chemistry permainan. ""Selain itu, Farhan baru bisa bergabung seminggu sebelum SEA Games (voli-red) berlangsung. Jadi itu sedikit banyak jadi kendala."" ""Saat latihan juga kita kan butuh pemain yang lengkap, sehingga kalau baru bergabung seminggu sebelum dimulai, kita kerepotan."" ""Karena itu akhirnya coach Jeff memilih itu (mencoret Farhan-red). Sementara untuk posisi hitter juga mumpuni dengan pemain yang ada, kita berusaha memaksimalkan."" Di sisi lain, pencoretanFarhan Halimjuga bukannya tanpa pertimbangan matang. Di posisi OH, timvoliputra Indonesia dihuni deretan spiker terbaik saat ini, meliputi Boy Arnez, Jordan Michael Susanto, Agil Angga Anggara, dan Fahri Septian Putratama. Jeff Jiang Jie percaya dengan skuad yang ada, Timnas Voli Putra Indonesia mampu mempertahankan medali emas, yang dalam tiga edisi terakhir penyelenggaraan SEA Games, sukses dibawa pulang ke Tanah Air. Baca juga:Kabar Farhan Halim setelah Dicoret dari Timnas Voli Indonesia: Masih Jadi Camat di Nagano Tridents Erwin Rusni juga menceritakan, keputusan pemilihan pemain juga bukannya tanpa kendala. Sebab skuad finalTimnas Voli Putra IndonesiauntukSEA Games 2025harus diserahkan ke PBVSI pada 29 Oktober kemarin. Sementara pemusatan latihan atau TCTimnas Voli Putra Indonesiabaru dimulai setelah Livoli, yang pada timeline PBVSI, aktif dimulai 23 Oktober lalu.",https://www.tribunnews.com/sport/7752587/alasan-jiang-jie-coret-farhan-halim-dari-skuad-timnas-voli-putra-indonesia-di-sea-games-2025,Tribun,liga_spanyol,2025-11-09 20:06:59
Kumamoto Masters 2025 Penentuan Nasib Fajar/Fikri ke BWF World Tour Finals 2025,"Ringkasan Berita:Nasib Fajar Alfian/Shohibul Fikri keBWF World Tour Finals 2025ditentukan dalam gelaranKumamoto Masters 2025pekan depanFajar/Fikri masih menjaga peluang lolosBWF World Tour Finals 2025setelah Korea Masters 2025 rampung gegara rivalnya gagal mencapai babak semifinalPenentuan nasib pasangan anyar ganda putra Indonesia akan terjadi diKumamoto Masters 2025berlabel super 500TRIBUNNEWS.COM- Gelaran Korea Masters 2025 telah rampung pada pekan ini,BWF World Tour 2025lanjut ke Jepang pekan depan.Tepatnya mulai Selasa (11/11/2025) hingga Minggu (16/11/2025) mendatang akan berlangsung turnamen bertajukKumamoto Masters 2025.Kumamoto Masters 2025 merupakan turnamen dengan level super 500 yang akan dihelat di Kumamoto Prefectural Gymnasium, Jepang.Fajar Alfian/Muhammad Shohibul Fikri yang masih berpeluang lolosBWF World Tour Finals 2025tak ambil bagian dalam gelaran tersebut.Jadwal tandingFajar/Fikriuntuk berburu poin BWF berlanjut di Australia Open 2025 yang juga berlabel sama, super 500.Australia Open 2025 akan bergulir setelahKumamoto Masters 2025rampung, yakni pada 18-23 November 2025 mendatang.Di saat Fajar/Fikri absen tanding, nasib keduanya lolos atau tidak ke BWF World Tour Finals ditentukan di Kumamoto Masters 2025.lihat fotoKOREA OPEN 2025 - Selebrasi dari ganda putra Indonesia, Fajar Alfian/Muhammad Shohibul Fikri dalam partai babak semifinal Korea Open 2025 melawan Lee Jhe-Huei/Yang Po-Hsuan (Taiwan) di Suwon Gymnasium, pada 27 September 2025. Dok/PBSISkenario Fajar/Fikri ke BWF World Tour Finals 2025Adanya kesempatanFajar/FikrikeBWF World Tour Finals 2025sejatinya cukup mengejutkan.Pasangan baru yang debut pada pertengahan musim 2025 ini baru bermain sekira 8 turnamen sejauh ini.Torehan poin BWF dari 8 turnamenFajar/Fikrimampu membawa keduanya bersaing untuk mencuri spot lolos.Namun, peluang Fajar/Fikri untuk lolos cukup tipis dan butuh skenario ajaib untuk mewujudkannya.Baca juga:Kejutan Korea Masters 2025: Lee/Lee Ambyar, Fajar/Fikri Jaga Asa ke BWF World Tour Finals 2025Keduanya akan bergantung dari hasil tiga wakil Taiwan diKumamoto Masters 2025untuk menentukan nasibnya.Ada Lee Fang Chih/Lee Fang-jen, Chiu Hsiang Chieh/Wang Chi-Lin dan Lee Jhe Huei/Yang Po Hsuan.Ketiga utusan Taiwan itu patut dikawal diKumamoto Masters 2025mendatang karena hasil ketiganya memengaruhi nasibFajar/Fikri.Skenarionya, jika Lee/Lee mencapai babak perempat final turnamen super 500, maka peluangFajar/Fikriauto ambyar. TRIBUNNEWS.COM- Gelaran Korea Masters 2025 telah rampung pada pekan ini,BWF World Tour 2025lanjut ke Jepang pekan depan. Tepatnya mulai Selasa (11/11/2025) hingga Minggu (16/11/2025) mendatang akan berlangsung turnamen bertajukKumamoto Masters 2025. Kumamoto Masters 2025 merupakan turnamen dengan level super 500 yang akan dihelat di Kumamoto Prefectural Gymnasium, Jepang. Fajar Alfian/Muhammad Shohibul Fikri yang masih berpeluang lolosBWF World Tour Finals 2025tak ambil bagian dalam gelaran tersebut. Jadwal tandingFajar/Fikriuntuk berburu poin BWF berlanjut di Australia Open 2025 yang juga berlabel sama, super 500. Australia Open 2025 akan bergulir setelahKumamoto Masters 2025rampung, yakni pada 18-23 November 2025 mendatang. Di saat Fajar/Fikri absen tanding, nasib keduanya lolos atau tidak ke BWF World Tour Finals ditentukan di Kumamoto Masters 2025. Adanya kesempatanFajar/FikrikeBWF World Tour Finals 2025sejatinya cukup mengejutkan. Pasangan baru yang debut pada pertengahan musim 2025 ini baru bermain sekira 8 turnamen sejauh ini. Torehan poin BWF dari 8 turnamenFajar/Fikrimampu membawa keduanya bersaing untuk mencuri spot lolos. Namun, peluang Fajar/Fikri untuk lolos cukup tipis dan butuh skenario ajaib untuk mewujudkannya. Baca juga:Kejutan Korea Masters 2025: Lee/Lee Ambyar, Fajar/Fikri Jaga Asa ke BWF World Tour Finals 2025 Keduanya akan bergantung dari hasil tiga wakil Taiwan diKumamoto Masters 2025untuk menentukan nasibnya. Ada Lee Fang Chih/Lee Fang-jen, Chiu Hsiang Chieh/Wang Chi-Lin dan Lee Jhe Huei/Yang Po Hsuan. Ketiga utusan Taiwan itu patut dikawal diKumamoto Masters 2025mendatang karena hasil ketiganya memengaruhi nasibFajar/Fikri. Skenarionya, jika Lee/Lee mencapai babak perempat final turnamen super 500, maka peluangFajar/Fikriauto ambyar.",https://www.tribunnews.com/sport/7752569/kumamoto-masters-2025-penentuan-nasib-fajarfikri-ke-bwf-world-tour-finals-2025,Tribun,liga_spanyol,2025-11-09 20:07:01
"Prediksi Ranking BWF Raymond/Joaquin setelah Runner-up Korea Masters 2025, Naik 6 Tangga","Ringkasan Berita:Prediksi ranking BWFRaymond Indra/Nikolaus Joaquinmampu melesat hingga 6 tangga meskipun harus puas keluar sebagai runner-upTambahan poin BWF sebanyak 5950 berhasil membawa pasangan muda ganda putra Indonesia mendekat ke top 30Berkat runner-upKorea Masters 2025Raymond/Joaquin mencapai peringkat tertinggi sepanjang karier keduanyaTRIBUNNEWS.COM- Hasil akhir ganda putra Indonesia,Raymond Indra/Nikolaus JoaquindiKorea Masters 2025bikin keduanya mampu meningkatkan peringkat dunia, Minggu (9/11/2025).Raymond/Joaquin di finalKorea Masters 2025keluar sebagai runner-up setelah dihajar oleh wakil tuan rumah Lee Jong-min/Wang Chan hinggarubber game.Kekalahan junior Fajar Alfian dalam babak final turnamen super 300 tetap membawa berkah lantaran berpengaruh dengan torehan poin BWF yang didapatkan.Bermain di turnamen level super 300, poin BWF paling tinggi yang akan didapat oleh kontestan dengan hasil juara akan mengantongi sebanyak 7000 poin.Sementara jika keluar sebagai runner-up, tetap cukup tinggi dalam perolehan poin BWF yakni sebesar 5950 angka.Untuk pasangan muda seperti Raymond/Joaquin yang tengah berjuang mendongkrak ranking BWF, torehan di Korea Masters 2025 terbilang lumayan.Baca juga:Rekap Hasil Final Korea Masters 2025: Indonesia Nirgelar, Tuah Rumah Segel Juara UmumTambahan poin BWF sebanyak itu membuat keduanya mampu meningkatkan peringkat dunia.Saat ini, ranking BWF Raymond/Joaquin berada di peringkat ke-37 dunia dengan koleksi sebanyak 34,970 poin.Dapat tambahan dariKorea Masters 2025, diprediksi Raymond/Joaquin bisa melesat ke urutan 31 dunia.Torehan baru dari Raymond/Joaquin diprediksi bisa melengserkan seniornya, Shohibul Fikri/Daniel Marthin yang kehilangan beberapa koleksi poin.lihat fotoRAYMOND/JOAQUIN - Ganda putra Indonesia, Raymond Indra/Nikolaus Joaquin bermain dalam gelaran Korea Masters 2025 babak 16 besar pada 6 November 2025. Dok/PBSIFikri/Daniel yang sementara ini terpisah gegara cedera dan Fikri juga sudah berpasangan dengan Fajar, peringkat dunia kian melorot.Termasuk setelah Korea Masters edisi kali ini usai, Fikri/Daniel berpotensi digusur oleh Raymond/Joaquin.Dengan menduduki peringkat 31 dunia, Raymond/Joaquin mencapai ranking terbaik sepanjang keduanya berpasangan.Sebelum ini dengan berada di ranking 37 dunia, keduanya telah mencapai peringkat tertinggi sepanjang kariernya.Ditambah dengan torehan dariKorea Masters 2025membuat peringkat keduanya perlahan kian melejit. TRIBUNNEWS.COM- Hasil akhir ganda putra Indonesia,Raymond Indra/Nikolaus JoaquindiKorea Masters 2025bikin keduanya mampu meningkatkan peringkat dunia, Minggu (9/11/2025). Raymond/Joaquin di finalKorea Masters 2025keluar sebagai runner-up setelah dihajar oleh wakil tuan rumah Lee Jong-min/Wang Chan hinggarubber game. Kekalahan junior Fajar Alfian dalam babak final turnamen super 300 tetap membawa berkah lantaran berpengaruh dengan torehan poin BWF yang didapatkan. Bermain di turnamen level super 300, poin BWF paling tinggi yang akan didapat oleh kontestan dengan hasil juara akan mengantongi sebanyak 7000 poin. Sementara jika keluar sebagai runner-up, tetap cukup tinggi dalam perolehan poin BWF yakni sebesar 5950 angka. Untuk pasangan muda seperti Raymond/Joaquin yang tengah berjuang mendongkrak ranking BWF, torehan di Korea Masters 2025 terbilang lumayan. Baca juga:Rekap Hasil Final Korea Masters 2025: Indonesia Nirgelar, Tuah Rumah Segel Juara Umum Tambahan poin BWF sebanyak itu membuat keduanya mampu meningkatkan peringkat dunia. Saat ini, ranking BWF Raymond/Joaquin berada di peringkat ke-37 dunia dengan koleksi sebanyak 34,970 poin. Dapat tambahan dariKorea Masters 2025, diprediksi Raymond/Joaquin bisa melesat ke urutan 31 dunia. Torehan baru dari Raymond/Joaquin diprediksi bisa melengserkan seniornya, Shohibul Fikri/Daniel Marthin yang kehilangan beberapa koleksi poin. Fikri/Daniel yang sementara ini terpisah gegara cedera dan Fikri juga sudah berpasangan dengan Fajar, peringkat dunia kian melorot. Termasuk setelah Korea Masters edisi kali ini usai, Fikri/Daniel berpotensi digusur oleh Raymond/Joaquin. Dengan menduduki peringkat 31 dunia, Raymond/Joaquin mencapai ranking terbaik sepanjang keduanya berpasangan. Sebelum ini dengan berada di ranking 37 dunia, keduanya telah mencapai peringkat tertinggi sepanjang kariernya. Ditambah dengan torehan dariKorea Masters 2025membuat peringkat keduanya perlahan kian melejit.",https://www.tribunnews.com/sport/7752555/prediksi-ranking-bwf-raymondjoaquin-setelah-runner-up-korea-masters-2025-naik-6-tangga,Tribun,liga_spanyol,2025-11-09 20:07:03
"Transfer Pembalap MotoGP 2027: Fabio Quartararo ke Aprilia, KTM Blokir Keluarnya Pedro Acosta","Ringkasan Berita:Bursa transfer pembalapMotoGP 2027diwarnai kabarApriliayang kembali berusaha mendekatiFabio Quartararodari YamahaSementara dariKTM, berusaha memblokir pintu keluarPedro Acostadengan cara memberikan motor terbaik19 pembalap habis kontrak setelah MotoGP 2026 berakhirTRIBUNNEWS.COM- Update transfer pembalapMotoGP 2027datang dari garasiApriliadanKTM.Apriliadilaporkan akan melakukan pertaruhan untuk mendatangkanFabio Quartararo.SementaraKTMakan mempertahankan semaksimal mungkin agarPedro Acostatidak menyeberang ke tim rival padaMotoGP 2027.Jendela transfer pembalapMotoGP 2027menghadirkan sorotan. Sebab peluang untuk menciptakan saga transfer kepindahan pembalap maupun plot twist terbuka lebar.Hal ini tak terlepas karena mayoritas pembalap akan habis kontraknya setelah MotoGP 2026 usai.CORNERING - Pembalap Monster Energy Yamaha asal Prancis Fabio Quartararo berkendara saat sesi latihan Grand Prix MotoGP Thailand di Sirkuit Internasional Buriram di Buriram pada 27 Oktober 2023. (Foto Arsip, Oktober 2023)(LILLIAN SUWANRUMPHA / AFP)Tak terkecuali Marco Bezzecchi danJorge Martinyang terikat kontrak dengan pabrikan Noale, Italia,Aprilia. Jika melihat performa, Bezzecchi di atas Martin.Bahkan Bez, sapaan akrab Marco Bezzecchi, tengah bersaing panas melawan Francesco 'Pecco' Bagnaia di perebutan posisi tiga klasemen akhir MotoGP 2025.Lain cerita denganJorge Martindi mana juara dunia MotoGP 2024 ini tercecer di posisi 21 klasemen berbekal 34 poin.Sebagai catatan,Jorge Martinabsen di sejumlah seri karena mengalami cedera. Bahkan waktu adaptasinya tidak semaksimal Bezzecchi.Situasinya kini menjadi pertanyaan bagiAprilia, akankah 'adik dari Ducati' ini akan memperpanjang kontrakJorge Martinatau sebaliknya? Mengingat rider asal Madrid, Spanyol ini sempat ingin meninggalkan tim satu tahun lebih cepat dari kontrak yang dia miliki.Dalam laporan Diario AS,Apriliaberpeluang besar untuk mendepakJorge Martinsetelah MotoGP 2026, dengan catatan rider berjuluk The Martinator itu gagal memperlihatkan kemampuan terbaiknya.Martin pun tidak kurang peminat. Honda Racing Corporation (HRC) juga sudah menunggu kesempatan untuk merealisasikan keinginan tertundanya mendapatkan tanda tanganJorge Martin.Aprilia juga bukannya tanpa opsi pengganti jika memilih tak memperpanjang kontrak JM01.Sebab,Apriliajuga ingin mewujudkan transfer impiannya dalam mendatangkan El Diablo, julukanFabio Quartararo.Menjadi rahasia umum bahwaApriliasempat mengincar pembalap kelahiran Nice, Prancis. Pada MotoGP 2024,Apriliapernah berusaha untuk mendatangkan Quartararo, sebelum akhirnya juara dunia MotoGP 2021 memilih memperpanjang kontrak di Monster Energy Yamaha.Bahkan El Diablo menjadi pembalap dengan gaji tertinggi di grid MotoGP saat ini, yakni mencapai Rp207 miliar. TRIBUNNEWS.COM- Update transfer pembalapMotoGP 2027datang dari garasiApriliadanKTM.Apriliadilaporkan akan melakukan pertaruhan untuk mendatangkanFabio Quartararo. SementaraKTMakan mempertahankan semaksimal mungkin agarPedro Acostatidak menyeberang ke tim rival padaMotoGP 2027. Jendela transfer pembalapMotoGP 2027menghadirkan sorotan. Sebab peluang untuk menciptakan saga transfer kepindahan pembalap maupun plot twist terbuka lebar. Hal ini tak terlepas karena mayoritas pembalap akan habis kontraknya setelah MotoGP 2026 usai. Tak terkecuali Marco Bezzecchi danJorge Martinyang terikat kontrak dengan pabrikan Noale, Italia,Aprilia. Jika melihat performa, Bezzecchi di atas Martin. Bahkan Bez, sapaan akrab Marco Bezzecchi, tengah bersaing panas melawan Francesco 'Pecco' Bagnaia di perebutan posisi tiga klasemen akhir MotoGP 2025. Lain cerita denganJorge Martindi mana juara dunia MotoGP 2024 ini tercecer di posisi 21 klasemen berbekal 34 poin. Sebagai catatan,Jorge Martinabsen di sejumlah seri karena mengalami cedera. Bahkan waktu adaptasinya tidak semaksimal Bezzecchi. Situasinya kini menjadi pertanyaan bagiAprilia, akankah 'adik dari Ducati' ini akan memperpanjang kontrakJorge Martinatau sebaliknya? Mengingat rider asal Madrid, Spanyol ini sempat ingin meninggalkan tim satu tahun lebih cepat dari kontrak yang dia miliki. Dalam laporan Diario AS,Apriliaberpeluang besar untuk mendepakJorge Martinsetelah MotoGP 2026, dengan catatan rider berjuluk The Martinator itu gagal memperlihatkan kemampuan terbaiknya. Martin pun tidak kurang peminat. Honda Racing Corporation (HRC) juga sudah menunggu kesempatan untuk merealisasikan keinginan tertundanya mendapatkan tanda tanganJorge Martin. Aprilia juga bukannya tanpa opsi pengganti jika memilih tak memperpanjang kontrak JM01. Sebab,Apriliajuga ingin mewujudkan transfer impiannya dalam mendatangkan El Diablo, julukanFabio Quartararo. Menjadi rahasia umum bahwaApriliasempat mengincar pembalap kelahiran Nice, Prancis. Pada MotoGP 2024,Apriliapernah berusaha untuk mendatangkan Quartararo, sebelum akhirnya juara dunia MotoGP 2021 memilih memperpanjang kontrak di Monster Energy Yamaha. Bahkan El Diablo menjadi pembalap dengan gaji tertinggi di grid MotoGP saat ini, yakni mencapai Rp207 miliar.",https://www.tribunnews.com/sport/7752536/transfer-pembalap-motogp-2027-fabio-quartararo-ke-aprilia-ktm-blokir-keluarnya-pedro-acosta,Tribun,liga_spanyol,2025-11-09 20:07:05
"Rekap Hasil Final Korea Masters 2025: Indonesia Nirgelar, Tuah Rumah Segel Juara Umum","Ringkasan Berita:Rekap hasil final Korea Masters 2025 tak ada wakilIndonesiayang keluar sebagai juara dan naik podium tertinggiRaymond Indra/Nikolaus Joaquin harus mengakui keunggulan wakil tuan rumah, Lee/Wang setelah berduel hingga 3 gim dalam babak finalKontingen Korea selaku tuan rumah keluar sebagai juara umum lantaran berhasil mengamankan dua gelarTRIBUNNEWS.COM- Rekap hasil final Korea Masters 2025 berujung buruk bagi wakilIndonesiayang berjuang meraih gelar, Minggu (9/11/2025).Raymond Indra/Nikolaus Joaquin dari sektor ganda putra, bermain melawan utusan tuan rumah Lee Jong-min/Wang Chan di Iksan City, Korea Selatan.Pertarungan sengit yang dipertontonkan Raymond/Joaquin saat beradu dengan Lee/Wang berlangsung hingga 3 gim.Utusan Merah-Putih berhasil mengunci kemenangan lebih dulu di gim pertama skor 16-21 sebelum petaka hadir di gim kedua.Dominasi Lee/Wang tak terbantahkan ketika berhasil membelenggu Raymond/Joaquin sepanjang gim kedua.Momentum apik utusan Korea di gim kedua berhasil dituntaskan dengan kemenangan telak 21-16.Pasangan andalan tuan rumah tentu bertekad untuk melanjutkan kiprah apiknya di gim penentuan.Baca juga:Fakta Final Korea Masters 2025: Sejarah Raymond/Joaquin, Tuan Rumah Bidik Juara UmumBenar saja, Lee/Wang mampu menekan dan tak memberikan celah kepada Raymond/Joaquin sepanjang gim ketiga.Tak heran jika pada akhirnya Lee/Wang justru mampu menumbangkan utusanIndonesiadengan skor Afrika.Yap, wakilIndonesiatak mampu memperjuangkan skor hingga dua digit, harus puas dengan skor 21-6.Dengan kekalahan Raymond/Joaquin, maka asaIndonesiabisa juara Korea Masters 2025 auto buyar.Harapan Raymond/Joaquin mengukir sejarah di Korea Masters 2025 juga tertutup seketika.Padahal sejarah bagi pasanganIndonesiamenanti yakni sebagai ganda putra Merah-Putih pertama juara Korea Masters.Kemudian berpotensi untuk mengamankan gelar super 300 pertama dalam karier Raymond/Joaquin.Tuan Rumah Juara UmumBeda nasib dengan delegasiIndonesia, Korea selaku tuan rumah berjaya di kandang sendiri. TRIBUNNEWS.COM- Rekap hasil final Korea Masters 2025 berujung buruk bagi wakilIndonesiayang berjuang meraih gelar, Minggu (9/11/2025). Raymond Indra/Nikolaus Joaquin dari sektor ganda putra, bermain melawan utusan tuan rumah Lee Jong-min/Wang Chan di Iksan City, Korea Selatan. Pertarungan sengit yang dipertontonkan Raymond/Joaquin saat beradu dengan Lee/Wang berlangsung hingga 3 gim. Utusan Merah-Putih berhasil mengunci kemenangan lebih dulu di gim pertama skor 16-21 sebelum petaka hadir di gim kedua. Dominasi Lee/Wang tak terbantahkan ketika berhasil membelenggu Raymond/Joaquin sepanjang gim kedua. Momentum apik utusan Korea di gim kedua berhasil dituntaskan dengan kemenangan telak 21-16. Pasangan andalan tuan rumah tentu bertekad untuk melanjutkan kiprah apiknya di gim penentuan. Baca juga:Fakta Final Korea Masters 2025: Sejarah Raymond/Joaquin, Tuan Rumah Bidik Juara Umum Benar saja, Lee/Wang mampu menekan dan tak memberikan celah kepada Raymond/Joaquin sepanjang gim ketiga. Tak heran jika pada akhirnya Lee/Wang justru mampu menumbangkan utusanIndonesiadengan skor Afrika. Yap, wakilIndonesiatak mampu memperjuangkan skor hingga dua digit, harus puas dengan skor 21-6. Dengan kekalahan Raymond/Joaquin, maka asaIndonesiabisa juara Korea Masters 2025 auto buyar. Harapan Raymond/Joaquin mengukir sejarah di Korea Masters 2025 juga tertutup seketika. Padahal sejarah bagi pasanganIndonesiamenanti yakni sebagai ganda putra Merah-Putih pertama juara Korea Masters. Kemudian berpotensi untuk mengamankan gelar super 300 pertama dalam karier Raymond/Joaquin. Beda nasib dengan delegasiIndonesia, Korea selaku tuan rumah berjaya di kandang sendiri.",https://www.tribunnews.com/sport/7752534/rekap-hasil-final-korea-masters-2025-indonesia-nirgelar-tuah-rumah-segel-juara-umum,Tribun,liga_spanyol,2025-11-09 20:07:07
"Djokovic Sodorkan Kejutan di Akhir, Daftar Pemain ATP Finals 2025 Resmi Berubah","Ringkasan Berita:Petenis Serbia,Novak Djokovic, memutuskan undur diri dari turnamenATP Finals 2025Kondisi fisik yang tak memungkinkan membuat Djokovic memilih absen dari ajang bergengsi tersebutPosisinya akan diambil alih oleh Lorenzo MusettiTRIBUNNEWS.COM -Kejutan besar tersaji dari turnamentenispaling bergengsi,ATP Finals 2025, yang diselenggarakan di Turin, Italia.Sajian tak terduga itu terjadi dalam hal daftar pemain yang berhak mengikuti ajangATP Finals 2025yang mempertemukan 8 petenis putra terbaik dunia.Namun, salah satu nama paling tersohor dalam daftar pemain itu memutuskan undur diri alias tak jadi mengikuti ATP Finals.Petenis tersebut adalahNovak Djokovicyang merelakan tempatnya diambil alih pemain lainnya.Djokovic memutuskan mundur setelah menjadi padatnya jadwal turnamentenisdi bulan Oktober dan November.Pada akhir pekan ini Djokovic juga turun di ajang Athens 250 dan menobatkan dirinya sebagai juara di akhir turnamen dengan mengalahkan Lorenzo Musetti.Baca juga:Djokovic Mundur dari Paris Masters 2025, Fokus Siapkan Penampilan di Dekat Rumah yang BaruSelain alasan jadwal padat, Djokovic juga berurusan dengan tingkat kebugaran yang tak terlalu baik.Ia bergulat dengan rasa sakit di area bahu yang sudah ia alami selama beberapa waktu terakhir.Kondisi tersebut membuat dirinya riskan bersaing di ajang ATP Finals yang mempertemukan para jagoan terbaik di duniatenisputra.Untuk itu, mundur dari ajang tersebut rasanya menjadi keputusan wajar dan bijaksana baginya.Dengan usia yang sudah menginjak 38 tahun, akan sangat berbahaya bagi Djokovic untuk terus tampil dengan tempo tinggi selama beberapa waktu beruntun.NOVAK DJOKOVIC - Petenis Serbia, Novak Djokovic, saat beraksi di ajang tenis US Open 2025. (Instagram @djokernole)MundurnyaNovak Djokovicmemberikan keberuntungan kepada pemain lain.Hal itu menjadi berkah bagi petenis Italia yang sekaligus menjadi lawan Djoker di Athena lalu, Lorenzo Musetti.Musetti menjadi petenis terakhir yang memastikan diri lolos ke ajang tersebut.Koleksi poinnya cukup mengantarkan sang jagoan tuan rumah mencoba peruntungan bersama nama besar lainnya. TRIBUNNEWS.COM -Kejutan besar tersaji dari turnamentenispaling bergengsi,ATP Finals 2025, yang diselenggarakan di Turin, Italia. Sajian tak terduga itu terjadi dalam hal daftar pemain yang berhak mengikuti ajangATP Finals 2025yang mempertemukan 8 petenis putra terbaik dunia. Namun, salah satu nama paling tersohor dalam daftar pemain itu memutuskan undur diri alias tak jadi mengikuti ATP Finals. Petenis tersebut adalahNovak Djokovicyang merelakan tempatnya diambil alih pemain lainnya. Djokovic memutuskan mundur setelah menjadi padatnya jadwal turnamentenisdi bulan Oktober dan November. Pada akhir pekan ini Djokovic juga turun di ajang Athens 250 dan menobatkan dirinya sebagai juara di akhir turnamen dengan mengalahkan Lorenzo Musetti. Baca juga:Djokovic Mundur dari Paris Masters 2025, Fokus Siapkan Penampilan di Dekat Rumah yang Baru Selain alasan jadwal padat, Djokovic juga berurusan dengan tingkat kebugaran yang tak terlalu baik. Ia bergulat dengan rasa sakit di area bahu yang sudah ia alami selama beberapa waktu terakhir. Kondisi tersebut membuat dirinya riskan bersaing di ajang ATP Finals yang mempertemukan para jagoan terbaik di duniatenisputra. Untuk itu, mundur dari ajang tersebut rasanya menjadi keputusan wajar dan bijaksana baginya. Dengan usia yang sudah menginjak 38 tahun, akan sangat berbahaya bagi Djokovic untuk terus tampil dengan tempo tinggi selama beberapa waktu beruntun. MundurnyaNovak Djokovicmemberikan keberuntungan kepada pemain lain. Hal itu menjadi berkah bagi petenis Italia yang sekaligus menjadi lawan Djoker di Athena lalu, Lorenzo Musetti. Musetti menjadi petenis terakhir yang memastikan diri lolos ke ajang tersebut. Koleksi poinnya cukup mengantarkan sang jagoan tuan rumah mencoba peruntungan bersama nama besar lainnya.",https://www.tribunnews.com/sport/7752524/djokovic-sodorkan-kejutan-di-akhir-daftar-pemain-atp-finals-2025-resmi-berubah,Tribun,liga_spanyol,2025-11-09 20:07:09
Kabar Farhan Halim setelah Dicoret dari Timnas Voli Indonesia: Masih Jadi Camat di Nagano Tridents,"Ringkasan Berita:Farhan Halim kembali menjadi cadangan tanpa menit bermain setelahVC Nagano Tridentskalah dari Tokyo Great Bears kemarinFarhan Halim tercoret dari skuad Timnas Voli Indonesia untukSEA Games 2025Pelatih Indonesia Jeff Jiang Jie menggantikanFarhan Halimdengan Jordan Michael SusantoTRIBUNNEWS.COM- KabarFarhan Halimsetelah tercoret dariTimnas Voli Putra Indonesiadari final skuad untukSEA Games 2025.Farhan Halimmasih menjadi ""camat"" alias cadangan mati.Secara mengejutkanFarhan Halimdicoret dari daftar 14 pemainTimnas Voli Putra Indonesiayang diberangkatkan keSEA Games 2025Thailand pada awal Desember mendatang.Pencoretan outside hitter kelahiran 26 April 2001 ini mengernyitkan alisvolimania Tanah Air. Sebab, Farhan merupakan salah satu hitter terbaik yang berkemampuan lengkap dimiliki Indonesia.Keputusan pelatih Timnas Voli Putra Indonesia Jeff Jiang Jie mencoret Farhan Halim tergolong berani, dan memilih Jordan Michael Susanto sebagai pengganti.SKUAD VOLI - Daftar skuad resmi Timnas Voli Putra Indonesia untuk SEA Games 2025 yang berlangsung di Thailand, awal Desember mendatang. Farhan Halim dicoret. (Instagram @indonesian_volleyball)Kendati demikian, pencoretan suami Dita Azizah ini jauh-jauh hari sudah diprediksi.Bahkan Jeff Jiang Jie sebelum pemusatan latihan atau TC di Sentul dimulai akhir Oktober lalu sudah mengatakan, bahwa dirinya tidak yakin klubFarhan Halimakan melepaskan untuk SEA Games.""Farhan bermain di Jepang dan sangat sulit baginya untuk pulang, bergabung dalam latihan,"" ucap Jiang Jie.""Jadi, kami mencoba untuk mendapatkan pemain lain untuk bergabung dengan tim,"" sambung pelatih berkebangsaan China.Perlu diketahui,Farhan Halimmenjadi satu-satunya pemain Timnas Voli Indonesia dipanggil untuk TC, yang berstatus abroad atau bermain di luar negeri.Saat ini Farhan bermain untukVC Nagano Tridents, klub yang bermain di kasta tertinggi pervolian Jepang atau SVLeague 2025/2026. Sebagai informasi,VC Nagano Tridentsjuga sempat dibela Rivan Nurmulki dan Doni Haryono.Sayangnya bersamaVC Nagano Tridents, Farhan juga kurang mendapatkan menit bermain. Bahkan bisa dikatakan camat alias cadangan mati.Bagaimana tidak, dari enam pertandingan yang sudah dilakoni Nagano,Farhan Halimbaru bermain satu kali. Itupun berstatus serve spesialis dalam laga menghadapi Osaka Blazers Sakai.Terbaru,Farhan Halimtidak diturunkan sama sekali saatVC Nagano Tridentsmenelan kekalahan pada matchday 5 dan 6 Liga Voli Jepang 2025/2026.Pada pertandingan yang berlangsung di Tokyo Great Bears, Jumat (7/11),VC Nagano Tridentsterkena reverse sweep dalam laga set penuh, 2-3 (26-24, 25-19, 17-25, 32-34, 10-15). Dalam laga ini Farhan halim hanya berada di area cadangan.Hal serupa juga terjadi saat Nagano bersua Tokyo Great Bears di kandang, Sabtu (8/11). TRIBUNNEWS.COM- KabarFarhan Halimsetelah tercoret dariTimnas Voli Putra Indonesiadari final skuad untukSEA Games 2025.Farhan Halimmasih menjadi ""camat"" alias cadangan mati. Secara mengejutkanFarhan Halimdicoret dari daftar 14 pemainTimnas Voli Putra Indonesiayang diberangkatkan keSEA Games 2025Thailand pada awal Desember mendatang. Pencoretan outside hitter kelahiran 26 April 2001 ini mengernyitkan alisvolimania Tanah Air. Sebab, Farhan merupakan salah satu hitter terbaik yang berkemampuan lengkap dimiliki Indonesia. Keputusan pelatih Timnas Voli Putra Indonesia Jeff Jiang Jie mencoret Farhan Halim tergolong berani, dan memilih Jordan Michael Susanto sebagai pengganti. Kendati demikian, pencoretan suami Dita Azizah ini jauh-jauh hari sudah diprediksi. Bahkan Jeff Jiang Jie sebelum pemusatan latihan atau TC di Sentul dimulai akhir Oktober lalu sudah mengatakan, bahwa dirinya tidak yakin klubFarhan Halimakan melepaskan untuk SEA Games. ""Farhan bermain di Jepang dan sangat sulit baginya untuk pulang, bergabung dalam latihan,"" ucap Jiang Jie. ""Jadi, kami mencoba untuk mendapatkan pemain lain untuk bergabung dengan tim,"" sambung pelatih berkebangsaan China. Perlu diketahui,Farhan Halimmenjadi satu-satunya pemain Timnas Voli Indonesia dipanggil untuk TC, yang berstatus abroad atau bermain di luar negeri. Saat ini Farhan bermain untukVC Nagano Tridents, klub yang bermain di kasta tertinggi pervolian Jepang atau SVLeague 2025/2026. Sebagai informasi,VC Nagano Tridentsjuga sempat dibela Rivan Nurmulki dan Doni Haryono. Sayangnya bersamaVC Nagano Tridents, Farhan juga kurang mendapatkan menit bermain. Bahkan bisa dikatakan camat alias cadangan mati. Bagaimana tidak, dari enam pertandingan yang sudah dilakoni Nagano,Farhan Halimbaru bermain satu kali. Itupun berstatus serve spesialis dalam laga menghadapi Osaka Blazers Sakai. Terbaru,Farhan Halimtidak diturunkan sama sekali saatVC Nagano Tridentsmenelan kekalahan pada matchday 5 dan 6 Liga Voli Jepang 2025/2026. Pada pertandingan yang berlangsung di Tokyo Great Bears, Jumat (7/11),VC Nagano Tridentsterkena reverse sweep dalam laga set penuh, 2-3 (26-24, 25-19, 17-25, 32-34, 10-15). Dalam laga ini Farhan halim hanya berada di area cadangan. Hal serupa juga terjadi saat Nagano bersua Tokyo Great Bears di kandang, Sabtu (8/11).",https://www.tribunnews.com/sport/7752503/kabar-farhan-halim-setelah-dicoret-dari-timnas-voli-indonesia-masih-jadi-camat-di-nagano-tridents,Tribun,liga_spanyol,2025-11-09 20:07:11
"Live MotoGP Portugal 2025, Bezzecchi Tertantang Kalahkan Acosta dan Marquez","Ringkasan Berita:Balapan utamaMotoGP Portugal 2025akan berlangsung pada Minggu (9/11/2025) pukul 20.00 WIB di Algarve International Circuit.Pembalap Aprilia,Marco Bezzecchitertantang berduel denganPedro AcostadanAlex Marquezyang mengalahkannya di sesi Sprint Race.Link live streaming dan live hasilMotoGP Portugal 2025bisa diakses dalam artikel ini.TRIBUNNEWS.COM- LiveMotoGP Portugal 2025di Algarve International Circuit hari ini, Minggu (9/11/2025) pukul 20.00 WIB. Bisa disaksikan melalui siaran langsung Trans7 dan live streaming Vidio.Marco Bezzecchimenantikan duel denganPedro AcostadanAlex Marquez.Selama agenda akhir pekan ini, dari sesi latihan hingga kualifikasi,Marco Bezzecchitampil meyakinkan hingga mendapat waktu tercepat 1 menit 37.556 detik untuk satu putaran yang membuatnya menempati pole position.Harapan Bezzecchi besar, tren positif tersebut bisa berlanjut di sesi Sprint Race bahkan untuk balapan nanti malam.MARCO BEZZECCHI - Pebalap besutan Aprilia Racing, Marco Bezzecchi berhasil menyabet pole position MotoGP Mandalika 2025 di Sirkuit Mandalika, pada 4 Oktober 2025. Bezzecchi mengikis gap poin atas Pecco Bagnaia. (Foto: Laman Resmi MotoGP) (MotoGP)Tapi sayang, di sesi Sprint Race, Bezzecchi 'terpeleset'. Ia awalnya disalipPedro Acostayang mengawali sesi di urutan kedua, kemudian disusul olehAlex Marquezyang awalnya start di posisi 5.""KetikaPedro Acostamelewati saya, saya berpikir 'Oke, saya bisa mencoba untuk tetap bersamanya dan bersaing dengan baik',"" kata Bezzecchi di situs resmi MotoGP.""Masalahnya adalah ketikaAlex Marquezdatang, saya langsung mengerti bahwa dia adalah yang terkuat.""""Saya berharap bisa merasa sedikit lebih baik; mungkin finis di posisi ketiga, tetapi ada sesuatu yang kurang dari saya,"" sambungnya.Terlepas dari hasil tersebut, Bezzechi berharap bisa kembali bersaing dengan Acosta dan Marquez pada sesi balapan utama.""Saya berharap pertarungan yang lebih besar,"" tantangnya.""Hanya untuk mencoba menempatkan diri saya dalam persaingan. Karena memang benar saya kurang cepat, jadi satu-satunya cara untuk memperkecil jarak adalah bersaing dengan mereka,"" tambahnya.""Di sini, balapannya selalu ketat karena bannya sulit diatur. Tapi treknya menguras fisik. Jadi banyak hal yang harus diperhatikan,"" tutupnya.Bezzecchi akan mengkoreksi apa yang menjadi kesalahan dan kelemahannya dari sesi sprint kemarin agar lebih baik pada sesi balapan.Baca juga:Jadwal MotoGP Portugal 2025 Hari Ini, Race Alex Marquez Cs Mulai Pukul 20.00 WIB Live Trans7Jadwal MotoGP Portugal 2025Minggu, 9 November 2025- Pukul 16.40-16.50 WIB: Warm-up MotoGP- Pukul 17.00-17.40 WIB: Rider Parade- Pukul 18.15 WIB: Race Moto2 (21 Laps)- Pukul 20.00 WIB: Race MotoGP (25 Laps)- Pukul 21.30 WIB: Race Moto3 (19 Laps)Link liveMotoGP Portugal 2025Live Streaming<<< TRIBUNNEWS.COM- LiveMotoGP Portugal 2025di Algarve International Circuit hari ini, Minggu (9/11/2025) pukul 20.00 WIB. Bisa disaksikan melalui siaran langsung Trans7 dan live streaming Vidio.Marco Bezzecchimenantikan duel denganPedro AcostadanAlex Marquez. Selama agenda akhir pekan ini, dari sesi latihan hingga kualifikasi,Marco Bezzecchitampil meyakinkan hingga mendapat waktu tercepat 1 menit 37.556 detik untuk satu putaran yang membuatnya menempati pole position. Harapan Bezzecchi besar, tren positif tersebut bisa berlanjut di sesi Sprint Race bahkan untuk balapan nanti malam. Tapi sayang, di sesi Sprint Race, Bezzecchi 'terpeleset'. Ia awalnya disalipPedro Acostayang mengawali sesi di urutan kedua, kemudian disusul olehAlex Marquezyang awalnya start di posisi 5. ""KetikaPedro Acostamelewati saya, saya berpikir 'Oke, saya bisa mencoba untuk tetap bersamanya dan bersaing dengan baik',"" kata Bezzecchi di situs resmi MotoGP. ""Masalahnya adalah ketikaAlex Marquezdatang, saya langsung mengerti bahwa dia adalah yang terkuat."" ""Saya berharap bisa merasa sedikit lebih baik; mungkin finis di posisi ketiga, tetapi ada sesuatu yang kurang dari saya,"" sambungnya. Terlepas dari hasil tersebut, Bezzechi berharap bisa kembali bersaing dengan Acosta dan Marquez pada sesi balapan utama. ""Saya berharap pertarungan yang lebih besar,"" tantangnya. ""Hanya untuk mencoba menempatkan diri saya dalam persaingan. Karena memang benar saya kurang cepat, jadi satu-satunya cara untuk memperkecil jarak adalah bersaing dengan mereka,"" tambahnya. ""Di sini, balapannya selalu ketat karena bannya sulit diatur. Tapi treknya menguras fisik. Jadi banyak hal yang harus diperhatikan,"" tutupnya. Bezzecchi akan mengkoreksi apa yang menjadi kesalahan dan kelemahannya dari sesi sprint kemarin agar lebih baik pada sesi balapan. Baca juga:Jadwal MotoGP Portugal 2025 Hari Ini, Race Alex Marquez Cs Mulai Pukul 20.00 WIB Live Trans7 Minggu, 9 November 2025 - Pukul 16.40-16.50 WIB: Warm-up MotoGP- Pukul 17.00-17.40 WIB: Rider Parade- Pukul 18.15 WIB: Race Moto2 (21 Laps)- Pukul 20.00 WIB: Race MotoGP (25 Laps)- Pukul 21.30 WIB: Race Moto3 (19 Laps) Live Streaming<<<",https://www.tribunnews.com/sport/7752496/live-motogp-portugal-2025-bezzecchi-tertantang-kalahkan-acosta-dan-marquez,Tribun,liga_spanyol,2025-11-09 20:07:13
"Jadwal MotoGP Portugal 2025 Hari Ini, Race Alex Marquez Cs Mulai Pukul 20.00 WIB Live Trans7","Ringkasan Berita:Jadwal raceMotoGPPortugal 2025 hari ini, Minggu (9/11/2025) mulai pukul 16.40 WIB untuk sesi pemanasan.Race Pecco Badnaia cs dijadwalkan pukul 20.00 WIB sebanyak 25 putaran Algarve International CircuitStarting Grid dan klasemenMotoGP2025 tersedia dalam artikel ini, Adik Marc Marquez incar kemenangan.TRIBUNNEWS.COM- JadwalMotoGPPortugal 2025 di Algarve International Circuit hari ini, Minggu (9/11/2025) dimulai pukul 16.40 WIB untuk sesi warm-up rider kelas utama.Main race atau balapan utama para riderMotoGP2025 dijadwalkan mulai pukul 20.00 WIB, setelah sesi Moto2 yang berlangsung sebanyak 21 putaran.Ada perubahan yang akan terjadi pada starting grid MotoGP Portugal 2025 hari ini setelah insiden kecelakaan Raul Fernandez pada sesi Latihan Bebas (FP) 2 kemarin.Ekspresi Raul Fernandez rider besutan Trackhouse Aprilia ketika mendapat posisi ketiga Starting Grid MotoGP Jerman 2024. (Instragam @raulfernandez_25)Fernandez tidak dapat melanjutkan sesi setelah itu, ia bahkan harus undur diri dari sesi balapan akhir pekan ini.Pembalap yang akan memulai balapan di grid malam ini sejumlah 21 dari 22 rider secara keseluruhan.Raul Fernandez tidak ambil bagian dalam kualifikasi, jadi susunan gridnya sama seperti kualifikasi pertama dan kedua.Marco Bezzecchi berada di posisi terdepan, diikuti oleh Pedro Acosta, dan Fabio Quartararo dari line pertama.Pecco Bagnaia memimpin baris kedua di depan pemenang Sprint RaceMotoGPPortugal 2025 kemarin,Alex Marquez, dan Johann Zarco.Lalu diikuti oleh Joan Mir, Jack Miller, serta Fabio Di Giannantonio pada baris ketiga.TekadAlex MarquezPemenang Sprint RaceMotoGPPortugal 2025 tak ingin mengulang kesalahan yang sama pada race nanti malam.Pada sesi sprint kemarin, dalam beberapa momenAlex Marquezmerasakan melambat di lintasan dan ada ketidakseimbangan ban depan sehingga membuatnya tidak nyaman.Karena itu, adik Marc Marquez tersebut terlibat persaingan ketat dengan Pedro Acosta yang harus ditentukan hingga putaran terakhir.""Saya mengawali dengan sangat baik, dan ketika saya berada di belakang mereka, saya menyadari bahwa saya punya sesuatu yang lebih,"" kata Alex ketika memulai sesi sprint dari urutan kelima dikutip dari Crash.""Rencana saya adalah menyalip di tikungan terakhir sebelum yang pertama. Saya selalu memiliki kemampuan berkendara yang baik di sana, dengan Honda dan Ducati,"" sambungnya.  TRIBUNNEWS.COM- JadwalMotoGPPortugal 2025 di Algarve International Circuit hari ini, Minggu (9/11/2025) dimulai pukul 16.40 WIB untuk sesi warm-up rider kelas utama. Main race atau balapan utama para riderMotoGP2025 dijadwalkan mulai pukul 20.00 WIB, setelah sesi Moto2 yang berlangsung sebanyak 21 putaran. Ada perubahan yang akan terjadi pada starting grid MotoGP Portugal 2025 hari ini setelah insiden kecelakaan Raul Fernandez pada sesi Latihan Bebas (FP) 2 kemarin. Fernandez tidak dapat melanjutkan sesi setelah itu, ia bahkan harus undur diri dari sesi balapan akhir pekan ini. Pembalap yang akan memulai balapan di grid malam ini sejumlah 21 dari 22 rider secara keseluruhan. Raul Fernandez tidak ambil bagian dalam kualifikasi, jadi susunan gridnya sama seperti kualifikasi pertama dan kedua. Marco Bezzecchi berada di posisi terdepan, diikuti oleh Pedro Acosta, dan Fabio Quartararo dari line pertama. Pecco Bagnaia memimpin baris kedua di depan pemenang Sprint RaceMotoGPPortugal 2025 kemarin,Alex Marquez, dan Johann Zarco. Lalu diikuti oleh Joan Mir, Jack Miller, serta Fabio Di Giannantonio pada baris ketiga. Pemenang Sprint RaceMotoGPPortugal 2025 tak ingin mengulang kesalahan yang sama pada race nanti malam. Pada sesi sprint kemarin, dalam beberapa momenAlex Marquezmerasakan melambat di lintasan dan ada ketidakseimbangan ban depan sehingga membuatnya tidak nyaman. Karena itu, adik Marc Marquez tersebut terlibat persaingan ketat dengan Pedro Acosta yang harus ditentukan hingga putaran terakhir. ""Saya mengawali dengan sangat baik, dan ketika saya berada di belakang mereka, saya menyadari bahwa saya punya sesuatu yang lebih,"" kata Alex ketika memulai sesi sprint dari urutan kelima dikutip dari Crash. ""Rencana saya adalah menyalip di tikungan terakhir sebelum yang pertama. Saya selalu memiliki kemampuan berkendara yang baik di sana, dengan Honda dan Ducati,"" sambungnya.",https://www.tribunnews.com/sport/7752445/jadwal-motogp-portugal-2025-hari-ini-race-alex-marquez-cs-mulai-pukul-2000-wib-live-trans7,Tribun,liga_spanyol,2025-11-09 20:07:14
"Update Klasemen MotoGP 2025: Poin Pecco Bagnaia Dijauhi Bezzecchi, Dipepet Acosta","Ringkasan Berita:KlasemenMotoGP2025 setelah sprint race Portugal jadi alarm bahaya bagiPecco BagnaiaPoinPecco Bagnaiamulai dijauhiMarco Bezzecchidengan selisih 10 angkaPedro Acosta yang finis P2 sprint race Portugal mengikis gap dengan Bagnaia menjadi 19 poinTRIBUNNEWS.COM- Update klasemenMotoGP2025 setelah sprint race Portugal jadi alarm bahaya bagiPecco Bagnaia, Minggu (9/11/2025).Marco Bezzecchi danPedro Acostayang berhasil finis podium sprint raceMotoGPPortugal 2025 mampu mengusik posisi Bagnaia di P4 klasemen.Jagoan Aprilia, Bezzecchi finis podium ketiga berhasil menambah koleksinya menjadi 298 poin. Posisi Bezzecchi kian aman di P3 klasemenMotoGP2025.Sementara itu,Pedro Acostayang nyaris menang sprint raceMotoGPuntuk kali pertama harus puas finis P2.Menariknya raihan si Hiu -julukan Acosta,berhasil menambah koleksinya menjadi 269 poin dan mengikis gap dengan Bagnaia urutan keempat klasemen menjadi 19 angka.lihat fotoPECCO BAGNAIA - Pebalap Ducati Lenovo, Pecco Bagnaia, ketika gagal lolos Q2 dalam sesi kualifikasi MotoGP Mandalika 2025 di Sirkuit Mandalika, pada 4 Oktober 2025. (Foto: Laman Resmi MotoGP)Apes menimpa FB63 gegara kena tikung dilast lapsprint raceMotoGPPortugal 2025 memaksa Bagnaia harus puas finis P8.Torehan Bagnaia di sprint race yang finis P8 bikin dirinya hanya bisa menambah koleksinya menjadi 288 poin.Koleksi tersebut mulai dikejar olehPedro Acostayang saat ini tengah berada dalam momentum apik di atas RC-16 KTM miliknya.Tentu bukan posisi yang nyaman bagi rekan setim Marc Marquez lantaran Bagnaia terancam bisa melorot ke P5 klasemen jika Acosta bisa menyalipnya.Baca juga:Hasil Sprint Race MotoGP Portugal 2025: Alex Marquez Menang, Rusak Mimpi Pedro Acosta Pecah TelurMau tak mau, suami Domizia Castagnini wajib bangkit dan menghindari blunder lagi songsong balapan utama di Sirkuit Portimao.Finis di depan Bezzecchi dan Acosta jadi kewajiban Bagnaia agar membuka kans kembali ke P3 atau setidaknya tak tergusur dari posisi keempatnya saat ini.Perjuangan murid Valentino Rossi di kampung halaman Cristiano Ronaldo akan kembali berlanjut di balapan utamaMotoGPPortugal 2025 hari ini.Balapan utama atau Grand PrixMotoGPPortugal 2025 dijawalkan bergulir mulai pukul 20.00 WIB.KlasemenMotoGP2025 setelah Sprint Race PortugalPer Sabtu (8/11/2025)1. Marc Marquez (545)2. Alex Marquez (425)3.Marco Bezzecchi(298)4. Francesco Bagnaia (288)5.Pedro Acosta(269) TRIBUNNEWS.COM- Update klasemenMotoGP2025 setelah sprint race Portugal jadi alarm bahaya bagiPecco Bagnaia, Minggu (9/11/2025). Marco Bezzecchi danPedro Acostayang berhasil finis podium sprint raceMotoGPPortugal 2025 mampu mengusik posisi Bagnaia di P4 klasemen. Jagoan Aprilia, Bezzecchi finis podium ketiga berhasil menambah koleksinya menjadi 298 poin. Posisi Bezzecchi kian aman di P3 klasemenMotoGP2025. Sementara itu,Pedro Acostayang nyaris menang sprint raceMotoGPuntuk kali pertama harus puas finis P2. Menariknya raihan si Hiu -julukan Acosta,berhasil menambah koleksinya menjadi 269 poin dan mengikis gap dengan Bagnaia urutan keempat klasemen menjadi 19 angka. Apes menimpa FB63 gegara kena tikung dilast lapsprint raceMotoGPPortugal 2025 memaksa Bagnaia harus puas finis P8. Torehan Bagnaia di sprint race yang finis P8 bikin dirinya hanya bisa menambah koleksinya menjadi 288 poin. Koleksi tersebut mulai dikejar olehPedro Acostayang saat ini tengah berada dalam momentum apik di atas RC-16 KTM miliknya. Tentu bukan posisi yang nyaman bagi rekan setim Marc Marquez lantaran Bagnaia terancam bisa melorot ke P5 klasemen jika Acosta bisa menyalipnya. Baca juga:Hasil Sprint Race MotoGP Portugal 2025: Alex Marquez Menang, Rusak Mimpi Pedro Acosta Pecah Telur Mau tak mau, suami Domizia Castagnini wajib bangkit dan menghindari blunder lagi songsong balapan utama di Sirkuit Portimao. Finis di depan Bezzecchi dan Acosta jadi kewajiban Bagnaia agar membuka kans kembali ke P3 atau setidaknya tak tergusur dari posisi keempatnya saat ini. Perjuangan murid Valentino Rossi di kampung halaman Cristiano Ronaldo akan kembali berlanjut di balapan utamaMotoGPPortugal 2025 hari ini. Balapan utama atau Grand PrixMotoGPPortugal 2025 dijawalkan bergulir mulai pukul 20.00 WIB. Per Sabtu (8/11/2025) 1. Marc Marquez (545)2. Alex Marquez (425)3.Marco Bezzecchi(298)4. Francesco Bagnaia (288)5.Pedro Acosta(269)",https://www.tribunnews.com/sport/7752417/update-klasemen-motogp-2025-poin-pecco-bagnaia-dijauhi-bezzecchi-dipepet-acosta,Tribun,liga_spanyol,2025-11-09 20:07:16
