title,content,source,category,cleaned_content,text,label_5class,label_stage1,label_stage2
Parma Vs Milan: Laga yang Tak Mudah Untuk Rossoneri,"PelatihAC Milan,Massimiliano Allegri, menilai laga melawanParmatakkan mudah untuk tim asuhannya. Apalagi, Milan sering kesulitan saat bertandang ke markas lawan. AC Milan akan bertandang ke markas Parma, Ernio Tardini, pada laga lanjutan Liga Italia, Minggu (9/11/2025). Rossoneri saat ini berada di peringkat ketiga Serie A dengan 21 poin. Poin mereka sama dengan Inter Milan di posisi kedua. Milan juga hanya tertinggal satu angka dari Napoli di puncak. SCROLL TO CONTINUE WITH CONTENT Sementara, Parma terpuruk di peringkat ke-17 dengan baru meraih tujuh poin. Menilik dari hal ini, Il Diavolo lebih diunggulkan meraih tiga angka. Pelatih Milan, Massimiliano Allegri, tapi tak mau menganggap remeh Parma. Ia menilai laga melawan Rossoblu tetap tak mudah untuk anak asuhannya.  Apalagi pada musim lalu, Milan kalah di kandang Parma 1-3. Selain itu perbedaan peringkat di Serie A tak terlalu berpengaruh di lapangan menurut Allegri. Milan yang mulai kesulitan meraih tiga angka saat tandang juga jadi sorotan Allegri. Terakhir kali, Milan meriah kemenangan saat tandang adalah saat menang 3-0 atas Udinese September lalu. Tiga laga tanda berikutnya Milan selalu berakhir imbang. Milan tetap harus berkerja keras untuk meraih tiga angka dari Parma. ""Bermain di Parma tidak pernah mudah. Milan kalah di sana tahun lalu. Musim ini, kami hanya meraih satu poin melawan Pisa dan Cremonese, jadi kami harus siap secara mental untuk pertandingan yang tidak akan mudah. Kami belum pernah menang tandang sejak pertandingan melawan Udinese,"" ujar Allegri dikutip dari Football Italia. ""Kami harus menempatkan diri pada level mental yang sama dengan Parma. Jika kami bisa berlari sesering mereka, kualitas teknik kami yang superior akan terlihat,""jelasnya.",Detik,liga_italia,pelatihac milanmassimiliano allegri nilai laga melawanparmatakkan mudah tim asuh mil sulit tandang markas lawan ac mil tandang markas parma ernio tardini laga lanjut liga italia minggu rossoneri peringkat tiga serie a poin poin inter mil posisi mil tinggal angka napoli puncak scroll to continue with content parma puruk peringkat raih tujuh poin tilik il diavolo unggul raih angka latih mil massimiliano allegri anggap remeh parma nilai laga lawan rossoblu mudah anak asuh musim mil kalah kandang parma beda peringkat serie a pengaruh lapang allegri mil sulit raih angka tandang sorot allegri kali mil riah menang tandang menang udinese september laga tanda mil imbang mil kerja keras raih angka parma main parma mudah mil kalah musim raih poin lawan pisa cremonese mental tanding mudah menang tandang tanding lawan udinese allegri kutip football italia tempat level mental parma lari sering kualitas teknik superior terlihatjelasnya,pelatihac milanmassimiliano allegri nilai laga melawanparmatakkan mudah tim asuh mil sulit tandang markas lawan ac mil tandang markas parma ernio tardini laga lanjut liga italia minggu rossoneri peringkat tiga serie a poin poin inter mil posisi mil tinggal angka napoli puncak scroll to continue with content parma puruk peringkat raih tujuh poin tilik il diavolo unggul raih angka latih mil massimiliano allegri anggap remeh parma nilai laga lawan rossoblu mudah anak asuh musim mil kalah kandang parma beda peringkat serie a pengaruh lapang allegri mil sulit raih angka tandang sorot allegri kali mil riah menang tandang menang udinese september laga tanda mil imbang mil kerja keras raih angka parma main parma mudah mil kalah musim raih poin lawan pisa cremonese mental tanding mudah menang tandang tanding lawan udinese allegri kutip football italia tempat level mental parma lari sering kualitas teknik superior terlihatjelasnya,Liga Italia,1,Liga Italia
Klok Persembahkan Kemenangan Comeback Persib buat Pengorbanan Bobotoh,"Marc Klokmempersembahkan kemenangan comebackPersib BandungatasSelangor FCke Bobotoh yang sudah melakukan pengorbanan. Malam indah di Petaling Jaya! Persib menang 3-2 atas Selangor pada matchday ke-4AFC Champions League (ACL) Two (2)di Stadion MBPJ, Petaling Jaya, Malaysia, Kamis (6/11/2025). tuan rumah sebenarnya sempat unggul 2-0 lebih dulu, namun Persib secara dramatis mampu membalikkan keadaan. Selangor sudah unggul 2-0 saat laga baru berjalan 17 menit lewat gol Chrigor Moraes dan own goal Matricardi Patricio. Persib membalas tiga gol di babak kedua lewat Andrew Jung pada menit ke-49 dan brace Adam Alis pada menit ke-82 dan injury time babak kedua. SCROLL TO CONTINUE WITH CONTENT Saat kedudukan masih 2-2 di ujung waktu normal, friksi sempat terjadi di tribune penonton. Sejumlah Bobotoh yang datang langsung ke stadion terlihat mendapat serangan dari kubu suporter tuan rumah.  Mencoba untuk meredakan situasi, Klok dan Tho Haye sempat meminta penonton untuk menenangkan diri. Laga pun sempat terhenti sebentar. Luapan emosi suporter Selangor semakin menjadi setelah laga berakhir yang dimenangi Persib. Dalam video yang beredar di media sosial, skuadPersibsempat tertahan di dalam stadion karena situasi tersebut. Klok yang begitu berterima kasih atas dukungan langsung Bobotoh pun mempersembahkan kemenangan timnya buat para pendukung setia Persib. Kemenangan ini menjadi kenangan malam yang indah Persib dan Bobotoh di Petaling Jaya. ""Satu-satunya cara bagi kami untuk bisa membuat mereka mengingat momen ini adalah menciptakan malam yang indah bagi mereka (Bobotoh),"" kata Klok, dikutip darilaman Persib.  Bagi Persib, kemenangan ini sukses mempertahankan posisi mereka di puncak klasemen Grup G dengan 10 poin. Bangkok United masih membuntuti di peringkat ke-2 dengan sembilan angka setelah menumbangkan finalis tahun lalu dari Singapura, Lion City Sailors dengan skor 2-1, Kamis (6/11). Masih ada dua pertandingan sisa yang akan dilalui Persib untuk menentukan nasib mereka di kompetisi antarklub Asia level 2 ini. Selanjutnya Persib akan bertandang ke markas Lion City pada 26 November dan menjamu Bangkok United pada 10 Desember.",Detik,liga_indonesia,marc klokmempersembahkan menang comebackpersib bandungatasselangor fcke bobotoh korban malam indah petaling jaya persib menang selangor matchday keafc champions league acl two stadion mbpj petaling jaya malaysia kamis tuan rumah unggul persib dramatis balik selangor unggul laga jalan menit gol chrigor moraes own goal matricardi patricio persib balas gol babak andrew jung menit brace adam alis menit injury time babak scroll to continue with content duduk ujung normal friksi tribune tonton bobotoh langsung stadion serang kubu suporter tuan rumah coba reda situasi klok tho haye tonton tenang laga henti sebentar luap emosi suporter selangor laga tang persib video edar media sosial skuadpersibsempat tahan stadion situasi klok terima kasih dukung langsung bobotoh sembah menang tim dukung setia persib menang kenang malam indah persib bobotoh petaling jaya satusatunya momen cipta malam indah bobotoh klok kutip darilaman persib persib menang sukses tahan posisi puncak klasemen grup g poin bangkok united buntut peringkat sembilan angka tumbang final singapura lion city sailors skor kamis tanding sisa persib tentu nasib kompetisi antarklub asia level persib tandang markas lion city november jamu bangkok united desember,marc klokmempersembahkan menang comebackpersib bandungatasselangor fcke bobotoh korban malam indah petaling jaya persib menang selangor matchday keafc champions league acl two stadion mbpj petaling jaya malaysia kamis tuan rumah unggul persib dramatis balik selangor unggul laga jalan menit gol chrigor moraes own goal matricardi patricio persib balas gol babak andrew jung menit brace adam alis menit injury time babak scroll to continue with content duduk ujung normal friksi tribune tonton bobotoh langsung stadion serang kubu suporter tuan rumah coba reda situasi klok tho haye tonton tenang laga henti sebentar luap emosi suporter selangor laga tang persib video edar media sosial skuadpersibsempat tahan stadion situasi klok terima kasih dukung langsung bobotoh sembah menang tim dukung setia persib menang kenang malam indah persib bobotoh petaling jaya satusatunya momen cipta malam indah bobotoh klok kutip darilaman persib persib menang sukses tahan posisi puncak klasemen grup g poin bangkok united buntut peringkat sembilan angka tumbang final singapura lion city sailors skor kamis tanding sisa persib tentu nasib kompetisi antarklub asia level persib tandang markas lion city november jamu bangkok united desember,Liga Indonesia,1,Liga Indonesia
Prediksi Tottenham Vs MU: Setan Merah Bukan Unggulan,"Tottenham Hotspur vs Manchester Unitedjadibig matchLiga Inggrismalam nanti. Prediksi laganya, Setan Merah bukan unggulan! Jadwal Liga Inggrismalam ini, Sabtu (8/11) dibuka denganTottenham Hotspur vs Manchester United.Duelnya pukul 19.30 WIB.  SCROLL TO CONTINUE WITH CONTENT Kedua tim sama-sama memiliki poin 17 di Klasemen Liga Inggris sementara, dari 10 laga.Tottenham Hotspurlebih baik posisinya di peringkat keenam danManchester Uniteddi peringkat kedelapan. Hanya beda selisih gol.  - Tottenham lagi superior atas Manchester United, mereka tidak terkalahkan dalam tujuh laga terakhir di seluruh kompetisi- Tottenham lagi bapuk di kandang. Sejak awal tahun 2025, mereka cuma tiga kali menang di kandang pada Liga Inggris- Kemenangan terakhir MU atas Tottenham adalah di tahun 2022 dengan skor 2-0 di Old Trafford- MU lagi sulit menang di Kota London dari 25 laga terakhir di iga yakni 16 kali kalah.  Tottenham Hotspur: Vicario; Porro, Romero, Van de Ven, Spence; Bentancur, Palhinha, Sarr; Kudus, Richarlison, Simons Manchester United: Lammens; Yoro, De Ligt, Shaw; Amad, Casemiro, Fernandes, Dalot; Mbeumo, Cunha; Sesko. Media-media internasional memprediksi lagaTottenham Hotspur vs Manchester United,kebanyakan menjagokan tuan rumah. Opta melansir, Tottenham punya persentase kemenangan lebih baik dengan penilaian dari superkomputer sebanyak 47,5 persen. Sportskeeda memprediksi hasil akhir 3-1 buat Tottenham. Sports Mole memprediksi hasil imbang 2-2. Kami memprediksi laga nanti akan berjalan ketat. Prediksinya, 2-1 untuk kemenangan Spurs.",Detik,liga_inggris,tottenham hotspur vs manchester unitedjadibig matchliga inggrismalam prediksi laga setan merah unggul jadwal liga inggrismalam sabtu buka dengantottenham hotspur vs manchester unitedduelnya wib scroll to continue with content tim samasama milik poin klasemen liga inggris lagatottenham hotspurlebih posisi peringkat enam danmanchester uniteddi peringkat delap beda selisih gol tottenham superior manchester united kalah tujuh laga kompetisi tottenham bapuk kandang kali menang kandang liga inggris menang mu tottenham skor old trafford mu sulit menang kota london laga iga kali kalah tottenham hotspur vicario porro romero van de ven spence bentancur palhinha sarr kudus richarlison simons manchester united lammens yoro de ligt shaw amad casemiro fernandes dalot mbeumo cunha sesko mediamedia internasional prediksi lagatottenham hotspur vs manchester unitedkebanyakan jago tuan rumah opta lansir tottenham persentase menang nilai superkomputer persen sportskeeda prediksi hasil tottenham sports mole prediksi hasil imbang prediksi laga jalan ketat prediksi menang spurs,tottenham hotspur vs manchester unitedjadibig matchliga inggrismalam prediksi laga setan merah unggul jadwal liga inggrismalam sabtu buka dengantottenham hotspur vs manchester unitedduelnya wib scroll to continue with content tim samasama milik poin klasemen liga inggris lagatottenham hotspurlebih posisi peringkat enam danmanchester uniteddi peringkat delap beda selisih gol tottenham superior manchester united kalah tujuh laga kompetisi tottenham bapuk kandang kali menang kandang liga inggris menang mu tottenham skor old trafford mu sulit menang kota london laga iga kali kalah tottenham hotspur vicario porro romero van de ven spence bentancur palhinha sarr kudus richarlison simons manchester united lammens yoro de ligt shaw amad casemiro fernandes dalot mbeumo cunha sesko mediamedia internasional prediksi lagatottenham hotspur vs manchester unitedkebanyakan jago tuan rumah opta lansir tottenham persentase menang nilai superkomputer persen sportskeeda prediksi hasil tottenham sports mole prediksi hasil imbang prediksi laga jalan ketat prediksi menang spurs,Liga Inggris,1,Liga Inggris
Maresca Gak Kepikiran Kans Chelsea Ikut Persaingan Juara,"Chelseamemang tak diperkirakan ikut persaingan juaraLiga Inggrismusim ini. Tapi adakah sang manajer,Enzo Maresca, merasa The Blues bisa ikut bersaing? Chelsea, meski berhasil menjadi juara dunia usai memenangi Piala Dunia Antarklub pada musim panas lalu, tak pernah benar-benar dianggap akan bersaing untuk titel juara Liga Inggris. Dua nama paling santer disebut adalah Liverpool dan Arsenal.  SCROLL TO CONTINUE WITH CONTENT Tapi pada prosesnya, hasil-hasil di 10 pekan pertama memang kurang lebih membuktikan itu. Chelsea kini berada di posisi tujuh, tertinggal delapan poin dari Arsenal yang memimpin. Sementara Liverpool malah di luar perkiraan sempat melempem hingga terlempar dari posisi teratas. Kini sang juara bertahan di tempat ketiga, tertinggal tujuh poin dari Arsenal dan satu poin di belakang Manchester City. Meski demikian, dengan musim masih amat panjang, peluang Chelsea secara matematis niscaya sangat jauh dari kata tertutup. Tapi Maresca tak mau berangan-angan terlalu jauh, ia cuma mau bergerak dari satu pekan ke pekan lainnya.  ""Saya sudah bilang berkali-kali, saya tak suka memikirkan bakal di mana kami pada bulan April, Mei. Saya cuma mencoba untuk memikirkan bagaimana kami bisa menang besok, hanya ini target yang saya punya saat ini,"" cetusnya dikutipBBC. ""Kalau Anda ingin mencoba bersaing di perebutan gelar juara, kami harus memikirkan laga berikutnya dulu.""",Detik,liga_inggris,chelseamemang saing juaraliga inggrismusim ada sang manajerenzo maresca the blues saing chelsea hasil juara dunia tang piala dunia antarklub musim panas benarbenar anggap saing titel juara liga inggris nama santer liverpool arsenal scroll to continue with content proses hasilhasil pekan bukti chelsea posisi tujuh tinggal delapan poin arsenal pimpin liverpool kira melempem lempar posisi atas sang juara tahan tiga tinggal tujuh poin arsenal poin manchester city musim peluang chelsea matematis niscaya tutup maresca beranganangan gerak pekan pekan bilang berkalikali suka pikir april mei coba pikir menang besok target cetus dikutipbbc coba saing rebut gelar juara pikir laga,chelseamemang saing juaraliga inggrismusim ada sang manajerenzo maresca the blues saing chelsea hasil juara dunia tang piala dunia antarklub musim panas benarbenar anggap saing titel juara liga inggris nama santer liverpool arsenal scroll to continue with content proses hasilhasil pekan bukti chelsea posisi tujuh tinggal delapan poin arsenal pimpin liverpool kira melempem lempar posisi atas sang juara tahan tiga tinggal tujuh poin arsenal poin manchester city musim peluang chelsea matematis niscaya tutup maresca beranganangan gerak pekan pekan bilang berkalikali suka pikir april mei coba pikir menang besok target cetus dikutipbbc coba saing rebut gelar juara pikir laga,Liga Inggris,1,Liga Inggris
Jadwal Super League Hari Ini: Ada Derby Jatim Persik Vs Persebaya,"BRI Super League 2025/2026kembali menyajikan pertandingan hari ini. Ada dua laga yang dimainkan, termasuk duelPersik Kediri vs Persebaya Surabaya. Pekan ke-12 Super League hari Jumat (7/11/2025) dibuka dengan duelBhayangkara Presisi LampungkontraBali United. Pertandingan digelar di Stadion Sumpah Pemuda PKOR Way Halim pukul 15.30 WIB. Bhayangkara saat ini menempati peringkat kedelapan dengan 15 poin. Bali United di posisi kesepuluh dengan 13 poin. SCROLL TO CONTINUE WITH CONTENT  Bhayangkara dan Bali United lagi di fase naik-turun. Kedua tim belum menemukan momentum yang menjaga konsistensi mereka. Bhayangkara pekan lalu ditahan imbang Persita Tangerang 1-1 usai menang beruntun di dua laga sebelumnya. Bali United juga diimbangi Persita tanpa gol dan kalah 1-2 dari Persib Bandung. Bergeser ke pertandingan pukul 19.00 WIB ada Derby Jatim antara Persik vs Persebaya. Pertandingan digelar di Stadion Gelora Joko Samudro, Gresik. Panasnya gengsi pertandingan dua tim asal Jawa Timur ini memaksa duel tak bisa digelar di kandang Persik, Stadion Brawijaya. Pertandingan dipindah ke Gresik demi alasan keamanan.  Persik dan Persebaya sama-sama belum menemukan konsistensi menatap Derby Jatim. Macan Putih tumbang 3 kali dan hanya menang sekali dalam 5 laga terakhir, sementara Bajul Ijo menang 2 kali, sekali kalah, dan imbang 2 kali. Persik sementara ini tertahan di urutan ke-11 klasemen dengan 11 poin. Persebaya di posisi kesembilan dengan 14 poin. Jadwal Super League Hari Ini (7 November 2025) 15.30 WIB: Bhayangkara vs Bali United19.00 WIB: Persik Kediri vs Persebaya Surabaya.",Detik,liga_indonesia,bri super league saji tanding laga main duelpersik diri vs baya surabaya pekan super league jumat buka duelbhayangkara presisi lampungkontrabali united tanding gelar stadion sumpah pemuda pkor way halim wib bhayangkara tempat peringkat delap poin bal united posisi puluh poin scroll to continue with content bhayangkara bal united fase naikturun tim temu momentum jaga konsistensi bhayangkara pekan tahan imbang sita tangerang menang untun laga bal united imbang sita gol kalah persib bandung geser tanding wib derby jatim persik vs baya tanding gelar stadion gelora joko samudro gresik panas gengsi tanding tim jawa timur paksa duel gelar kandang persik stadion brawijaya tanding pindah gresik alas aman persik baya samasama temu konsistensi tatap derby jatim macan putih tumbang kali menang laga bajul ijo menang kali kalah imbang kali persik tahan urut klasemen poin baya posisi sembilan poin jadwal super league november wib bhayangkara vs bal united wib persik diri vs baya surabaya,bri super league saji tanding laga main duelpersik diri vs baya surabaya pekan super league jumat buka duelbhayangkara presisi lampungkontrabali united tanding gelar stadion sumpah pemuda pkor way halim wib bhayangkara tempat peringkat delap poin bal united posisi puluh poin scroll to continue with content bhayangkara bal united fase naikturun tim temu momentum jaga konsistensi bhayangkara pekan tahan imbang sita tangerang menang untun laga bal united imbang sita gol kalah persib bandung geser tanding wib derby jatim persik vs baya tanding gelar stadion gelora joko samudro gresik panas gengsi tanding tim jawa timur paksa duel gelar kandang persik stadion brawijaya tanding pindah gresik alas aman persik baya samasama temu konsistensi tatap derby jatim macan putih tumbang kali menang laga bajul ijo menang kali kalah imbang kali persik tahan urut klasemen poin baya posisi sembilan poin jadwal super league november wib bhayangkara vs bal united wib persik diri vs baya surabaya,Liga Indonesia,1,Liga Indonesia
"Mbappe Terima Sepatu Emas Eropa, Pengin Lama di Madrid","SuperstarReal MadridKylian Mbappebaru saja menerima trofi Sepatu Emas Eropa 2024/2025. Mbappe mengungkapkan hasratnya ingin selama mungkin memperkuat Madrid. Gelar tersebut didapatkan Mbappe setelah membukukan 31 gol di LaLiga musim lalu, musim pertamanya berkostum Los Blancos. Penyerant top Prancis itu mengumpulkan 62 poin, mengungguli Viktor Gyokeres (Sporting CP) yang memperoleh 58,5 poin, dan Mohamed Salah (Liverpool) dengan 58 poin.  SCROLL TO CONTINUE WITH CONTENT Sepatu Emas Eropa tersebut bisa dibilang jadi pelipur lara bagiKylian Mbappe. Pasalnya, Madrid nirgelar di musim lalu setelah finis runner-up di LaLiga dan Copa del Rey, serta terdepak di Liga Champions. ""Sebuah kegembiraan bagiku bisa memenangi Sepatu Emas,"" ungkap dia dalam seremoni di Santiago Bernabeu pada Jumat (31/10/2025). ""Ini adalah saat yang penting buatku, ini kali pertama aku memenangi penghargaan ini. ""Penghargaan yang sangat berarti bagiku sebagai seorang penyerang. Kuharap kami akan memenangi gelar penting di musim ini, itulah yang terpenting, memenangi gelar kolektif.""  ""Kuharap aku bisa berada di sini selama mungkin dan memenangi penghargaan semacam ini berkali-kali,"" imbuh Mbappe dilansirESPN. Kylian Mbappemasih terikat kontrak denganReal Madridsampai 2029. Pemain berusia 26 tahun itu memulai musim ini dengan cemerlang usai membukukan 11 gol di LaLiga, atau 16 gol dalam 13 pertandingan secara keseluruhan.",Detik,liga_spanyol,superstarreal madridkylian mbappebaru terima trofi sepatu emas eropa mbappe hasrat kuat madrid gelar dapat mbappe buku gol laliga musim musim pertama kostum los blancos penyerant top prancis kumpul poin unggul viktor gyokeres sporting cp oleh poin mohamed salah liverpool poin scroll to continue with content sepatu emas eropa bilang lipur lara bagikylian mbappe pasal madrid nirgelar musim finis runnerup laliga copa del rey depak liga champions gembira bagi tang sepatu emas seremoni santiago bernabeu jumat buat kali tang harga harga bagi serang harap tang gelar musim penting tang gelar kolektif harap tang harga berkalikali imbuh mbappe dilansirespn kylian mbappemasih ikat kontrak denganreal madridsampai main usia musim cemerlang buku gol laliga gol tanding,superstarreal madridkylian mbappebaru terima trofi sepatu emas eropa mbappe hasrat kuat madrid gelar dapat mbappe buku gol laliga musim musim pertama kostum los blancos penyerant top prancis kumpul poin unggul viktor gyokeres sporting cp oleh poin mohamed salah liverpool poin scroll to continue with content sepatu emas eropa bilang lipur lara bagikylian mbappe pasal madrid nirgelar musim finis runnerup laliga copa del rey depak liga champions gembira bagi tang sepatu emas seremoni santiago bernabeu jumat buat kali tang harga harga bagi serang harap tang gelar musim penting tang gelar kolektif harap tang harga berkalikali imbuh mbappe dilansirespn kylian mbappemasih ikat kontrak denganreal madridsampai main usia musim cemerlang buku gol laliga gol tanding,Liga Spanyol,1,Liga Spanyol
FIFA Matchday: 30 Pemain Timnas Indonesia U-23 Vs Mali,"Sebanyak 30 pemain dipanggilTimnas Indonesia U-23proyeksi SEA Games 2025 untuk agenda FIFA Matchday. Garuda Muda akan beruji coba melawanMali. Pelatih Timnas U-23Indra Sjafridiberikan kesempatan oleh PSSI untuk mematangkan timnya jelang SEA Games. Federasi memilih Mali sebagai lawan uji coba di masa FIFA Matchday alias jeda internasional.  SCROLL TO CONTINUE WITH CONTENT Timnas U-23mengisi slot jeda internasional bulan ini selagi timnas senior belum punya pelatih. Ketimbang jeda internasional dibiarkan lewat, Timnas U-23 dipilih PSSI untuk mengisi slot tersebut. Bagi Indra Sjafri, uji coba ini menjadi kesempatan terakhirnya untuk memilih skuad final. Ia harus mencoret tujuh pemain agar timnya menyisakan 23 orang yang akan mengisi skuad final SEA Games. Dari 30 pemain itu, tiga di antaranya adalah diaspora yakni Ivar Jenner, Dion Markx, dan Mauro Zijlstra. Sedangkan Marselino Ferdinan tidak masuk daftar panggil. Sisanya skuad didominasi oleh pemain-pemain dari klub Super League. Borneo FC Samarinda dan Bali United menjadi penyumbang terbanyak; masing-masing mengirim tiga pemain.  Agenda uji coba ini masuk dalam rangkaian Pemusatan Latihan (TC) Timnas U-23 di Jakarta pada 6 - 27 November. Sedangkan uji coba melawan Mali akan digelar pada 15 dan 18 November di Stadion Pakansari, Kabupaten Bogor.  [Gambas:Instagram]   Kiper 1.Cahya Supriadi (PSIM Yogyakarta)2.Muhammad Ardiansyah (PSM Makassar)3.Daffa Fasya (Borneo FC)4.Ikram Algifari (FC Bekasi) Bek 5.Kadek Arel (Bali United)6.Kakang Rudianto (Persib Bandung)7.Muhammad Ferarri (Bhayangkara FC)8.Frengky Missa (Bhayangkara FC)9.Dony Tri Pamungkas (Persija Jakarta)10.Alfharezzi Buffon (Borneo FC)11.Dion Markx (TOP Oss)12.Brandon Scheunemann (Arema FC)13.Mikael Tata (Persebaya Surabaya)14.Raka Cahyana (PSIM Yogyakarta)15.Robi Darwis (Persib Bandung) Gelandang 16.Arkhan Fikri (Arema FC)17.Rayhan Hannan (Persija Jakarta)18.Zanadin Fariz (Persis Solo)19.Ivar Jenner (FC Utrecht)20.Toni Firmansyah (Persebaya Surabaya)21.Rivaldo Pakpahan (Borneo FC)22.Ananda Raehan (PSM Makassar)23.Rifqy Ray Farandi (Persik Kediri)24.Wigi Pratama (Persik Kediri) Depan 25.Hokky Caraka (Persita Tangerang)26.Rafael Struick (Dewa United)27.Jens Raven (Bali United)28.Rahmat Arjuna (Bali United)29.Ricky Pratama (PSM Makassar)30.Mauro Zijlstra (FC Volendam).",Detik,liga_indonesia,main dipanggiltimnas indonesia uproyeksi sea games agenda fifa matchday garuda muda uji coba melawanmali latih timnas uindra sjafridiberikan sempat pssi matang tim jelang sea games federasi pilih mal lawan uji coba fifa matchday alias jeda internasional scroll to continue with content timnas umengisi slot jeda internasional selagi timnas senior latih ketimbang jeda internasional biar timnas u pilih pssi isi slot indra sjafri uji coba sempat akhir pilih skuad final coret tujuh main tim sisa orang isi skuad final sea games main diaspora ivar jenner dion markx mauro zijlstra marselino ferdinan masuk daftar panggil sisa skuad dominasi pemainpemain klub super league borneo fc samarinda bal united sumbang masingmasing kirim main agenda uji coba masuk rangkai pusat latih tc timnas u jakarta november uji coba lawan mal gelar november stadion pakansari kabupaten bogor gambasinstagram kiper cahya supriadi psim yogyakartamuhammad ardiansyah psm makassardaffa fasya borneo fcikram algifari fc bekas bek kadek arel bal unitedkakang rudianto persib bandungmuhammad ferarri bhayangkara fcfrengky missa bhayangkara fcdony tri pamungkas persija jakartaalfharezzi buffon borneo fcdion markx top ossbrandon scheunemann arema fcmikael tata baya surabayaraka cahyana psim yogyakartarobi darwis persib bandung gelandang arkhan fikri arema fcrayhan hannan persija jakartazanadin fariz persis soloivar jenner fc utrechttoni firmansyah baya surabayarivaldo pakpahan borneo fcananda raehan psm makassarrifqy ray farandi persik kediriwigi pratama persik diri hokky caraka sita tangerangrafael struick dewa unitedjens raven bal unitedrahmat arjuna bal unitedricky pratama psm makassarmauro zijlstra fc volendam,main dipanggiltimnas indonesia uproyeksi sea games agenda fifa matchday garuda muda uji coba melawanmali latih timnas uindra sjafridiberikan sempat pssi matang tim jelang sea games federasi pilih mal lawan uji coba fifa matchday alias jeda internasional scroll to continue with content timnas umengisi slot jeda internasional selagi timnas senior latih ketimbang jeda internasional biar timnas u pilih pssi isi slot indra sjafri uji coba sempat akhir pilih skuad final coret tujuh main tim sisa orang isi skuad final sea games main diaspora ivar jenner dion markx mauro zijlstra marselino ferdinan masuk daftar panggil sisa skuad dominasi pemainpemain klub super league borneo fc samarinda bal united sumbang masingmasing kirim main agenda uji coba masuk rangkai pusat latih tc timnas u jakarta november uji coba lawan mal gelar november stadion pakansari kabupaten bogor gambasinstagram kiper cahya supriadi psim yogyakartamuhammad ardiansyah psm makassardaffa fasya borneo fcikram algifari fc bekas bek kadek arel bal unitedkakang rudianto persib bandungmuhammad ferarri bhayangkara fcfrengky missa bhayangkara fcdony tri pamungkas persija jakartaalfharezzi buffon borneo fcdion markx top ossbrandon scheunemann arema fcmikael tata baya surabayaraka cahyana psim yogyakartarobi darwis persib bandung gelandang arkhan fikri arema fcrayhan hannan persija jakartazanadin fariz persis soloivar jenner fc utrechttoni firmansyah baya surabayarivaldo pakpahan borneo fcananda raehan psm makassarrifqy ray farandi persik kediriwigi pratama persik diri hokky caraka sita tangerangrafael struick dewa unitedjens raven bal unitedrahmat arjuna bal unitedricky pratama psm makassarmauro zijlstra fc volendam,Liga Indonesia,1,Liga Indonesia
Babak I: Arsenal Tertinggal 0-1 dari Sunderland,"Arsenaltertinggal 0-1 dariSunderlandpada babak pertama di ajang Liga Inggris. Hal ini membuat rentetan clean sheet delapan laga Meriam London di semua ajang terhenti. Sunderland vs Arsenal berlangsung di Stadium of Light, Minggu (9/11/2025) dini hari WIB. Pertandingan harus terhenti di menit kelima setelah Mikel Merino mendapatkan perawatan karena beradu kepada dengan Daniel Ballard. Pertandingan dilanjutkan kembali di menit ke-10. Merino juga masih mampu meneruskan pertandingan. SCROLL TO CONTINUE WITH CONTENT Arsenal mendominasi jalannya laga selama 20 menit berlangsung. Namun, Meriam London belum bisa menciptakan ancaman di kotak penalti Sunderland.  Eberechi Eze gagal memanfaatkan kesalahanbackpasslawan di menit ke-23. Dia memilih langsung menembak bola di depan kotak penalti dan arahnya belum ke gawang. Wilson Isidor mengancam Arsenal di menit ke-28. Dia melepaskan tembakan dari sisi kotak penalti, tapi arahnya melebar dari gawang. Sunderland memimpin 1-0 di menit ke-36. Kiper Robin Roefs melepaskan tembakan bebas langsung ke jantung pertahanan Arsenal, Ballard mampu mengontrol bola dan melepaskan tembakannya ke gawang David Raya. Arsenal gagal membalas di sisa waktu babak pertama. Alhasil, pasukan Mikel Arteta tertinggal sampai turun minum.  Susunan Pemain: Sunderland: Roefs; Hume, Mukiele, Ballard, Geertruida, Reinildo; Sadiki, Xhaka, Le Fée, Traoré, Isisdor. Arsenal: David Raya; Timber, Saliba, Gabriel Magalhães, Calafiori; Zubimendi, Rice, Eze; Saka, Trossard, Mikel Merino.",Detik,liga_inggris,arsenaltertinggal darisunderlandpada babak ajang liga inggris rentet clean sheet delapan laga meriam london ajang henti sunderland vs arsenal stadium of light minggu wib tanding henti menit mikel merino awat adu daniel ballard tanding lanjut menit merino terus tanding scroll to continue with content arsenal dominasi jalan laga menit meriam london cipta ancam kotak penalti sunderland eberechi eze gagal manfaat kesalahanbackpasslawan menit pilih langsung tembak bola kotak penalti arah gawang wilson isidor ancam arsenal menit lepas tembak sisi kotak penalti arah lebar gawang sunderland pimpin menit kiper robin roefs lepas tembak bebas langsung jantung tahan arsenal ballard kontrol bola lepas tembak gawang david raya arsenal gagal balas sisa babak alhasil pasu mikel arteta tinggal turun minum susun main sunderland roefs hume mukiele ballard geertruida reinildo sadik xhaka le fe traor isisdor arsenal david raya timber saliba gabriel magalhes calafiori zubimendi rice eze saka trossard mikel merino,arsenaltertinggal darisunderlandpada babak ajang liga inggris rentet clean sheet delapan laga meriam london ajang henti sunderland vs arsenal stadium of light minggu wib tanding henti menit mikel merino awat adu daniel ballard tanding lanjut menit merino terus tanding scroll to continue with content arsenal dominasi jalan laga menit meriam london cipta ancam kotak penalti sunderland eberechi eze gagal manfaat kesalahanbackpasslawan menit pilih langsung tembak bola kotak penalti arah gawang wilson isidor ancam arsenal menit lepas tembak sisi kotak penalti arah lebar gawang sunderland pimpin menit kiper robin roefs lepas tembak bebas langsung jantung tahan arsenal ballard kontrol bola lepas tembak gawang david raya arsenal gagal balas sisa babak alhasil pasu mikel arteta tinggal turun minum susun main sunderland roefs hume mukiele ballard geertruida reinildo sadik xhaka le fe traor isisdor arsenal david raya timber saliba gabriel magalhes calafiori zubimendi rice eze saka trossard mikel merino,Liga Inggris,1,Liga Inggris
Piala Dunia U-17 2025: Indonesia Rapuh Banget di Babak Pertama,"Timnas Indonesiasudah kebobolan banyak gol diPiala Dunia U-17 2025. Garuda Muda rapuh banget saat paruh pertama laga. Dalam dua pertandingan, Indonesia kebobolan tujuh gol. Pada pertandingan pertama, Indonesia kalah 1-3 dari Zambia, lalu digilas oleh Brasil 0-4. Indonesia rapuh banget saat babak pertama. Gawang tim asuhan Nova Arianto itu kebobolan sebanyak enam kali. SCROLL TO CONTINUE WITH CONTENT  Rinciannya, Indonesia kebobolan dalam rentang menit ke-1 sampai ke-15 sebanyak sekali. Paling banyak, Indonesia kebobolan pada rentang menit ke-31 sampai ke-45 dengan torehan lima gol. Satu gol masuk ke gawangIndonesiapada menit ke-61 sampai menit ke-75. Indonesia bersih dari kebobolan pada menit ke-16 sampai menit ke-30, menit ke-46 sampai menit ke-60, dan menit ke-76 sampai menit ke-90. Indonesia bisa mencetak satu gol di Piala Dunia U-17 2025. Zahaby Gholy pencetak golnya, yang dikemas saat pertandingan melawan Zambia. Rincian gol ke gawang Indonesia di Piala Dunia U-17 2025 bisa dilihat di bawah ini.  Jumlah Gol: 7Babak I: 6Babak II: 1Menit Gol 1-15: 1Menit Gol 16-30: 0Menit Gol 31-45: 5Menit Gol 46-60: 0Menit Gol 61-75: 1Menit Gol 76-90: 0",Detik,liga_indonesia,timnas indonesiasudah bobol gol piala dunia u garuda muda rapuh banget paruh laga tanding indonesia bobol tujuh gol tanding indonesia kalah zambia gilas brasil indonesia rapuh banget babak gawang tim asuh nova arianto bobol enam kali scroll to continue with content rinciannya indonesia bobol rentang menit indonesia bobol rentang menit toreh gol gol masuk gawangindonesiapada menit menit indonesia bersih bobol menit menit menit menit menit menit indonesia cetak gol piala dunia u zahaby gholy cetak gol kemas tanding lawan zambia rincian gol gawang indonesia piala dunia u gol babak i babak ii menit gol menit gol menit gol menit gol menit gol menit gol,timnas indonesiasudah bobol gol piala dunia u garuda muda rapuh banget paruh laga tanding indonesia bobol tujuh gol tanding indonesia kalah zambia gilas brasil indonesia rapuh banget babak gawang tim asuh nova arianto bobol enam kali scroll to continue with content rinciannya indonesia bobol rentang menit indonesia bobol rentang menit toreh gol gol masuk gawangindonesiapada menit menit indonesia bersih bobol menit menit menit menit menit menit indonesia cetak gol piala dunia u zahaby gholy cetak gol kemas tanding lawan zambia rincian gol gawang indonesia piala dunia u gol babak i babak ii menit gol menit gol menit gol menit gol menit gol menit gol,Liga Indonesia,1,Liga Indonesia
Alasan Jiang Jie Coret Farhan Halim dari Skuad Timnas Voli Putra Indonesia di SEA Games 2025,"Ringkasan Berita:Jeff Jiang Jie menjadi aktor utama di balik keputusan mencoretFarhan Halimdari skuadTimnas Voli Putra IndonesiadiSEA Games 2025Masalah waktu bergabung dalam pemusatan latihan jadi alasan mengapaFarhan HalimdicoretFarhan Halim saat ini berkompetisi di Liga Voli Jepang memperkuat VC Nagano TridentsTRIBUNNEWS.COM- Asisten pelatihErwin Rusnimenjelaskan alasan pencoretanFarhan Halimdari skuadTimnas Voli Putra IndonesiauntukSEA Games 2025.Dalam keteranganErwin Rusni, pencoretanFarhan Halimmutlak berdasarkan keputusan pelatihTimnas Voli Putra Indonesia,Jeff Jiang Jie.Volimania Tanah Air bertanya-tanya apa alasanFarhan Halimdicoret dari skuad finalTimnas Voli Putra IndonesiauntukSEA Games 2025yang berlangsung di Thailand awal Desember nanti.Farhan dipandang sebagai salah satu outside hitter (OH) terbaik yang dimiliki Indonesia. Bahkan dia kini berstatus abroad, membela tim kasta tertinggi Liga Voli Jepang, VC Nagano Tridents.""Soal pencoretanFarhan Halimmemang keputusannya berada di tangan pelatih (Jeff Jiang Jie-red),"" terang asisten pelatihTimnas Voli Putra Indonesia,Erwin Rusni, ketika dihubungi Tribunnews, Minggu (9/11) sore WIB.""Kita sebagai asisten pelatih sudah memberikan masukan soal plus-minus pemain mana yang dipilih,"" sambung pria yang pernah memperkuat Jakarta Sananta di Proliga 2008.Erwin Rusni menambahkan, masalah mepetnya waktu bergabungFarhan Halimjuga jadi pertimbangan keputusan diambilJeff Jiang Jie.Jika memaksakan Farhan dibawa ke Thailand, sang pevoli baru bisa bergabung H-7 sebelum caborvoliindoor dipertandingkan. Sementara dalam pemusatan latihan, keberadaanFarhan Halimsangat dibutuhkan dalam TC untuk memadukan chemistry permainan.""Selain itu, Farhan baru bisa bergabung seminggu sebelum SEA Games (voli-red) berlangsung. Jadi itu sedikit banyak jadi kendala.""""Saat latihan juga kita kan butuh pemain yang lengkap, sehingga kalau baru bergabung seminggu sebelum dimulai, kita kerepotan.""""Karena itu akhirnya coach Jeff memilih itu (mencoret Farhan-red). Sementara untuk posisi hitter juga mumpuni dengan pemain yang ada, kita berusaha memaksimalkan.""Di sisi lain, pencoretanFarhan Halimjuga bukannya tanpa pertimbangan matang. Di posisi OH, timvoliputra Indonesia dihuni deretan spiker terbaik saat ini, meliputi Boy Arnez, Jordan Michael Susanto, Agil Angga Anggara, dan Fahri Septian Putratama.Jeff Jiang Jie percaya dengan skuad yang ada, Timnas Voli Putra Indonesia mampu mempertahankan medali emas, yang dalam tiga edisi terakhir penyelenggaraan SEA Games, sukses dibawa pulang ke Tanah Air.Baca juga:Kabar Farhan Halim setelah Dicoret dari Timnas Voli Indonesia: Masih Jadi Camat di Nagano TridentsPendaftaran Pemain Sempat TerlambatErwin Rusni juga menceritakan, keputusan pemilihan pemain juga bukannya tanpa kendala. Sebab skuad finalTimnas Voli Putra IndonesiauntukSEA Games 2025harus diserahkan ke PBVSI pada 29 Oktober kemarin.Sementara pemusatan latihan atau TCTimnas Voli Putra Indonesiabaru dimulai setelah Livoli, yang pada timeline PBVSI, aktif dimulai 23 Oktober lalu. TRIBUNNEWS.COM- Asisten pelatihErwin Rusnimenjelaskan alasan pencoretanFarhan Halimdari skuadTimnas Voli Putra IndonesiauntukSEA Games 2025. Dalam keteranganErwin Rusni, pencoretanFarhan Halimmutlak berdasarkan keputusan pelatihTimnas Voli Putra Indonesia,Jeff Jiang Jie. Volimania Tanah Air bertanya-tanya apa alasanFarhan Halimdicoret dari skuad finalTimnas Voli Putra IndonesiauntukSEA Games 2025yang berlangsung di Thailand awal Desember nanti. Farhan dipandang sebagai salah satu outside hitter (OH) terbaik yang dimiliki Indonesia. Bahkan dia kini berstatus abroad, membela tim kasta tertinggi Liga Voli Jepang, VC Nagano Tridents. ""Soal pencoretanFarhan Halimmemang keputusannya berada di tangan pelatih (Jeff Jiang Jie-red),"" terang asisten pelatihTimnas Voli Putra Indonesia,Erwin Rusni, ketika dihubungi Tribunnews, Minggu (9/11) sore WIB. ""Kita sebagai asisten pelatih sudah memberikan masukan soal plus-minus pemain mana yang dipilih,"" sambung pria yang pernah memperkuat Jakarta Sananta di Proliga 2008. Erwin Rusni menambahkan, masalah mepetnya waktu bergabungFarhan Halimjuga jadi pertimbangan keputusan diambilJeff Jiang Jie. Jika memaksakan Farhan dibawa ke Thailand, sang pevoli baru bisa bergabung H-7 sebelum caborvoliindoor dipertandingkan. Sementara dalam pemusatan latihan, keberadaanFarhan Halimsangat dibutuhkan dalam TC untuk memadukan chemistry permainan. ""Selain itu, Farhan baru bisa bergabung seminggu sebelum SEA Games (voli-red) berlangsung. Jadi itu sedikit banyak jadi kendala."" ""Saat latihan juga kita kan butuh pemain yang lengkap, sehingga kalau baru bergabung seminggu sebelum dimulai, kita kerepotan."" ""Karena itu akhirnya coach Jeff memilih itu (mencoret Farhan-red). Sementara untuk posisi hitter juga mumpuni dengan pemain yang ada, kita berusaha memaksimalkan."" Di sisi lain, pencoretanFarhan Halimjuga bukannya tanpa pertimbangan matang. Di posisi OH, timvoliputra Indonesia dihuni deretan spiker terbaik saat ini, meliputi Boy Arnez, Jordan Michael Susanto, Agil Angga Anggara, dan Fahri Septian Putratama. Jeff Jiang Jie percaya dengan skuad yang ada, Timnas Voli Putra Indonesia mampu mempertahankan medali emas, yang dalam tiga edisi terakhir penyelenggaraan SEA Games, sukses dibawa pulang ke Tanah Air. Baca juga:Kabar Farhan Halim setelah Dicoret dari Timnas Voli Indonesia: Masih Jadi Camat di Nagano Tridents Erwin Rusni juga menceritakan, keputusan pemilihan pemain juga bukannya tanpa kendala. Sebab skuad finalTimnas Voli Putra IndonesiauntukSEA Games 2025harus diserahkan ke PBVSI pada 29 Oktober kemarin. Sementara pemusatan latihan atau TCTimnas Voli Putra Indonesiabaru dimulai setelah Livoli, yang pada timeline PBVSI, aktif dimulai 23 Oktober lalu.",Tribun,liga_spanyol,ringkas beritajeff jiang jie aktor utama putus mencoretfarhan halimdari skuadtimnas voli putra indonesiadisea games gabung pusat latih alas mengapafarhan halimdicoretfarhan halim kompetisi liga voli jepang kuat vc nagano tridentstribunnewscom asisten pelatiherwin rusnimenjelaskan alas pencoretanfarhan halimdari skuadtimnas voli putra indonesiauntuksea games keteranganerwin rusni pencoretanfarhan halimmutlak dasar putus pelatihtimnas voli putra indonesiajeff jiang jievolimania tanah air bertanyatanya alasanfarhan halimdicoret skuad finaltimnas voli putra indonesiauntuksea games thailand desember nantifarhan pandang salah outside hitter oh baik milik indonesia status abroad bela tim kasta tinggi liga voli jepang vc nagano tridentssoal pencoretanfarhan halimmemang putus tangan latih jeff jiang jiered terang asisten pelatihtimnas voli putra indonesiaerwin rusni hubung tribunnews minggu sore wibkita asisten latih masuk plusminus main pilih sambung pria kuat jakarta sananta proliga erwin rusni mepet bergabungfarhan halimjuga timbang putus diambiljeff jiang jiejika paksa farhan bawa thailand sang voli gabung h caborvoliindoor tanding pusat latih keberadaanfarhan halimsangat butuh tc madu chemistry permainanselain farhan gabung minggu sea games volired kendalasaat latih butuh main lengkap gabung minggu kerepotankarena coach jeff pilih coret farhanred posisi hitter mumpuni main usaha memaksimalkandi sisi pencoretanfarhan halimjuga timbang matang posisi oh timvoliputra indonesia huni deret spiker baik liput boy arnez jordan michael susanto agil angga anggara fahri septian putratamajeff jiang jie percaya skuad timnas voli putra indonesia tahan medali emas edisi selenggara sea games sukses bawa pulang tanah airbaca jugakabar farhan halim coret timnas voli indonesia camat nagano tridentspendaftaran main terlambaterwin rusni cerita putus pilih main kendala skuad finaltimnas voli putra indonesiauntuksea games serah pbvsi oktober kemarinsementara pusat latih tctimnas voli putra indonesiabaru livoli timeline pbvsi aktif oktober tribunnewscom asisten pelatiherwin rusnimenjelaskan alas pencoretanfarhan halimdari skuadtimnas voli putra indonesiauntuksea games keteranganerwin rusni pencoretanfarhan halimmutlak dasar putus pelatihtimnas voli putra indonesiajeff jiang jie volimania tanah air bertanyatanya alasanfarhan halimdicoret skuad finaltimnas voli putra indonesiauntuksea games thailand desember farhan pandang salah outside hitter oh baik milik indonesia status abroad bela tim kasta tinggi liga voli jepang vc nagano tridents pencoretanfarhan halimmemang putus tangan latih jeff jiang jiered terang asisten pelatihtimnas voli putra indonesiaerwin rusni hubung tribunnews minggu sore wib asisten latih masuk plusminus main pilih sambung pria kuat jakarta sananta proliga erwin rusni mepet bergabungfarhan halimjuga timbang putus diambiljeff jiang jie paksa farhan bawa thailand sang voli gabung h caborvoliindoor tanding pusat latih keberadaanfarhan halimsangat butuh tc madu chemistry main farhan gabung minggu sea games volired kendala latih butuh main lengkap gabung minggu kerepot coach jeff pilih coret farhanred posisi hitter mumpuni main usaha maksimal sisi pencoretanfarhan halimjuga timbang matang posisi oh timvoliputra indonesia huni deret spiker baik liput boy arnez jordan michael susanto agil angga anggara fahri septian putratama jeff jiang jie percaya skuad timnas voli putra indonesia tahan medali emas edisi selenggara sea games sukses bawa pulang tanah air baca jugakabar farhan halim coret timnas voli indonesia camat nagano tridents erwin rusni cerita putus pilih main kendala skuad finaltimnas voli putra indonesiauntuksea games serah pbvsi oktober kemarin pusat latih tctimnas voli putra indonesiabaru livoli timeline pbvsi aktif oktober,ringkas beritajeff jiang jie aktor utama putus mencoretfarhan halimdari skuadtimnas voli putra indonesiadisea games gabung pusat latih alas mengapafarhan halimdicoretfarhan halim kompetisi liga voli jepang kuat vc nagano tridentstribunnewscom asisten pelatiherwin rusnimenjelaskan alas pencoretanfarhan halimdari skuadtimnas voli putra indonesiauntuksea games keteranganerwin rusni pencoretanfarhan halimmutlak dasar putus pelatihtimnas voli putra indonesiajeff jiang jievolimania tanah air bertanyatanya alasanfarhan halimdicoret skuad finaltimnas voli putra indonesiauntuksea games thailand desember nantifarhan pandang salah outside hitter oh baik milik indonesia status abroad bela tim kasta tinggi liga voli jepang vc nagano tridentssoal pencoretanfarhan halimmemang putus tangan latih jeff jiang jiered terang asisten pelatihtimnas voli putra indonesiaerwin rusni hubung tribunnews minggu sore wibkita asisten latih masuk plusminus main pilih sambung pria kuat jakarta sananta proliga erwin rusni mepet bergabungfarhan halimjuga timbang putus diambiljeff jiang jiejika paksa farhan bawa thailand sang voli gabung h caborvoliindoor tanding pusat latih keberadaanfarhan halimsangat butuh tc madu chemistry permainanselain farhan gabung minggu sea games volired kendalasaat latih butuh main lengkap gabung minggu kerepotankarena coach jeff pilih coret farhanred posisi hitter mumpuni main usaha memaksimalkandi sisi pencoretanfarhan halimjuga timbang matang posisi oh timvoliputra indonesia huni deret spiker baik liput boy arnez jordan michael susanto agil angga anggara fahri septian putratamajeff jiang jie percaya skuad timnas voli putra indonesia tahan medali emas edisi selenggara sea games sukses bawa pulang tanah airbaca jugakabar farhan halim coret timnas voli indonesia camat nagano tridentspendaftaran main terlambaterwin rusni cerita putus pilih main kendala skuad finaltimnas voli putra indonesiauntuksea games serah pbvsi oktober kemarinsementara pusat latih tctimnas voli putra indonesiabaru livoli timeline pbvsi aktif oktober tribunnewscom asisten pelatiherwin rusnimenjelaskan alas pencoretanfarhan halimdari skuadtimnas voli putra indonesiauntuksea games keteranganerwin rusni pencoretanfarhan halimmutlak dasar putus pelatihtimnas voli putra indonesiajeff jiang jie volimania tanah air bertanyatanya alasanfarhan halimdicoret skuad finaltimnas voli putra indonesiauntuksea games thailand desember farhan pandang salah outside hitter oh baik milik indonesia status abroad bela tim kasta tinggi liga voli jepang vc nagano tridents pencoretanfarhan halimmemang putus tangan latih jeff jiang jiered terang asisten pelatihtimnas voli putra indonesiaerwin rusni hubung tribunnews minggu sore wib asisten latih masuk plusminus main pilih sambung pria kuat jakarta sananta proliga erwin rusni mepet bergabungfarhan halimjuga timbang putus diambiljeff jiang jie paksa farhan bawa thailand sang voli gabung h caborvoliindoor tanding pusat latih keberadaanfarhan halimsangat butuh tc madu chemistry main farhan gabung minggu sea games volired kendala latih butuh main lengkap gabung minggu kerepot coach jeff pilih coret farhanred posisi hitter mumpuni main usaha maksimal sisi pencoretanfarhan halimjuga timbang matang posisi oh timvoliputra indonesia huni deret spiker baik liput boy arnez jordan michael susanto agil angga anggara fahri septian putratama jeff jiang jie percaya skuad timnas voli putra indonesia tahan medali emas edisi selenggara sea games sukses bawa pulang tanah air baca jugakabar farhan halim coret timnas voli indonesia camat nagano tridents erwin rusni cerita putus pilih main kendala skuad finaltimnas voli putra indonesiauntuksea games serah pbvsi oktober kemarin pusat latih tctimnas voli putra indonesiabaru livoli timeline pbvsi aktif oktober,Liga Spanyol,1,Liga Spanyol
"Sedap Sekali, Sucic","Petar Sucicmencetak gol debutnya untukInter Milan. Caranya pun tak biasa ketika Sucic menari-nari di pertahananFiorentina. Top! Inter menjamu Fiorentina di Giuseppe Meazza, Kamis (30/10/2025) dini hari WIB, pada pekan kesembilan Liga Italia. Ini jadi momen Inter untuk bangkit setelah kekalahan dari Napoli akhir pekan kemarin. Setelah berimbang tanpa gol di babak pertama, Inter memecah kebuntuan pada menit ke-66 lewat sepakan roket Hakan Calhanoglu dari luar kotak penalti. Sucic menggandakan keunggulan tiga menit berselang, sebelum penalti Calhanoglu di menit ke-88 memastikan kemenangan 3-0. SCROLL TO CONTINUE WITH CONTENT Bagi Sucic, ini adalah gol pertamanya sejak gabung Inter Juni lalu dan dia merayakannya penuh suka cita bareng rekan-rekan di sudut lapangan. Bahkan caranya mencetak gol juga tidak biasa.  Mendapat umpan pendek di depan kotak penalti, Sucic lepas dari kawalan pemain Fiorentina dan mengecoh Pietro Comuzzo sebelum menembak ke pojok kanan gawang David de Gea.  [Gambas:Twitter]   Selama 90 menit di lapangan, Sucic punya akurasi umpan 91 persen (42 dari 46 percobaan), lalu membuat satu peluang untuk rekannya, dan dua kali melepaskan tembakan. ""Senang sekali bisa mencetak gol pertama saya dan saya benar-benar bahagia. Saya bekerja keras untuk itu, tapi tentu saja yang terpenting adalah kami tampil bagus dan menang. Saya senang bisa bikin gol, tapi yang terpenting hasilnya,"" ujar Sucic di Football Italia.",Detik,liga_italia,tar sucicmencetak gol debut untukinter mil sucic menarinari pertahananfiorentina top inter jamu fiorentina giuseppe meazza kamis wib pekan sembilan liga italia momen inter bangkit kalah napoli pekan kemarin imbang gol babak inter pecah buntu menit pakan roket hak calhanoglu kotak penalti sucic ganda unggul menit selang penalti calhanoglu menit menang scroll to continue with content sucic gol pertama gabung inter juni raya penuh suka cita bareng rekanrekan sudut lapang cetak gol umpan pendek kotak penalti sucic lepas kawal main fiorentina kecoh pietro comuzzo tembak pojok kanan gawang david de gea gambastwitter menit lapang sucic akurasi umpan persen coba peluang rekan kali lepas tembak senang cetak gol benarbenar bahagia keras penting tampil bagus menang senang bikin gol penting hasil sucic football italia,tar sucicmencetak gol debut untukinter mil sucic menarinari pertahananfiorentina top inter jamu fiorentina giuseppe meazza kamis wib pekan sembilan liga italia momen inter bangkit kalah napoli pekan kemarin imbang gol babak inter pecah buntu menit pakan roket hak calhanoglu kotak penalti sucic ganda unggul menit selang penalti calhanoglu menit menang scroll to continue with content sucic gol pertama gabung inter juni raya penuh suka cita bareng rekanrekan sudut lapang cetak gol umpan pendek kotak penalti sucic lepas kawal main fiorentina kecoh pietro comuzzo tembak pojok kanan gawang david de gea gambastwitter menit lapang sucic akurasi umpan persen coba peluang rekan kali lepas tembak senang cetak gol benarbenar bahagia keras penting tampil bagus menang senang bikin gol penting hasil sucic football italia,Liga Italia,1,Liga Italia
Secercah Harapan buat Endrick,"Endrickmau cari klub baru,Real Madridbuka pintu buat dipinjamkan di Januari nanti.Lyonkabarnya tertarik! Endrick sudah gerah jadi cadangan, belum main semenit pun di awal musim ini. Pemain berusia 19 tahun itu butuh menit bermain demi amankan tempat di skuad Timnas Brasil buat Piala Dunia 2026 nanti.  SCROLL TO CONTINUE WITH CONTENT DilaporkanMarca,Real Madridkasih lampu hijau buatEndrickpergi. Madrid siap lepas Endrick di bursa transfer musim dingin 2026. Akan tetapi, Madrid cuma mau meminjamkan Endrick. Sang pemain nanti harus kembali ke Bernabeu.  Dikabarkan, klub asal PrancisLyontertarik meminjamEndrick.Apalagi, Lyon turut berlaga di Liga Europa. Sebelumnya, muncul kabar Endrick punya beberapa syarat bagi klub-klub peminat. Klub-klub itu harus berada di 5 Liga Top Eropa dan berkompetisi di Liga Champions atau Liga Europa. Lyon pun turut masih punya kans menembus papan atas Ligue 1. Lyon sedang mengoleksi 19 poin dari 10 laga dan duduk di peringkat kelima, minus dua poin dari PSG di puncak. Liga Prancis pun tidak asing dengan para pemain Brasil. Apa Endrick siap berkemas dan main di sana?",Detik,liga_spanyol,endrickmau cari klub barureal madridbuka pintu pinjam januari nantilyonkabarnya tarik endrick gerah cadang main menit musim main usia butuh menit main aman skuad timnas brasil piala dunia scroll to continue with content dilaporkanmarcareal madridkasih lampu hijau buatendrickpergi madrid lepas endrick bursa transfer musim dingin madrid pinjam endrick sang main bernabeu kabar klub prancislyontertarik meminjamendrickapalagi lyon laga liga europa muncul kabar endrick syarat klubklub minat klubklub liga top eropa kompetisi liga champions liga europa lyon kans tembus papan ligue lyon koleksi poin laga duduk peringkat minus poin psg puncak liga prancis asing main brasil endrick kemas main,endrickmau cari klub barureal madridbuka pintu pinjam januari nantilyonkabarnya tarik endrick gerah cadang main menit musim main usia butuh menit main aman skuad timnas brasil piala dunia scroll to continue with content dilaporkanmarcareal madridkasih lampu hijau buatendrickpergi madrid lepas endrick bursa transfer musim dingin madrid pinjam endrick sang main bernabeu kabar klub prancislyontertarik meminjamendrickapalagi lyon laga liga europa muncul kabar endrick syarat klubklub minat klubklub liga top eropa kompetisi liga champions liga europa lyon kans tembus papan ligue lyon koleksi poin laga duduk peringkat minus poin psg puncak liga prancis asing main brasil endrick kemas main,Liga Spanyol,1,Liga Spanyol
"Madrid Vs Valencia: Mbappe Brace, El Real Menang 4-0","Real Madridmenang 4-0 atasValenciadi kandang.Kylian Mbappebikin brace pada laga ini. Real Madrid menghadapi Valencia pada laga lanjutan LaLiga di Santiago Bernabeu, Minggu (2/11/2025).Jude Bellingham mencoba mengancam di awal laga. Namun, tembakannya dari sudut sempit masih bisa dibendung Julen Agirrezabala. Madrid mendapatkan hadiah penalti di menit ke-18. Wasit menunjuk titik putih usai Kylian Mbappe yang berusaha menjangkau sepak pojok ditarik oleh Diego Lopez. SCROLL TO CONTINUE WITH CONTENT Mbappe yang maju sebagai eksekutor menjalankan tugasnya dengan baik. Sepakannya ke arah kiri mengecoh Agirrezabala. El Real menggandakan keunggulan pada menit ke-31. Arda Guler terbebas di sisi kiri.  Guler mengirim umpan silang yang bisa dituntaskan Mbappe dengan sepaka voli. Mbappe bikin brace bawa Los Blancos unggul 2-0. Pada menit ke-42, Madrid kembali dapat penalti. Penalti diberikan usai Thierry Correra mengadang Alvaro Carreras. Vinicius Jr kali ini yang menendang penalti. Sepakan penalti Vinicius ke arah kanan bisa ditepis oleh Agirrezabala. Dua menit setelah kegagalan penalti ini, Madrid bisa bikin gol ketiga. Jude Bellingham beraksi di sisi kiri pertahanan Valencia. Ia bisa berkelit melewati hadangan pemain lawan. Pemain asal Inggris ini lalu melepas tembakan dari tepi kotak penalti yang menghujam pojok kiri gawang Valencia. Skor 3-0 untuk Madrid bertahan hingga babak pertama tuntas. Selepas jeda, Madrid menambah satu gol. Gol keempat Madrid lahir di menit ke-82. Alavaro Carreras menerobos lini belakang Valencia di sisi kiri. Ia melepas sepakan keras ke pojok kiri gawang yang tak terbendung Agirrezabala. Madrid menang 4-0. Kemenangan ini bikin tuan rumah semakin kukuh di puncak klasemen LaLiga. Madrid di urutan teratas dengan 30 poin. Sementara, Valencia terbenam di peringkat ke-18 dengan baru meraih sembilan poin. Susunan Pemain Real Madrid:Courtois, Fede Valverde, Militao, Huijsen, Carreras, Tchouameni, Arda Güler, Bellingham, Mastantuono, Vinicius, Mbappé. Valencia:Agirrezabala, Thierry, Tarrega, Copete, Gaya, Pepelu, Guerra, Rioja, Lopez, Beltran, Danjuma.",Detik,liga_spanyol,real madridmenang atasvalenciadi kandangkylian mbappebikin brace laga real madrid hadap valencia laga lanjut laliga santiago bernabeu minggu jude bellingham coba ancam laga tembak sudut sempit bendung julen agirrezabala madrid hadiah penalti menit wasit titik putih kylian mbappe usaha jangkau sepak pojok tarik ego lopez scroll to continue with content mbappe maju eksekutor jalan tugas pakan arah kiri kecoh agirrezabala el real ganda unggul menit arda guler bebas sisi kiri guler kirim umpan silang tuntas mbappe sepaka voli mbappe bikin brace bawa los blancos unggul menit madrid penalti penalti thierry correra adang alvaro carreras vinicius jr kali tendang penalti pakan penalti vinicius arah kanan tepis agirrezabala menit gagal penalti madrid bikin gol tiga jude bellingham aksi sisi kiri tahan valencia kelit lewat hadangan main lawan main inggris lepas tembak tepi kotak penalti menghujam pojok kiri gawang valencia skor madrid tahan babak tuntas lepas jeda madrid tambah gol gol empat madrid lahir menit alavaro carreras terobos lini valencia sisi kiri lepas pakan keras pojok kiri gawang bendung agirrezabala madrid menang menang bikin tuan rumah kukuh puncak klasemen laliga madrid urut atas poin valencia benam peringkat raih sembilan poin susun main real madridcourtois fede valverde militao huijsen carreras tchouameni arda gler bellingham mastantuono vinicius mbapp valenciaagirrezabala thierry tarrega copete gaya pepelu guerra rioja lopez beltran danjuma,real madridmenang atasvalenciadi kandangkylian mbappebikin brace laga real madrid hadap valencia laga lanjut laliga santiago bernabeu minggu jude bellingham coba ancam laga tembak sudut sempit bendung julen agirrezabala madrid hadiah penalti menit wasit titik putih kylian mbappe usaha jangkau sepak pojok tarik ego lopez scroll to continue with content mbappe maju eksekutor jalan tugas pakan arah kiri kecoh agirrezabala el real ganda unggul menit arda guler bebas sisi kiri guler kirim umpan silang tuntas mbappe sepaka voli mbappe bikin brace bawa los blancos unggul menit madrid penalti penalti thierry correra adang alvaro carreras vinicius jr kali tendang penalti pakan penalti vinicius arah kanan tepis agirrezabala menit gagal penalti madrid bikin gol tiga jude bellingham aksi sisi kiri tahan valencia kelit lewat hadangan main lawan main inggris lepas tembak tepi kotak penalti menghujam pojok kiri gawang valencia skor madrid tahan babak tuntas lepas jeda madrid tambah gol gol empat madrid lahir menit alavaro carreras terobos lini valencia sisi kiri lepas pakan keras pojok kiri gawang bendung agirrezabala madrid menang menang bikin tuan rumah kukuh puncak klasemen laliga madrid urut atas poin valencia benam peringkat raih sembilan poin susun main real madridcourtois fede valverde militao huijsen carreras tchouameni arda gler bellingham mastantuono vinicius mbapp valenciaagirrezabala thierry tarrega copete gaya pepelu guerra rioja lopez beltran danjuma,Liga Spanyol,1,Liga Spanyol
Spalletti: Semoga Juventus Bisa Ikut Perebutan Scudetto,"Luciano Spallettiberjanji mengembalikanJuventusdalam persaingan Scudetto. Sebab, musim masih panjang sehingga apapun bisa terjadi. Spalletti baru saja diresmikan sebagai pelatih baru Juventus menggantikan Igor Tudor yang dipecat awal pekan ini, setelah performa buruk tim di awal musim. Spalletti dikontrak sampai akhir tahun. Spalletti akan diperpanjang sampai 2027 jika mampu membawa Juventus finis empat besar. Tapi, empat besar saja tidak cukup untuk Spalletti karena dia yakin Juventus bisa lebih dari itu. SCROLL TO CONTINUE WITH CONTENT Sebab, Juventus punya skuad yang mumpuni untuk bersaing memperebutkan Scudetto. Apalagi dengan 29 partai tersisa, Juventus masih berpeluang untuk menyalip tim-tim di atasnya.  Saat ini Juventus ada di posisi ketujuh klasemen Serie A dengan 15 poin dari sembilan laga, selisih enam poin dari Napoli di puncak dan tiga poin dari AC Milan di urutan keempat. ""Saya harap saya bisa membawa tim ini bangkit dan bersaing memperebutkan Scudetto. Itulah yang kami bicarakan dengan pemain kemarin. Kami harus punya target tinggi dan dalam hal ini target utama adalah persaingan juara. Baru sembilan laga berlalu, masih ada 29 lagi,"" ujar Spalletti di Football-Italia. ""Saya sudah melihat banyak hal selama 30 tahun karier saya. Saya rasa saya tidak boleh cepat puas. Saya jelas menghormati kualitas pemain di sini.""",Detik,liga_italia,luciano spallettiberjanji mengembalikanjuventusdalam saing scudetto musim apa spalletti resmi latih juventus ganti igor tudor pecat pekan performa buruk tim musim spalletti kontrak spalletti panjang bawa juventus finis spalletti juventus scroll to continue with content juventus skuad mumpuni saing rebut scudetto partai sisa juventus peluang salip timtim atas juventus posisi tujuh klasemen serie a poin sembilan laga selisih enam poin napoli puncak poin ac mil urut empat harap bawa tim bangkit saing rebut scudetto bicara main kemarin target target utama saing juara sembilan laga spalletti footballitalia karier cepat puas hormat kualitas main,luciano spallettiberjanji mengembalikanjuventusdalam saing scudetto musim apa spalletti resmi latih juventus ganti igor tudor pecat pekan performa buruk tim musim spalletti kontrak spalletti panjang bawa juventus finis spalletti juventus scroll to continue with content juventus skuad mumpuni saing rebut scudetto partai sisa juventus peluang salip timtim atas juventus posisi tujuh klasemen serie a poin sembilan laga selisih enam poin napoli puncak poin ac mil urut empat harap bawa tim bangkit saing rebut scudetto bicara main kemarin target target utama saing juara sembilan laga spalletti footballitalia karier cepat puas hormat kualitas main,Liga Italia,1,Liga Italia
"Cagliari Vs Sassuolo: Jay Idzes Main Penuh, I Neroverdi Menang 2-1","Jay Idzesmain penuh saat Sassuolo melawat ke markas Cagliari. I Neroverdi menang 2-1 dalam lanjutan Serie A itu. Cagliari vs Sassuolo digelar di Unipol Domus, Cagliari, Jumat (31/10/2025) dini hari WIB. Jay Idzes jadi starter di lini belakang tim tamu. Di laga itu, Idzes bisa menjaga lini belakang Sassulo dengan apik. Meski digempur Cagliari sejak awal, tim asuhan Fabio Grosso mampu bertahan dengan apik. SCROLL TO CONTINUE WITH CONTENT Hingga babak pertama tuntas, skor 0-0 bisa bertahan. Pada babak kedua, Sassuolo malah bisa unggul atas Cagliari. Armand Lauriente membawa keunggulan 1-0 untukSassuolopada menit ke-54. Tendangan bebasnya langsung masuk ke gawangCagliari. Cagliari coba menekan, namun upayanya bisa diredam barisan belakang Sassuolo. Jay Idzes beberapa kali menyapu tiap bola yang datang. Gol kedua kemudian dicetak Sassuolo pada menit ke-65. Andrea Pinamonti melesakkan bola ke gawang Cagliari lewat serangan yang dibangun rekan-rekannya. Skor menjadi 2-0. Cagliari kemudian menipiskan ketertinggalan di menit ke-73. Sebastian Esposito merobek gawang Aro Muric. Skor menjadi 1-2. Di sisa waktu, Sassuolo bisa menjaga keunggulannya dengan baik. Cagliari sulit menambah golnya, dan akhirnya tetap kalah sampai laga tuntas. Kemenangan membuatSassuolosementara berada di peringkat 10 klasemen Serie A dengan 13 poin. SementaraCagliaritertahan di posisi 14 dengan 9 poin dari 9 laga.  Susunan Pemain Cagliari: Elia Caprile, Ze Pedro, Adam Obert, Gabriele Zappa (Mattia Felici 62'), Michael Folorunsho (Gianluca Gaetano 62'), Michel Adopo (Luca Mazzitelli 84'), Matteo Prati, Riyad Idrissi, Marco Palestra, Sebastiano Esposito (Zito Luvumbo 83'u), Gennaro Borrelli (Leonardo Pavoletti 76') Sassuolo: Aro Muric, Fali Cande, Jay Idzes, Woyo Coulibaly, Sebastian Walukiewicz, Nemanja Matic, Ismael Konate (Edoardo Iannoni 85'), Kristian Thorstvedt (Aster Vranckx 74'), Andrea Pinamonti (Luca Moro 74'), Armand Lauriente (Alieu Fadera 74'), Cristian Volpato (Walid Cheddira 85')",Detik,liga_italia,jay idzesmain penuh sassuolo lawat markas cagliari i neroverdi menang lanjut serie a cagliari vs sassuolo gelar unipol domus cagliari jumat wib jay idzes starter lini tim tamu laga idzes jaga lini sassulo apik gempur cagliari tim asuh fabio grosso tahan apik scroll to continue with content babak tuntas skor tahan babak sassuolo unggul cagliari armand lauriente bawa unggul untuksassuolopada menit tendang bebas langsung masuk gawangcagliari cagliari coba tekan upaya redam baris sassuolo jay idzes kali sapu bola gol cetak sassuolo menit andrea pinamonti lesak bola gawang cagliari serang bangun rekanrekannya skor cagliari nipis tinggal menit sebastian esposito robek gawang aro muric skor sisa sassuolo jaga unggul cagliari sulit tambah gol kalah laga tuntas menang membuatsassuolosementara peringkat klasemen serie a poin sementaracagliaritertahan posisi poin laga susun main cagliari elia caprile ze pedro adam obert gabriele zappa mattia felici michael folorunsho gianluca gaetano michel adopo luca mazzitelli matteo prati riyad idrissi marco palestra sebastiano esposito zito luvumbo u gennaro borrelli leonardo pavoletti sassuolo aro muric fali cande jay idzes woyo coulibaly sebastian walukiewicz nemanja matic ismael konate edoardo iannoni kristian thorstvedt aster vranckx andrea pinamonti luca moro armand lauriente alieu fadera cristian volpato walid cheddira,jay idzesmain penuh sassuolo lawat markas cagliari i neroverdi menang lanjut serie a cagliari vs sassuolo gelar unipol domus cagliari jumat wib jay idzes starter lini tim tamu laga idzes jaga lini sassulo apik gempur cagliari tim asuh fabio grosso tahan apik scroll to continue with content babak tuntas skor tahan babak sassuolo unggul cagliari armand lauriente bawa unggul untuksassuolopada menit tendang bebas langsung masuk gawangcagliari cagliari coba tekan upaya redam baris sassuolo jay idzes kali sapu bola gol cetak sassuolo menit andrea pinamonti lesak bola gawang cagliari serang bangun rekanrekannya skor cagliari nipis tinggal menit sebastian esposito robek gawang aro muric skor sisa sassuolo jaga unggul cagliari sulit tambah gol kalah laga tuntas menang membuatsassuolosementara peringkat klasemen serie a poin sementaracagliaritertahan posisi poin laga susun main cagliari elia caprile ze pedro adam obert gabriele zappa mattia felici michael folorunsho gianluca gaetano michel adopo luca mazzitelli matteo prati riyad idrissi marco palestra sebastiano esposito zito luvumbo u gennaro borrelli leonardo pavoletti sassuolo aro muric fali cande jay idzes woyo coulibaly sebastian walukiewicz nemanja matic ismael konate edoardo iannoni kristian thorstvedt aster vranckx andrea pinamonti luca moro armand lauriente alieu fadera cristian volpato walid cheddira,Liga Italia,1,Liga Italia
"Union Berlin Vs Bayern: Imbang 2-2, Laju Sempurna Die Roten Terhenti","Rentetan kemenanganBayern Munichdi musim 2025/2026 terhenti di tanganUnion Berlin. Bayern harus puas dengan hasil seri 2-2 usai dua kali tertinggal. LagaUnion Berlin vs Bayerndi pekan ke-10Bundesligadigelar di Stadion An der Alten Forsterei, Berlin, Sabtu (8/11/2025) malam WIB. Bayern datang dengan catatan 16 kemenangan beruntun di semua kompetisi sejak awal musim. Union Berlin sempat menjebol gawang Bayern pada menit kesembilan lewat sundulan Ilyas Ansah usai memanfaatkan sepak pojok. Namun, setelah mengecek VAR, wasit menganulir gol tersebut karena offside. SCROLL TO CONTINUE WITH CONTENT Gawang Bayern akhirnya benar-benar bobol pada menit ke-27. Berawal dari sepak pojok Janik Haberer, Danilho Doekhi yang ada di kotak penalti lantas melepaskan tembakan mendatar. Kiper Bayern Manuel Neuer gagal menangkap dengan sempurna dan bola masuk ke gawang.  Bayern mencetak gol balasan pada menit ke-38 lewat Luis Diaz. Dari sudut sempit di sisi kiri kotak penalti Union Berlin, Luis Diaz melepaskan tembakan dengan kanannya. Luis Diaz menyia-nyiakan sebuah peluang bagus pada menit ke-45. Meski tinggal menghadapi kiper Union Berlin, Luis Diaz gagal mengarahkan sepakannya ke gawang. Pada injury time, Harry Kane sempat membobol gawang Union Berlin. Namun, gol tidak disahkan wasit karena Kane lebih dulu berada dalam posisi offside. Union Berlin kembali memimpin pada menit ke-83. Danilho Doekhi menyambar bola rebound untuk menjebol gawang Neuer.  Bayern lantas selamat dari kekalahan berkat gol Kane pada injury time. Kane menanduk bola umpan silang Tom Bischof untuk mengubah skor menjadi 2-2. Dengan hasil ini, Bayern masih nyaman di puncak klasemen Liga Jerman dengan 28 poin dari 10 laga. Sementara Union Berlin ada di urutan ke-10 dengan 12 poin. Susunan Pemain Union Berlin: Ronnow, Haberer (Juranovic 70'), Doekhi, Querfeld, Diogo Leite, Rothe (Kohn 78'), Burke (Jeong 78'), Khedira, Kemlein (Kral 70'), Schafer, Ansah (Skarke 78') Bayern Munich: Neuer, Laimer (Bischof 80'), Upamecano, Tah, Stanisic, Kimmich, Goretzka (Pavlovic 80'), Olise, Gnabry (Karl 59'), Luis Diaz, Kane",Detik,liga_spanyol,rentet kemenanganbayern munichdi musim henti tanganunion lin bayern puas hasil seri kali tinggal lagaunion lin vs bayerndi pekan kebundesligadigelar stadion an der alten forsterei lin sabtu malam wib bayern catat menang untun kompetisi musim union lin jebol gawang bayern menit sembilan sundul ilyas ansah manfaat sepak pojok ecek var wasit anulir gol offside scroll to continue with content gawang bayern benarbenar bobol menit sepak pojok janik haberer danilho doekhi kotak penalti lantas lepas tembak datar kiper bayern manuel neuer gagal tangkap sempurna bola masuk gawang bayern cetak gol balas menit luis diaz sudut sempit sisi kiri kotak penalti union lin luis diaz lepas tembak kanan luis diaz menyianyiakan peluang bagus menit tinggal hadap kiper union lin luis diaz gagal arah pakan gawang injury time harry kane bobol gawang union lin gol sah wasit kane posisi offside union lin pimpin menit danilho doekhi sambar bola rebound jebol gawang neuer bayern lantas selamat kalah berkat gol kane injury time kane tanduk bola umpan silang tom bischof ubah skor hasil bayern nyaman puncak klasemen liga jerman poin laga union lin urut poin susun main union lin ronnow haberer juranovic doekhi querfeld diogo leite rothe kohn burke jeong khedira kemlein kral schafer ansah skarke bayern munich neuer laimer bischof upamecano tah stanisic kimmich goretzka pavlovic olise gnabry karl luis diaz kane,rentet kemenanganbayern munichdi musim henti tanganunion lin bayern puas hasil seri kali tinggal lagaunion lin vs bayerndi pekan kebundesligadigelar stadion an der alten forsterei lin sabtu malam wib bayern catat menang untun kompetisi musim union lin jebol gawang bayern menit sembilan sundul ilyas ansah manfaat sepak pojok ecek var wasit anulir gol offside scroll to continue with content gawang bayern benarbenar bobol menit sepak pojok janik haberer danilho doekhi kotak penalti lantas lepas tembak datar kiper bayern manuel neuer gagal tangkap sempurna bola masuk gawang bayern cetak gol balas menit luis diaz sudut sempit sisi kiri kotak penalti union lin luis diaz lepas tembak kanan luis diaz menyianyiakan peluang bagus menit tinggal hadap kiper union lin luis diaz gagal arah pakan gawang injury time harry kane bobol gawang union lin gol sah wasit kane posisi offside union lin pimpin menit danilho doekhi sambar bola rebound jebol gawang neuer bayern lantas selamat kalah berkat gol kane injury time kane tanduk bola umpan silang tom bischof ubah skor hasil bayern nyaman puncak klasemen liga jerman poin laga union lin urut poin susun main union lin ronnow haberer juranovic doekhi querfeld diogo leite rothe kohn burke jeong khedira kemlein kral schafer ansah skarke bayern munich neuer laimer bischof upamecano tah stanisic kimmich goretzka pavlovic olise gnabry karl luis diaz kane,Liga Spanyol,1,Liga Spanyol
Piala Dunia U-17 2025: Indonesia Rapuh Banget di Babak Pertama,"Timnas Indonesiasudah kebobolan banyak gol diPiala Dunia U-17 2025. Garuda Muda rapuh banget saat paruh pertama laga. Dalam dua pertandingan, Indonesia kebobolan tujuh gol. Pada pertandingan pertama, Indonesia kalah 1-3 dari Zambia, lalu digilas oleh Brasil 0-4. Indonesia rapuh banget saat babak pertama. Gawang tim asuhan Nova Arianto itu kebobolan sebanyak enam kali. SCROLL TO CONTINUE WITH CONTENT  Rinciannya, Indonesia kebobolan dalam rentang menit ke-1 sampai ke-15 sebanyak sekali. Paling banyak, Indonesia kebobolan pada rentang menit ke-31 sampai ke-45 dengan torehan lima gol. Satu gol masuk ke gawangIndonesiapada menit ke-61 sampai menit ke-75. Indonesia bersih dari kebobolan pada menit ke-16 sampai menit ke-30, menit ke-46 sampai menit ke-60, dan menit ke-76 sampai menit ke-90. Indonesia bisa mencetak satu gol di Piala Dunia U-17 2025. Zahaby Gholy pencetak golnya, yang dikemas saat pertandingan melawan Zambia. Rincian gol ke gawang Indonesia di Piala Dunia U-17 2025 bisa dilihat di bawah ini.  Jumlah Gol: 7Babak I: 6Babak II: 1Menit Gol 1-15: 1Menit Gol 16-30: 0Menit Gol 31-45: 5Menit Gol 46-60: 0Menit Gol 61-75: 1Menit Gol 76-90: 0",Detik,liga_inggris,timnas indonesiasudah bobol gol piala dunia u garuda muda rapuh banget paruh laga tanding indonesia bobol tujuh gol tanding indonesia kalah zambia gilas brasil indonesia rapuh banget babak gawang tim asuh nova arianto bobol enam kali scroll to continue with content rinciannya indonesia bobol rentang menit indonesia bobol rentang menit toreh gol gol masuk gawangindonesiapada menit menit indonesia bersih bobol menit menit menit menit menit menit indonesia cetak gol piala dunia u zahaby gholy cetak gol kemas tanding lawan zambia rincian gol gawang indonesia piala dunia u gol babak i babak ii menit gol menit gol menit gol menit gol menit gol menit gol,timnas indonesiasudah bobol gol piala dunia u garuda muda rapuh banget paruh laga tanding indonesia bobol tujuh gol tanding indonesia kalah zambia gilas brasil indonesia rapuh banget babak gawang tim asuh nova arianto bobol enam kali scroll to continue with content rinciannya indonesia bobol rentang menit indonesia bobol rentang menit toreh gol gol masuk gawangindonesiapada menit menit indonesia bersih bobol menit menit menit menit menit menit indonesia cetak gol piala dunia u zahaby gholy cetak gol kemas tanding lawan zambia rincian gol gawang indonesia piala dunia u gol babak i babak ii menit gol menit gol menit gol menit gol menit gol menit gol,Liga Inggris,1,Liga Inggris
Rekor Penalti Sempurna Paulo Dybala di AS Roma Terhenti,"Paulo Dybalatak pernah gagal mencetak gol penalti sejak gabung keAS Roma. Rekor tersebut terhenti di tangan kiperAC Milan, Mike Maignan. AS Roma menelan kekalahan pada giornata kesepuluhLiga Italia, Senin (3/11/2025). Il Lupi menyerah dari Rossoneri 0-1 dalam laga yang berlangsung di San Siro. Tim tamu sedianya punya kans emas menyamakan kedudukan di menit ke-82. AS Roma mendapat hadiah tendangan penalti menyusul handball pemain Milan, Youssouf Fofana, di kotak terlarang. SCROLL TO CONTINUE WITH CONTENT  Paulo Dybala maju sebagai eksekutor penalti AS Roma. Bola tembakan penaltinya bisa ditepis dengan sempurna oleh Mike Maignan, sekaligus menggagalkan asa Roma mencetak gol. Itu menjadi kegagalan penalti pertama Dybala bersama AS Roma. Pemain asal Argentina ini sebelumnya selalu mencetak gol dari titik putih dari 18 kesempatan sejak gabung ke Roma pada 2022. Kali terakhir Dybala gagal mencetak penalti sebelum menghadapi AC Milan adalah tahun 2021.La Joyakala itu masih membela Juventus saat eksekusi 12 pasnya gagal jadi gol ke gawang Salernitana.  📸 - PAULO DYBALA HAS MISSED THE PENALTY VS AC MILAN!pic.twitter.com/9QvkzUYvb5  Paulo Dybala tak hanya gagal mencetak gol penalti ke gawang AC Milan, tapi juga dihantam cedera setelahnya. Pelatih AS Roma, Gian Piero Gasperini, menyesalkan cedera yang didapat pemainnya itu. ""Hal terburuk dari semua penalti adalah Dybala cedera. Sekarang kita perlu melihat berapa lama dia akan absen, terutama sampai setelah jeda internasional. Ini adalah kehilangan terbesar malam ini,"" kata Gasperini usai lagaAC Milan vs AS Roma, dilansir dariFootball Italia.",Detik,liga_italia,paulo dybalatak gagal cetak gol penalti gabung keas roma rekor henti tangan kiperac mil mike maignan as roma tel kalah giornata kesepuluhliga italia senin il lupi serah rossoneri laga san siro tim tamu sedia kans emas sama duduk menit as roma hadiah tendang penalti susul handball main mil youssouf fofana kotak larang scroll to continue with content paulo dybala maju eksekutor penalti as roma bola tembak penalti tepis sempurna mike maignan gagal asa roma cetak gol gagal penalti dybala as roma main argentina cetak gol titik putih sempat gabung roma kali dybala gagal cetak penalti hadap ac mil la joyakala bela juventus eksekusi pas gagal gol gawang salernitana paulo dybala has missed the penalty vs ac milanpictwittercomqvkzuyvb paulo dybala gagal cetak gol penalti gawang ac mil hantam cedera telah latih as roma gian piero gasperini sesal cedera main buruk penalti dybala cedera absen jeda internasional hilang besar malam gasperini lagaac mil vs as roma lansir darifootball italia,paulo dybalatak gagal cetak gol penalti gabung keas roma rekor henti tangan kiperac mil mike maignan as roma tel kalah giornata kesepuluhliga italia senin il lupi serah rossoneri laga san siro tim tamu sedia kans emas sama duduk menit as roma hadiah tendang penalti susul handball main mil youssouf fofana kotak larang scroll to continue with content paulo dybala maju eksekutor penalti as roma bola tembak penalti tepis sempurna mike maignan gagal asa roma cetak gol gagal penalti dybala as roma main argentina cetak gol titik putih sempat gabung roma kali dybala gagal cetak penalti hadap ac mil la joyakala bela juventus eksekusi pas gagal gol gawang salernitana paulo dybala has missed the penalty vs ac milanpictwittercomqvkzuyvb paulo dybala gagal cetak gol penalti gawang ac mil hantam cedera telah latih as roma gian piero gasperini sesal cedera main buruk penalti dybala cedera absen jeda internasional hilang besar malam gasperini lagaac mil vs as roma lansir darifootball italia,Liga Italia,1,Liga Italia
"Rumor Terliar Real Madrid: Vinicius Out, Erling Haaland In","Muncul rumor tergila dariReal Madrid.Madrid siap jualVinicius Jrlalu beli Erling Haaland. Akankah kejadian? Dirangkum dari media-media Spanyol, belum ada kata sepakat soal perpanjangan kontrak antaraVinicius JrdanReal Madrid.Kontrak sang winger akan habis di musim panas 2027.  SCROLL TO CONTINUE WITH CONTENT Vinicius Jrsudah beberapa kali ngomel-ngomel ketika diganti pemain lain saat pertandingan. Hubungannya dengan pelatih Xabi Alonso diyakini belum sepenuhnya membaik. Real Madrid butuh pemain berusia 25 tahun itu buru-buru teken kontrak baru. Tapi masalah kenaikan gaji yang diminta Vini, dinilai memberatkan pihak klub. Los Blancos akan ambil langkah tegas. Jika Vini belum juga perpanjangan kontrak pada musim dingin Januari 2026 nanti maka siap-siap dijual. Kabarnya, Madrid akan buka harga mulai dari 200 juta Euro atau setara Rp 3,8 triliun!  Rumor lain menyebut,Real MadridmemantauErling Haaland.Madrid punya mimpi duetkan Mbappe-Haaland di lini serang! Haaland merupakan sosok pemain 'nomor 9' alias penyerang tengah. Andai Haaland datang, maka dirinya akan disokong oleh Kylian Mbappe atau Guler/Mastantuono di kanan-kirinya. Haaland gosipnya tertarik pindah ke Madrid. Namun tentu, Madrid butuh modal besar untuk mendapatkannya.  Erling Haalandmasih punya kontra sampai musim panas 2034 di Manchester City. Nilai pasarnya ada di angka 180 juta Euro atau setara Rp 3,4 triliun dan City enggan melepasnya. Andai Vinicius laku dengan harga yang Real Madrid mau, maka Madrid punya modal buat angkut Haaland. Akankah rumor ini kejadian nanti?",Detik,liga_spanyol,muncul rumor gila darireal madridmadrid jualvinicius jrlalu beli erling haaland jadi rangkum mediamedia spanyol sepakat panjang kontrak antaravinicius jrdanreal madridkontrak sang winger habis musim panas scroll to continue with content vinicius jrsudah kali ngomelngomel ganti main tanding hubung latih xabi alonso yakin sepenuh baik real madrid butuh main usia buruburu teken kontrak naik gaji vini nilai berat klub los blancos ambil langkah vini panjang kontrak musim dingin januari siapsiap jual kabar madrid buka harga juta euro tara rp triliun rumor menyebutreal madridmemantauerling haalandmadrid mimpi duet mbappehaaland lini serang haaland sosok main nomor alias serang andai haaland sokong kylian mbappe gulermastantuono kanankirinya haaland gosip tarik pindah madrid madrid butuh modal dapat erling haalandmasih kontra musim panas manchester city nilai pasar angka juta euro tara rp triliun city enggan lepas andai vinicius laku harga real madrid madrid modal angkut haaland rumor jadi,muncul rumor gila darireal madridmadrid jualvinicius jrlalu beli erling haaland jadi rangkum mediamedia spanyol sepakat panjang kontrak antaravinicius jrdanreal madridkontrak sang winger habis musim panas scroll to continue with content vinicius jrsudah kali ngomelngomel ganti main tanding hubung latih xabi alonso yakin sepenuh baik real madrid butuh main usia buruburu teken kontrak naik gaji vini nilai berat klub los blancos ambil langkah vini panjang kontrak musim dingin januari siapsiap jual kabar madrid buka harga juta euro tara rp triliun rumor menyebutreal madridmemantauerling haalandmadrid mimpi duet mbappehaaland lini serang haaland sosok main nomor alias serang andai haaland sokong kylian mbappe gulermastantuono kanankirinya haaland gosip tarik pindah madrid madrid butuh modal dapat erling haalandmasih kontra musim panas manchester city nilai pasar angka juta euro tara rp triliun city enggan lepas andai vinicius laku harga real madrid madrid modal angkut haaland rumor jadi,Liga Spanyol,1,Liga Spanyol
Cremonese Vs Juventus: Bianconeri Menang 2-1 di Debut Spalletti,"Juventusmenandai era barunya bersamaLuciano Spallettidengan kemenangan atasCremonese. Juventus mengalahkan Emil Audero dkk. dengan skor 2-1. LagaCremonese vs Juventusdi pekan ke-10Serie Adigelar di Stadio Giovanni Zini, Minggu (2/11/2025) dini hari WIB. Ini jadi pertandingan pertama Juventus bersama Spalletti di kursi pelatih usai Igor Tudor dipecat. Filip Kostic membawa Juventus unggul cepat di awal babak pertama. Pada paruh kedua, Andrea Cambiaso menambah gol Juventus sebelum Jamie Vardy menipiskan skor untuk Cremonese. SCROLL TO CONTINUE WITH CONTENT Dengan kemenangan ini, Juventus naik ke peringkat kelimaklasemen Liga Italiadengan 18 poin dari 10 laga. Sementara Cremonese ada di urutan kesembilan dengan 14 poin.  Jalannya Pertandingan Juventus sudah membuka keunggulan saat pertandingan baru berjalan 85 detik. Filip Kostic mencetak gol pertama Juventus di era Spalletti. Gol ini berawal dari umpan tumit Lois Openda di kotak penalti yang dimaksudkan oleh Dusan Vlahovic. Namun, bola mengenai pemain Cremonese dan mengarah ke Kostic yang ada di tiang jauh. Tak terkawal, Kostic langsung melesakkan bola ke gawang. Terus memberikan tekanan, Juventus mendapat peluang lewat Vlahovic yang menggiring bola dari lapangan tengah. Tendangannya kemudian memaksaEmil Auderomelakukan penyelamatan. Juventus nyaris menambah gol pada menit ke-26. Tendangan Manuel Locatelli ditepis Audero dan bola membentur tiang gawang.  Memasuki babak kedua, Cremonese yang tertinggal satu gol mencoba mengambil inisiatif menyerang. Tembakan Jari Vandeputte membuat Michele Di Gregorio melakukan penyelamatan. Juventus menggandakan keunggulannya pada menit ke-68. Kali ini giliran Andrea Cambiaso yang membobol gawang Audero. Gol ini berawal dari umpan tarik Francisco Conceicao yang mengenai pemain Cremonese. Bola muntah langsung disambar oleh Cambiaso dan jadi gol. Cremonese memperkecil ketertinggalan pada menit ke-83. Umpan lambung Dennis Johnsen jatuh ke kaki Jamie Vardy. Vardy mampu melepaskan diri dari kawalan Gatti dan masuk ke kotak penalti untuk menaklukkan Di Gregorio. Susunan Pemain Cremonese: Audero; Terracciano (Johnsen 81'), Baschirotto, Bianchetti; Barbieri, Payero, Bondo (Sarmiento 62'), Vandeputte, Floriani Mussolini (Vazquez 71'); Bonazzoli (Faye 71'), Vardy Juventus: Di Gregorio; McKennie (Rugani 85'), Kalulu, Gatti, Cambiaso; Koopmeiners, Locatelli, K Thuram (Joao Mario 79'); Openda (Conceicao 64'), Vlahovic (David 85'), Kostic (Adzic 79')",Detik,liga_italia,juventusmenandai era baru bersamaluciano spallettidengan menang atascremonese juventus kalah emil audero dkk skor lagacremonese vs juventusdi pekan keserie adigelar stadio giovanni zini minggu wib tanding juventus spalletti kursi latih igor tudor pecat filip kostic bawa juventus unggul cepat babak paruh andrea cambiaso tambah gol juventus jamie vardy nipis skor cremonese scroll to continue with content menang juventus peringkat kelimaklasemen liga italiadengan poin laga cremonese urut sembilan poin jalan tanding juventus buka unggul tanding jalan detik filip kostic cetak gol juventus era spalletti gol umpan tumit lois openda kotak penalti dus vlahovic bola main cremonese arah kostic tiang kawal kostic langsung lesak bola gawang tekan juventus peluang vlahovic giring bola lapang tendang memaksaemil auderomelakukan selamat juventus tambah gol menit tendang manuel locatelli tepis audero bola bentur tiang gawang pasuk babak cremonese tinggal gol coba ambil inisiatif serang tembak jari vandeputte michele gregorio selamat juventus ganda unggul menit kali gilir andrea cambiaso bobol gawang audero gol umpan tarik francisco conceicao main cremonese bola muntah langsung sambar cambiaso gol cremonese kecil tinggal menit umpan lambung dennis johnsen jatuh kaki jamie vardy vardy lepas kawal gatti masuk kotak penalti takluk gregorio susun main cremonese audero terracciano johnsen baschirotto bianchetti barbieri payero bondo sarmiento vandeputte floriani mussolini vazquez bonazzoli faye vardy juventus gregorio mckennie rugani kalulu gatti cambiaso koopmeiners locatelli k thuram joao mario openda conceicao vlahovic david kostic adzic,juventusmenandai era baru bersamaluciano spallettidengan menang atascremonese juventus kalah emil audero dkk skor lagacremonese vs juventusdi pekan keserie adigelar stadio giovanni zini minggu wib tanding juventus spalletti kursi latih igor tudor pecat filip kostic bawa juventus unggul cepat babak paruh andrea cambiaso tambah gol juventus jamie vardy nipis skor cremonese scroll to continue with content menang juventus peringkat kelimaklasemen liga italiadengan poin laga cremonese urut sembilan poin jalan tanding juventus buka unggul tanding jalan detik filip kostic cetak gol juventus era spalletti gol umpan tumit lois openda kotak penalti dus vlahovic bola main cremonese arah kostic tiang kawal kostic langsung lesak bola gawang tekan juventus peluang vlahovic giring bola lapang tendang memaksaemil auderomelakukan selamat juventus tambah gol menit tendang manuel locatelli tepis audero bola bentur tiang gawang pasuk babak cremonese tinggal gol coba ambil inisiatif serang tembak jari vandeputte michele gregorio selamat juventus ganda unggul menit kali gilir andrea cambiaso bobol gawang audero gol umpan tarik francisco conceicao main cremonese bola muntah langsung sambar cambiaso gol cremonese kecil tinggal menit umpan lambung dennis johnsen jatuh kaki jamie vardy vardy lepas kawal gatti masuk kotak penalti takluk gregorio susun main cremonese audero terracciano johnsen baschirotto bianchetti barbieri payero bondo sarmiento vandeputte floriani mussolini vazquez bonazzoli faye vardy juventus gregorio mckennie rugani kalulu gatti cambiaso koopmeiners locatelli k thuram joao mario openda conceicao vlahovic david kostic adzic,Liga Italia,1,Liga Italia
Persis Solo Tanpa Peter de Roo Jelang Derby Mataram Vs PSIM,"Persis Solotanpa pelatih Peter de Roo jelang pertandingan Derby Mataram. Pelatih asal Belanda itu diduga bebas tugas lantaran rentetan hasil buruk. Peter de Roo menjalani pekerjaan berat bersama Persis sejak ditunjuk awal musim ini. Selain klub diterpa masalah finansial, tim juga tidak bisa unjuk gigi. Sampai pekan ke-11 Super League 2025/26, Persis cuma meraih lima poin hasil dari sekali menang, dua kali imbang, dan tujuh kali kalah. Laskar Sambernyawa pun tertahan di peringkat ke-17, atau hanya satu strip dari posisi buncit. SCROLL TO CONTINUE WITH CONTENT  Diduga sudah tidak ingin melanjutkan kerja sama dengan Peter, sang pelatih sudah tidak mewakili tim dalam sesi konferensi pers pada, Jumat (7/11/2025). Persis akan menjamuPSIM Yogyakartapada pekan ke-12 Super League di Stadion Manahan, Solo, Sabtu (8/11). Dalam sesi konferensi pers, Persis diwakili Titan Wulung Suryata. Hal ini yang menguatkan dugaan bahwa Peter sudah tidak bersama Persis lagi. ""Sepeninggalan coach Peter sebelumnya tidak kami inginkan sebetulnya, terlepas beberapa hasil. Tapi para pemain tidak fokus pada hal itu,"" kata Titan Wulung saat memberikan keterangan, dikutip daridetikJateng. ""Fokus mereka beralih bagaimana kami bisa memenangkan laga besok. Saya rasa laga besok lebih penting dari apapun itu,"" ujarnya menambahkan. Persis hanya mampu mencetak sembilan gol dan sudah kebobolan 20 kali. Mereka baru saja menelan tiga kekalahan beruntun dari Malut United, Persib Bandung, dan Persebaya Surabaya. Sejauh ini, belum ada tanggapan dari manajemen Persis Solo terkait nasib Peter di Laskar Sambernyawa. Termasuk status Titan yang masih menjadi asisten pelatih, atau sudah diangkat sebagai caretaker. ""Nanti saja menunggu rilis,"" tutur Media Officer Persis Solo, Bryan Barcelona.",Detik,liga_indonesia,persis solotanpa latih peter de roo jelang tanding derby mataram latih belanda duga bebas tugas lantar rentet hasil buruk peter de roo jalan kerja berat persis musim klub terpa finansial tim unjuk gigi pekan super league persis raih poin hasil menang kali imbang tujuh kali kalah laskar sambernyawa tahan peringkat strip posisi buncit scroll to continue with content duga lanjut kerja peter sang latih wakil tim sesi konferensi pers jumat persis menjamupsim yogyakartapada pekan super league stadion manah solo sabtu sesi konferensi pers persis wakil titan wulung suryata kuat duga peter persis tinggal coach peter lepas hasil main fokus titan wulung terang kutip daridetikjateng fokus alih menang laga besok laga besok apa persis cetak sembilan gol bobol kali tel kalah untun malut united persib bandung baya surabaya tanggap manajemen persis solo kait nasib peter laskar sambernyawa status titan asisten latih angkat caretaker tunggu rilis media officer persis solo bryan barcelona,persis solotanpa latih peter de roo jelang tanding derby mataram latih belanda duga bebas tugas lantar rentet hasil buruk peter de roo jalan kerja berat persis musim klub terpa finansial tim unjuk gigi pekan super league persis raih poin hasil menang kali imbang tujuh kali kalah laskar sambernyawa tahan peringkat strip posisi buncit scroll to continue with content duga lanjut kerja peter sang latih wakil tim sesi konferensi pers jumat persis menjamupsim yogyakartapada pekan super league stadion manah solo sabtu sesi konferensi pers persis wakil titan wulung suryata kuat duga peter persis tinggal coach peter lepas hasil main fokus titan wulung terang kutip daridetikjateng fokus alih menang laga besok laga besok apa persis cetak sembilan gol bobol kali tel kalah untun malut united persib bandung baya surabaya tanggap manajemen persis solo kait nasib peter laskar sambernyawa status titan asisten latih angkat caretaker tunggu rilis media officer persis solo bryan barcelona,Liga Indonesia,1,Liga Indonesia
Arsenal Selalu di Hati Granit Xhaka,"Granit Xhakapernah di fase sulit selama diArsenal. Namun, gelandang berusia 33 tahun itu menegaskan bahwa Arsenal selalu di hati. Xhaka menghabiskan waktu tujuh musim bersama Arsenal. Dia sempat terlibat perselisihan dengan fans dan bahkan sudah siap untuk angkat kaki. Mikel Arteta kemudian bicara dengan Xhaka dan mau membantu mengubah keadaan. Xhaka akhirnya memilih bertahan dan baru pergi dari Arsenal pada musim panas 2023. SCROLL TO CONTINUE WITH CONTENT Pemain asal Swiss itu lantas pindah ke Bayer Leverkusen selama dua musim. Dia meraih gelar Bundesliga di musim pertamanya. Sunderlandkemudian memboyong Xhaka pada musim panas 2025. Mantan pemain Borussia Moenchengladbach itu menjelma menjadi andalan tim di lini tengah dan juga menjadi kapten.  Sunderland menjamu Arsenal di Stadium of Light dalam lanjutan Liga Inggris, Minggu (9/11/2025) dini hari WIB. Xhaka tak malu-malu menegaskan bahwa Meriam London selalu di hati. ""Semua orang tahu Arsenal ada di hati saya. Berada di klub sepakbola itu selama tujuh tahun sangat istimewa,"" kata Xhaka yang dikutip dari The Athletic. Xhaka mencatatkan 297 laga bersama Arsenal di semua ajang. Dia mengangkat dua trofi Piala FA dan Community Shiled. ""Itulah mengapa saya katakan bahwa pada tahun 2019, ketika Mikel datang, dia mengubah saya sepenuhnya - sebagai manusia, di lapangan, dan di luar lapangan,"" Xhaka mengungkapkan.",Detik,liga_inggris,granit xhakapernah fase sulit arsenal gelandang usia arsenal hati xhaka habis tujuh musim arsenal libat selisih fans angkat kaki mikel arteta bicara xhaka bantu ubah xhaka pilih tahan pergi arsenal musim panas scroll to continue with content main swiss lantas pindah bayer leverkusen musim raih gelar bundesliga musim pertama sunderlandkemudian boyong xhaka musim panas mantan main borussia moenchengladbach jelma andal tim lini kapten sunderland jamu arsenal stadium of light lanjut liga inggris minggu wib xhaka malumalu meriam london hati orang arsenal hati klub sepakbola tujuh istimewa xhaka kutip the athletic xhaka catat laga arsenal ajang angkat trofi piala fa community shiled mikel ubah sepenuh manusia lapang lapang xhaka,granit xhakapernah fase sulit arsenal gelandang usia arsenal hati xhaka habis tujuh musim arsenal libat selisih fans angkat kaki mikel arteta bicara xhaka bantu ubah xhaka pilih tahan pergi arsenal musim panas scroll to continue with content main swiss lantas pindah bayer leverkusen musim raih gelar bundesliga musim pertama sunderlandkemudian boyong xhaka musim panas mantan main borussia moenchengladbach jelma andal tim lini kapten sunderland jamu arsenal stadium of light lanjut liga inggris minggu wib xhaka malumalu meriam london hati orang arsenal hati klub sepakbola tujuh istimewa xhaka kutip the athletic xhaka catat laga arsenal ajang angkat trofi piala fa community shiled mikel ubah sepenuh manusia lapang lapang xhaka,Liga Inggris,1,Liga Inggris
Ronaldo: Tak Adil Tentukan GOAT dari Titel Piala Dunia,"Cristiano Ronaldotak terlalu memusingkan soalPiala Dunia.Baginya tidak adil menentukan status pemain terbaik dalam sejarah hanya karena menang Piala Dunia. Sudah banyak prestasi yang ditorehkan Ronaldo dalam 20 tahun lebih karier sepakbolanya. KaptenTimnas Portugalitu telah meraih banyak trofi bergengsi di level klub dan tim nasional. Bersama Timnas Portugal, Ronaldo sudah memenangkan titel Piala Eropa dan UEFA Nations League. Dia tercatat sebagai top skor sepakbola internasional dengan 143 gol, sementara rekening golnya apabila digabung bersama klub-klub yang dibelanya berada di angka 952. SCROLL TO CONTINUE WITH CONTENT  Piala Dunia jadi satu-satunya trofi yang belum didapatkan Ronaldo. CR7 sudah lima kali tampil di Piala Dunia, tapi pencapaian terbaiknya hanya semifinalis edisi 2006. Alhasil, tak sedikit yang menilai Ronaldo belum layak disebut pemain terbaik sepanjang masa (GOAT) karena tak pernah angkat trofi Piala Dunia. Berbeda dengan rival utamanya di dunia sepakbola,Lionel Messi, yang juara bersama Timnas Argentina tahun 2022. Piala Dunia 2026 jadi kesempatan terakhir Ronaldo untuk menjadi juara dunia. Pemain berusia 40 tahun ini mengaku tak terlalu ambisius mengejar titel juara, lantaran trofi tersebut tak akan menodai catatan emasnya di lapangan hijau.  🚨🚨🎙️| Cristiano Ronaldo on World Cup: ""You want a competition with 6 or 7 games to define if I am the best in history, you think that's fair?""""If you ask me if it's a dream to win the World Cup, no it's not a dream!""[@PiersUncensored]pic.twitter.com/LU8LVtK2eW  ""Jika Anda bertanya kepadaku, Cristiano, apakah memenangkan Piala Dunia adalah sebuah mimpi? Tidak, itu bukan mimpi,"" kata Ronaldo dalam wawancara dengan Piers Morgan, dilansir dariESPN. ""Mendefinisikan apa? Mendefinisikan apakah aku salah satu yang terbaik dalam sejarah, memenangkan satu turnamen [yang hanya terdiri dari] enam pertandingan, tujuh pertandingan. Menurut Anda itu adil?"" ujarnya.",Detik,liga_spanyol,cristiano ronaldotak pusing soalpiala duniabaginya adil tentu status main baik sejarah menang piala dunia prestasi toreh ronaldo karier sepakbolanya kaptentimnas portugalitu raih trofi gengsi level klub tim nasional timnas portugal ronaldo menang titel piala eropa uefa nations league catat top skor sepakbola internasional gol rekening gol gabung klubklub bela angka scroll to continue with content piala dunia satusatunya trofi dapat ronaldo cr kali tampil piala dunia capai baik semifinalis edisi alhasil nilai ronaldo layak main baik goat angkat trofi piala dunia beda rival utama dunia sepakbolalionel messi juara timnas argentina piala dunia sempat ronaldo juara dunia main usia aku ambisius kejar titel juara lantar trofi noda catat emas lapang hijau cristiano ronaldo on world cup you want a competition with or games to define if i am the best in history you think thats fairif you ask me if its a dream to win the world cup no its not a dreampiersuncensoredpictwittercomlulvtkew kepada cristiano menang piala dunia mimpi mimpi ronaldo wawancara piers morgan lansir dariespn definisi definisi salah baik sejarah menang turnamen enam tanding tujuh tanding adil,cristiano ronaldotak pusing soalpiala duniabaginya adil tentu status main baik sejarah menang piala dunia prestasi toreh ronaldo karier sepakbolanya kaptentimnas portugalitu raih trofi gengsi level klub tim nasional timnas portugal ronaldo menang titel piala eropa uefa nations league catat top skor sepakbola internasional gol rekening gol gabung klubklub bela angka scroll to continue with content piala dunia satusatunya trofi dapat ronaldo cr kali tampil piala dunia capai baik semifinalis edisi alhasil nilai ronaldo layak main baik goat angkat trofi piala dunia beda rival utama dunia sepakbolalionel messi juara timnas argentina piala dunia sempat ronaldo juara dunia main usia aku ambisius kejar titel juara lantar trofi noda catat emas lapang hijau cristiano ronaldo on world cup you want a competition with or games to define if i am the best in history you think thats fairif you ask me if its a dream to win the world cup no its not a dreampiersuncensoredpictwittercomlulvtkew kepada cristiano menang piala dunia mimpi mimpi ronaldo wawancara piers morgan lansir dariespn definisi definisi salah baik sejarah menang turnamen enam tanding tujuh tanding adil,Liga Spanyol,1,Liga Spanyol
Garnacho Mulai Panas!,"Winger ChelseaAlejandro Garnachomulai panas. Garnacho baru saja berandil besar dalam suksesthe Bluesmenggebuk Wolverhampton 3-0 di lanjutan Liga Inggris. Pada pertandingan di Stamford Bridge, Minggu (9/11) dinihari WIB, winger Argentina itu main penuh untuk kali pertama di musim ini. Garnacho mengkreasikan dua golChelseake gawang Wolvers, yang diciptakan Malo Gusto dan Pedro Neto.  SCROLL TO CONTINUE WITH CONTENT Ini artinya, Garnacho telah menyumbang dua gol dan dua assist dalam empat penampilan terakhir untuk Chelsea. Sebelumnya, mantan penggawa Manchester United itu menjebol gawang Qarabag dalam hasil 2-2 di Liga Europa, dan menciptakan satu-satunya gol timnya saat dikalahkan Sunderland 1-2 di Liga Inggris. Laju positif ini menandai peningkatanAlejandro Garnachosetelah gagal mencetak gol ataupun assist di enam penampilan pertamanya untuk the Blues. Manajer Chelsea Enzo Maresca mengatakan, mejannya Garnacho berkaitan dengan kepindahannya di musim panas lalu. ""Bekerja keras -- ini jadi pesan utama ketika dia bergabung dengan kami,"" sahut Maresca dikutipBBC Sport. ""Dalam kaitannya dengan kualitas dengan bola, kita semua tahu seberapa bagusnya dia; untuk bermain dengan kami dia harus bekerja keras.""  ""Dengan bola, dia melakukan hal yang bagus tapi juga saat tidak menguasai bola dia bekerja keras. Dia kan datang dari sebuah klub di mana dia tidak berlatih 100 persen, jadi fisik dia tidak bagus. Pelan-pelan dia sekarang lebih baik."" ""Dia tahu bahwa untuk bermain dengan kami, dia mesti bagus dengan bola dan tanpa bola kalau tidak dia tidak akan bermain,"" lugas Maresca tentangAlejandro Garnacho.",Detik,liga_inggris,winger chelseaalejandro garnachomulai panas garnacho andil suksesthe bluesmenggebuk wolverhampton lanjut liga inggris tanding stamford bridge minggu dinihari wib winger argentina main penuh kali musim garnacho kreasi golchelseake gawang wolvers cipta malo gusto pedro neto scroll to continue with content garnacho sumbang gol assist tampil chelsea mantan penggawa manchester united jebol gawang qarabag hasil liga europa cipta satusatunya gol tim kalah sunderland liga inggris laju positif tanda peningkatanalejandro garnachosetelah gagal cetak gol assist enam tampil pertama the blues manajer chelsea enzo maresca mejan garnacho kait pindah musim panas keras pesan utama gabung sahut maresca dikutipbbc sport kait kualitas bola bagus main keras bola bagus kuasa bola keras klub latih persen fisik bagus pelanpelan main mesti bagus bola bola main lugas maresca tentangalejandro garnacho,winger chelseaalejandro garnachomulai panas garnacho andil suksesthe bluesmenggebuk wolverhampton lanjut liga inggris tanding stamford bridge minggu dinihari wib winger argentina main penuh kali musim garnacho kreasi golchelseake gawang wolvers cipta malo gusto pedro neto scroll to continue with content garnacho sumbang gol assist tampil chelsea mantan penggawa manchester united jebol gawang qarabag hasil liga europa cipta satusatunya gol tim kalah sunderland liga inggris laju positif tanda peningkatanalejandro garnachosetelah gagal cetak gol assist enam tampil pertama the blues manajer chelsea enzo maresca mejan garnacho kait pindah musim panas keras pesan utama gabung sahut maresca dikutipbbc sport kait kualitas bola bagus main keras bola bagus kuasa bola keras klub latih persen fisik bagus pelanpelan main mesti bagus bola bola main lugas maresca tentangalejandro garnacho,Liga Inggris,1,Liga Inggris
"PSSI, Thom Haye, dan Shayne Pattynama Kena Denda FIFA","PSSI,Thom Haye, dan Shayne Pattynama kenadenda FIFA.Itu gegara aksi tidak suportif di laga Irak vs Indonesia pada ronde keempat Kualifikasi Piala Dunia 2026. Dilansir dari laman resmi FIFA di laman legal, FIFA merilis 'Sanksi disiplin terkait kualifikasi Piala Dunia FIFA'. Ada dua pemain Timnas Indonesia yang masuk dalam daftar tersebut yakniThom HayedanShayne Pattynama.Plus PSSI! Kedua pemain kena denda sebesar 5.000 CHF (Swiss Franc) atau setara Rp 103 juta karena perilaku buruk dan tidak sportif terhadap ofisial pertandingan di laga Irak vs Indonesia pada 12 Oktober kemarin. Mereka memprotes keras keputusan wasit. SCROLL TO CONTINUE WITH CONTENT Keduanya juga kena larangan bermain di empat laga berikutnya dalam pertandingan-pertandingan yang masuk dalam kalender FIFA.  UntukPSSI,dendanya sebesar 50 ribu CHF atau setara Rp 1 miliar. Itu akibat pelemparan botol oleh para suporter ke dalam lapangan di laga yang sama.",Detik,liga_indonesia,pssithom haye shayne pattynama kenadenda fifaitu gegara aksi suportif laga irak vs indonesia ronde empat kualifikasi piala dunia lansir laman resmi fifa laman legal fifa rilis sanksi disiplin kait kualifikasi piala dunia fifa main timnas indonesia masuk daftar yaknithom hayedanshayne pattynamaplus pssi main kena denda chf swiss franc tara rp juta perilaku buruk sportif ofisial tanding laga irak vs indonesia oktober kemarin protes keras putus wasit scroll to continue with content kena larang main laga pertandinganpertandingan masuk kalender fifa untukpssidendanya ribu chf tara rp miliar akibat lempar botol suporter lapang laga,pssithom haye shayne pattynama kenadenda fifaitu gegara aksi suportif laga irak vs indonesia ronde empat kualifikasi piala dunia lansir laman resmi fifa laman legal fifa rilis sanksi disiplin kait kualifikasi piala dunia fifa main timnas indonesia masuk daftar yaknithom hayedanshayne pattynamaplus pssi main kena denda chf swiss franc tara rp juta perilaku buruk sportif ofisial tanding laga irak vs indonesia oktober kemarin protes keras putus wasit scroll to continue with content kena larang main laga pertandinganpertandingan masuk kalender fifa untukpssidendanya ribu chf tara rp miliar akibat lempar botol suporter lapang laga,Liga Indonesia,1,Liga Indonesia
"Prediksi Ranking BWF Raymond/Joaquin setelah Runner-up Korea Masters 2025, Naik 6 Tangga","Ringkasan Berita:Prediksi ranking BWFRaymond Indra/Nikolaus Joaquinmampu melesat hingga 6 tangga meskipun harus puas keluar sebagai runner-upTambahan poin BWF sebanyak 5950 berhasil membawa pasangan muda ganda putra Indonesia mendekat ke top 30Berkat runner-upKorea Masters 2025Raymond/Joaquin mencapai peringkat tertinggi sepanjang karier keduanyaTRIBUNNEWS.COM- Hasil akhir ganda putra Indonesia,Raymond Indra/Nikolaus JoaquindiKorea Masters 2025bikin keduanya mampu meningkatkan peringkat dunia, Minggu (9/11/2025).Raymond/Joaquin di finalKorea Masters 2025keluar sebagai runner-up setelah dihajar oleh wakil tuan rumah Lee Jong-min/Wang Chan hinggarubber game.Kekalahan junior Fajar Alfian dalam babak final turnamen super 300 tetap membawa berkah lantaran berpengaruh dengan torehan poin BWF yang didapatkan.Bermain di turnamen level super 300, poin BWF paling tinggi yang akan didapat oleh kontestan dengan hasil juara akan mengantongi sebanyak 7000 poin.Sementara jika keluar sebagai runner-up, tetap cukup tinggi dalam perolehan poin BWF yakni sebesar 5950 angka.Untuk pasangan muda seperti Raymond/Joaquin yang tengah berjuang mendongkrak ranking BWF, torehan di Korea Masters 2025 terbilang lumayan.Baca juga:Rekap Hasil Final Korea Masters 2025: Indonesia Nirgelar, Tuah Rumah Segel Juara UmumTambahan poin BWF sebanyak itu membuat keduanya mampu meningkatkan peringkat dunia.Saat ini, ranking BWF Raymond/Joaquin berada di peringkat ke-37 dunia dengan koleksi sebanyak 34,970 poin.Dapat tambahan dariKorea Masters 2025, diprediksi Raymond/Joaquin bisa melesat ke urutan 31 dunia.Torehan baru dari Raymond/Joaquin diprediksi bisa melengserkan seniornya, Shohibul Fikri/Daniel Marthin yang kehilangan beberapa koleksi poin.lihat fotoRAYMOND/JOAQUIN - Ganda putra Indonesia, Raymond Indra/Nikolaus Joaquin bermain dalam gelaran Korea Masters 2025 babak 16 besar pada 6 November 2025. Dok/PBSIFikri/Daniel yang sementara ini terpisah gegara cedera dan Fikri juga sudah berpasangan dengan Fajar, peringkat dunia kian melorot.Termasuk setelah Korea Masters edisi kali ini usai, Fikri/Daniel berpotensi digusur oleh Raymond/Joaquin.Dengan menduduki peringkat 31 dunia, Raymond/Joaquin mencapai ranking terbaik sepanjang keduanya berpasangan.Sebelum ini dengan berada di ranking 37 dunia, keduanya telah mencapai peringkat tertinggi sepanjang kariernya.Ditambah dengan torehan dariKorea Masters 2025membuat peringkat keduanya perlahan kian melejit. TRIBUNNEWS.COM- Hasil akhir ganda putra Indonesia,Raymond Indra/Nikolaus JoaquindiKorea Masters 2025bikin keduanya mampu meningkatkan peringkat dunia, Minggu (9/11/2025). Raymond/Joaquin di finalKorea Masters 2025keluar sebagai runner-up setelah dihajar oleh wakil tuan rumah Lee Jong-min/Wang Chan hinggarubber game. Kekalahan junior Fajar Alfian dalam babak final turnamen super 300 tetap membawa berkah lantaran berpengaruh dengan torehan poin BWF yang didapatkan. Bermain di turnamen level super 300, poin BWF paling tinggi yang akan didapat oleh kontestan dengan hasil juara akan mengantongi sebanyak 7000 poin. Sementara jika keluar sebagai runner-up, tetap cukup tinggi dalam perolehan poin BWF yakni sebesar 5950 angka. Untuk pasangan muda seperti Raymond/Joaquin yang tengah berjuang mendongkrak ranking BWF, torehan di Korea Masters 2025 terbilang lumayan. Baca juga:Rekap Hasil Final Korea Masters 2025: Indonesia Nirgelar, Tuah Rumah Segel Juara Umum Tambahan poin BWF sebanyak itu membuat keduanya mampu meningkatkan peringkat dunia. Saat ini, ranking BWF Raymond/Joaquin berada di peringkat ke-37 dunia dengan koleksi sebanyak 34,970 poin. Dapat tambahan dariKorea Masters 2025, diprediksi Raymond/Joaquin bisa melesat ke urutan 31 dunia. Torehan baru dari Raymond/Joaquin diprediksi bisa melengserkan seniornya, Shohibul Fikri/Daniel Marthin yang kehilangan beberapa koleksi poin. Fikri/Daniel yang sementara ini terpisah gegara cedera dan Fikri juga sudah berpasangan dengan Fajar, peringkat dunia kian melorot. Termasuk setelah Korea Masters edisi kali ini usai, Fikri/Daniel berpotensi digusur oleh Raymond/Joaquin. Dengan menduduki peringkat 31 dunia, Raymond/Joaquin mencapai ranking terbaik sepanjang keduanya berpasangan. Sebelum ini dengan berada di ranking 37 dunia, keduanya telah mencapai peringkat tertinggi sepanjang kariernya. Ditambah dengan torehan dariKorea Masters 2025membuat peringkat keduanya perlahan kian melejit.",Tribun,liga_spanyol,ringkas beritaprediksi ranking bwfraymond indranikolaus joaquinmampu lesat tangga puas runneruptambahan poin bwf hasil bawa pasang muda ganda putra indonesia dekat top berkat runnerupkorea masters raymondjoaquin capai peringkat tinggi karier keduanyatribunnewscom hasil ganda putra indonesiaraymond indranikolaus joaquindikorea masters bikin tingkat peringkat dunia minggu raymondjoaquin finalkorea masters runnerup hajar wakil tuan rumah lee jongminwang chan hinggarubber gamekekalahan junior fajar alfian babak final turnamen super bawa berkah lantar pengaruh toreh poin bwf didapatkanbermain turnamen level super poin bwf kontestan hasil juara kantong poinsementara runnerup oleh poin bwf angkauntuk pasang muda raymondjoaquin juang dongkrak ranking bwf toreh korea masters bilang lumayanbaca jugarekap hasil final korea masters indonesia nirgelar tuah rumah segel juara umumtambahan poin bwf tingkat peringkat duniasaat ranking bwf raymondjoaquin peringkat dunia koleksi poindapat tambah darikorea masters prediksi raymondjoaquin lesat urut duniatorehan raymondjoaquin prediksi lengser senior shohibul fikridaniel marthin hilang koleksi poinlihat fotoraymondjoaquin ganda putra indonesia raymond indranikolaus joaquin main gelar korea masters babak november dokpbsifikridaniel pisah gegara cedera fikri pasang fajar peringkat dunia kian melorottermasuk korea masters edisi kali fikridaniel potensi gusur raymondjoaquindengan duduk peringkat dunia raymondjoaquin capai ranking baik berpasangansebelum ranking dunia capai peringkat tinggi kariernyaditambah toreh darikorea masters peringkat perlahan kian lejit tribunnewscom hasil ganda putra indonesiaraymond indranikolaus joaquindikorea masters bikin tingkat peringkat dunia minggu raymondjoaquin finalkorea masters runnerup hajar wakil tuan rumah lee jongminwang chan hinggarubber game kalah junior fajar alfian babak final turnamen super bawa berkah lantar pengaruh toreh poin bwf dapat main turnamen level super poin bwf kontestan hasil juara kantong poin runnerup oleh poin bwf angka pasang muda raymondjoaquin juang dongkrak ranking bwf toreh korea masters bilang lumayan baca jugarekap hasil final korea masters indonesia nirgelar tuah rumah segel juara tambah poin bwf tingkat peringkat dunia ranking bwf raymondjoaquin peringkat dunia koleksi poin tambah darikorea masters prediksi raymondjoaquin lesat urut dunia toreh raymondjoaquin prediksi lengser senior shohibul fikridaniel marthin hilang koleksi poin fikridaniel pisah gegara cedera fikri pasang fajar peringkat dunia kian lorot korea masters edisi kali fikridaniel potensi gusur raymondjoaquin duduk peringkat dunia raymondjoaquin capai ranking baik pasang ranking dunia capai peringkat tinggi karier tambah toreh darikorea masters peringkat perlahan kian lejit,ringkas beritaprediksi ranking bwfraymond indranikolaus joaquinmampu lesat tangga puas runneruptambahan poin bwf hasil bawa pasang muda ganda putra indonesia dekat top berkat runnerupkorea masters raymondjoaquin capai peringkat tinggi karier keduanyatribunnewscom hasil ganda putra indonesiaraymond indranikolaus joaquindikorea masters bikin tingkat peringkat dunia minggu raymondjoaquin finalkorea masters runnerup hajar wakil tuan rumah lee jongminwang chan hinggarubber gamekekalahan junior fajar alfian babak final turnamen super bawa berkah lantar pengaruh toreh poin bwf didapatkanbermain turnamen level super poin bwf kontestan hasil juara kantong poinsementara runnerup oleh poin bwf angkauntuk pasang muda raymondjoaquin juang dongkrak ranking bwf toreh korea masters bilang lumayanbaca jugarekap hasil final korea masters indonesia nirgelar tuah rumah segel juara umumtambahan poin bwf tingkat peringkat duniasaat ranking bwf raymondjoaquin peringkat dunia koleksi poindapat tambah darikorea masters prediksi raymondjoaquin lesat urut duniatorehan raymondjoaquin prediksi lengser senior shohibul fikridaniel marthin hilang koleksi poinlihat fotoraymondjoaquin ganda putra indonesia raymond indranikolaus joaquin main gelar korea masters babak november dokpbsifikridaniel pisah gegara cedera fikri pasang fajar peringkat dunia kian melorottermasuk korea masters edisi kali fikridaniel potensi gusur raymondjoaquindengan duduk peringkat dunia raymondjoaquin capai ranking baik berpasangansebelum ranking dunia capai peringkat tinggi kariernyaditambah toreh darikorea masters peringkat perlahan kian lejit tribunnewscom hasil ganda putra indonesiaraymond indranikolaus joaquindikorea masters bikin tingkat peringkat dunia minggu raymondjoaquin finalkorea masters runnerup hajar wakil tuan rumah lee jongminwang chan hinggarubber game kalah junior fajar alfian babak final turnamen super bawa berkah lantar pengaruh toreh poin bwf dapat main turnamen level super poin bwf kontestan hasil juara kantong poin runnerup oleh poin bwf angka pasang muda raymondjoaquin juang dongkrak ranking bwf toreh korea masters bilang lumayan baca jugarekap hasil final korea masters indonesia nirgelar tuah rumah segel juara tambah poin bwf tingkat peringkat dunia ranking bwf raymondjoaquin peringkat dunia koleksi poin tambah darikorea masters prediksi raymondjoaquin lesat urut dunia toreh raymondjoaquin prediksi lengser senior shohibul fikridaniel marthin hilang koleksi poin fikridaniel pisah gegara cedera fikri pasang fajar peringkat dunia kian lorot korea masters edisi kali fikridaniel potensi gusur raymondjoaquin duduk peringkat dunia raymondjoaquin capai ranking baik pasang ranking dunia capai peringkat tinggi karier tambah toreh darikorea masters peringkat perlahan kian lejit,Liga Spanyol,1,Liga Spanyol
"Tantang Brasil, Garuda Muda Siap Raih Poin Perdana","PerjalananTimnas Indonesia U-17dalam ajangPiala Dunia U17di Qatar kembali menghadapi tantangan berat. Setelah dipecundangi oleh Zambia dengan skor 1-3 pada partai pembuka,Garuda Mudaakan menghadapi tim unggulan Brasil. Pelatih Timnas Indonesia U-17, Nova Arianto, berkata jika timnya tak boleh kalah sebelum bertanding. Dirinya juga mengakui jika Selecao Muda memang diprediksi dapat menjadi juara turnamen kali ini. Meski demikian dalam pertandingan nanti, Nova Arianto menegaskan bahwa tak akan ada perubahan formasi anak asuhnya. ""Kalau formasi mungkin tetap sama ya, sekali lagi Brasil menjadi salah satu unggulan di Piala Dunia ini dan saya sampaikan ke pemain jangan pernah takut sebelum bertanding,"" kata Nova Arianto dalam rekaman yang diterimadetikSport. SCROLL TO CONTINUE WITH CONTENT ""Kita mencoba saja. Kita mencoba sejauh mana kemampuan kita. Harapannya pemain bisa lebih berani lagi, lebih siap lagi untuk bertanding,"" kata dia. Dalam partai sebelumnya Brasil baru saja menghajar Honduras dengan skor 7-0. Matchday kedua Piala Dunia U-17 2025 Grup H antara Brasil vs Indonesia akan berlangsung malam ini (7/11/2025). Pertandingan tersebut berlangsung di Aspire Zone pitch 7, Doha, Qatar pukul 22.45 WIB. Laga kedua tim ini bisa disaksikan secara gratis di situs FIFA+. Sebagai catatan, Brasil merupakan tim dengan raihan empat kali juara Piala Dunia U-17. Mereka mendapatkan gelar tersebut pada 1997, 1999, 2003 dan 2019. Striker dari tim Canarinha, Wenderson Wanderley Santos de Melo (Dell) berkata jika dirinya memiliki target untuk memenangi Piala Dunia U-17 Qatar ini. ""Kami memenangi gelar juara di Amerika Selatan --sekarang waktunya untuk Piala Dunia. Saya sangat bangga dan gembira bisa bermain untuk negara saya,"" kata Dell dikutip dari situs FIFA dilansir olehdetikSport. Pertandingan nanti juga akan sangat menentukan nasib Indonesia dalam turnamen ini. Sebab hanya dua tim dari masing-masing grup yang dipastikan lolos, dan ada 8 tiket lainnya untuk tim peringkat ketiga terbaik. Saat ini Garuda Muda berada di peringkat ketiga Grup H dengan raihan 0 poin. Kesempatan mereka meraih poin tersisa di dua laga. Lalu, apakah Timnas Indonesia mampu meraih poin perdana menghadapi tim kuat Brasil? Atau ini merupakan laga terakhir mereka sebelum angkat koper dari Qatar? Simak obrolannya bersamadetikSportdalam segmend'Hattrick! Beralih ke Berita Nusantara,detikSoreakan mengulas lebih dalam bagaimana proses peralihan kekuasaan Keraton Kasunanan Solo usaiPaku Buwono XIIImangkat. Seperti diketahui, Putra mahkota Keraton Solo KGPAA Hamangkunegoro Sudibya Rajaputra Narendra Mataram mengukuhkan dirinya sebagai Paku Buwono (PB) XIV. Pengukuhan ini dilakukan jelang prosesi pemberangkatan jenazah PB XIII. Dalam acara ituKGPAA Hamangkunegoromengucapkan ikrar kesetiaan dan kesanggupan untuk meneruskan tahta Raja. Ikrar itu disampaikan di depan keluarga besar, abdi dalem, hingga sentono. Namun adakah ganjalan dalam proses peralihan kekuasaan ini? Ikuti paparannya bersama RedakturdetikJatengselengkapnya. Hari ini, detikSore akan menghadirkan Direktur utama Kilang Pertamina Internasional, Taufik Aditiyawarman. Kepada detikSore ia akan memaparkan sejumlah strategi untuk menjaga ketahanan energi bagi Indonesia. Dalam pengoperasiannya, Kilang Pertamina Internasional tak henti melakukan inovasi untuk terus menghasilkan produk berkualitas dan lebih ramah lingkungan. Inovasi tersebut antara lain produksi bahan bakar pesawat dengan memanfaatkan bahan jelantah (PertaminaSAF) yang diproduksi di Kilang Cilacap 6.⁠Lalu apa saja inovasi serta gebrakan lain yang disiapkan? Ikuti diskusi selengkapnya dalam detikSore. Jelang petang nanti, detikSore akan menghadirkan Ahmad Doli Kurnia, Wakil Ketua Badan Legislasi DPR RI. kepada detikSore ia akan memaparkan sejumlah usaha yang dilakukan Baleg dalam rangka mendorong upaya penegakan demokrasi di Indonesia. Ikuti diskusi lengkapnya. Ikuti terus ulasan mendalam berita-berita hangat detikcom dalam sehari yang disiarkan secara langsung langsung (live streaming) pada Senin-Jumat, pukul 15.30-18.00 WIB, di 20.detik.com dan TikTok detikcom. Jangan ketinggalan untuk mengikuti analisis pergerakan pasar saham jelang penutupan IHSG di awal acara. Sampaikan komentar Anda melalui kolom live chat yang tersedia. ""Detik Sore, Nggak Cuma Hore-hore!""",Detik,liga_indonesia,perjalanantimnas indonesia udalam ajangpiala dunia udi qatar hadap tantang berat cundang zambia skor partai pembukagaruda mudaakan hadap tim unggul brasil latih timnas indonesia u nova arianto tim kalah tanding aku selecao muda prediksi juara turnamen kali tanding nova arianto ubah formasi anak asuh formasi ya brasil salah unggul piala dunia main takut tanding nova arianto rekam diterimadetiksport scroll to continue with content coba coba mampu harap main berani tanding partai brasil hajar honduras skor matchday piala dunia u grup h brasil vs indonesia malam tanding aspire zone pitch doha qatar wib laga tim saksi gratis situs fifa catat brasil tim raih kali juara piala dunia u gelar striker tim canarinha wenderson wanderley santos de melo dell milik target tang piala dunia u qatar tang gelar juara amerika selatan piala dunia bangga gembira main negara dell kutip situs fifa lansir olehdetiksport tanding tentu nasib indonesia turnamen tim masingmasing grup lolos tiket tim peringkat tiga baik garuda muda peringkat tiga grup h raih poin sempat raih poin sisa laga timnas indonesia raih poin perdana hadap tim kuat brasil laga angkat koper qatar simak obrol bersamadetiksportdalam segmendhattrick alih berita nusantaradetiksoreakan ulas proses alih kuasa keraton kasunanan solo usaipaku buwono xiiimangkat putra mahkota keraton solo kgpaa hamangkunegoro sudibya rajaputra narendra mataram kukuh paku buwono pb xiv kukuh jelang prosesi berangkat jenazah pb xiii acara itukgpaa hamangkunegoromengucapkan ikrar setia sanggup terus tahta raja ikrar keluarga abdi dalem sentono ada ganjal proses alih kuasa ikut papar redakturdetikjatengselengkapnya detiksore hadir direktur utama kilang pertamina internasional taufik aditiyawarman detiksore papar strategi jaga tahan energi indonesia operasi kilang pertamina internasional henti inovasi hasil produk kualitas ramah lingkung inovasi produksi bahan bakar pesawat manfaat bahan jelantah pertaminasaf produksi kilang cilacap inovasi gebrak siap ikut diskusi lengkap detiksore jelang petang detiksore hadir ahmad dol kurnia wakil ketua badan legislasi dpr ri detiksore papar usaha baleg rangka dorong upaya tega demokrasi indonesia ikut diskusi lengkap ikut ulas dalam beritaberita hangat detikcom hari siar langsung langsung live streaming seninjumat wib detikcom tiktok detikcom tinggal ikut analisis gera pasar saham jelang tutup ihsg acara komentar kolom live chat sedia detik sore nggak horehore,perjalanantimnas indonesia udalam ajangpiala dunia udi qatar hadap tantang berat cundang zambia skor partai pembukagaruda mudaakan hadap tim unggul brasil latih timnas indonesia u nova arianto tim kalah tanding aku selecao muda prediksi juara turnamen kali tanding nova arianto ubah formasi anak asuh formasi ya brasil salah unggul piala dunia main takut tanding nova arianto rekam diterimadetiksport scroll to continue with content coba coba mampu harap main berani tanding partai brasil hajar honduras skor matchday piala dunia u grup h brasil vs indonesia malam tanding aspire zone pitch doha qatar wib laga tim saksi gratis situs fifa catat brasil tim raih kali juara piala dunia u gelar striker tim canarinha wenderson wanderley santos de melo dell milik target tang piala dunia u qatar tang gelar juara amerika selatan piala dunia bangga gembira main negara dell kutip situs fifa lansir olehdetiksport tanding tentu nasib indonesia turnamen tim masingmasing grup lolos tiket tim peringkat tiga baik garuda muda peringkat tiga grup h raih poin sempat raih poin sisa laga timnas indonesia raih poin perdana hadap tim kuat brasil laga angkat koper qatar simak obrol bersamadetiksportdalam segmendhattrick alih berita nusantaradetiksoreakan ulas proses alih kuasa keraton kasunanan solo usaipaku buwono xiiimangkat putra mahkota keraton solo kgpaa hamangkunegoro sudibya rajaputra narendra mataram kukuh paku buwono pb xiv kukuh jelang prosesi berangkat jenazah pb xiii acara itukgpaa hamangkunegoromengucapkan ikrar setia sanggup terus tahta raja ikrar keluarga abdi dalem sentono ada ganjal proses alih kuasa ikut papar redakturdetikjatengselengkapnya detiksore hadir direktur utama kilang pertamina internasional taufik aditiyawarman detiksore papar strategi jaga tahan energi indonesia operasi kilang pertamina internasional henti inovasi hasil produk kualitas ramah lingkung inovasi produksi bahan bakar pesawat manfaat bahan jelantah pertaminasaf produksi kilang cilacap inovasi gebrak siap ikut diskusi lengkap detiksore jelang petang detiksore hadir ahmad dol kurnia wakil ketua badan legislasi dpr ri detiksore papar usaha baleg rangka dorong upaya tega demokrasi indonesia ikut diskusi lengkap ikut ulas dalam beritaberita hangat detikcom hari siar langsung langsung live streaming seninjumat wib detikcom tiktok detikcom tinggal ikut analisis gera pasar saham jelang tutup ihsg acara komentar kolom live chat sedia detik sore nggak horehore,Liga Indonesia,1,Liga Indonesia
Barcelona Vs Elche: Blaugrana Menang 3-1,"BarcelonamenjamuElchedalam lanjutan LaLiga. Blaugrana menuntaskan laga dengan kemenangan. Barcelona vs Elche berlangsung di Stadion Olimpiade Lluís Companys, Senin (3/11/2025) dini hari WIB. Pasukan Hansi Flick menang 3-1. Gol-gol Barca dicetak oleh Lamine Yamal, Ferran Torres, dan Marcus Rashford. Elche cuma mencetak gol lewat Rafa Mir. SCROLL TO CONTINUE WITH CONTENT Barca saat ini ada di posisi kedua dengan 25 poin. Los Cules tertinggal lima angka dari Real Madrid yang ada di puncak klasemen.  Jalannya Pertandingan Barca sudah memimpin 1-0 di menit kesembilan. Lamine Yama membobol gawang Elche lewat tembakannya di dalam kotak penalti. Tiga menit berselang, Barca memperbesar keunggulan menjadi 2-0. Kali ini gol dicetak oleh Ferran Torres. Elche bisa memperkecil ketertinggalan menjadi 1-2 di menit ke-42 melalui Rafa Mir. skor tersebut bertahan sampai turun minum. Rafa Mir hampir menyamakan skor di babak kedua atau tepatnya pada menit ke-54. Dia melepaskan tembakan dari dalam kotak penalti, namun bola mengenai tiang. Barcelona memperbesar keunggulan menjadi 3-1 di menit ke-61. Marcus Rashford membobol gawang Elche lewat tembakan kerasnya yang gagal dibendung kiper Inaki Pena. Tak ada gol tambahan tercipta di sisa waktu. Barca pun kembali menang setelah pada akhir pekan lalu dikalahkan Real Madrid. Susunan Pemain: Barcelona: Szczesny; Kounde, Araujo, Eric Garcia, Balde; Casado, De Jong, Fermín Lopez; Lamine Yamal, Rashford, Ferran Torres. Elche: Inaki Pena; Alvaro Nunez, Affengruber, Bigas, Pedrosa; Martim Neto, Febas, Marc Aguado, Germán Valera, Rafa Mir, Andre Silva.",Detik,liga_spanyol,barcelonamenjamuelchedalam lanjut laliga blaugrana tuntas laga menang barcelona vs elche stadion olimpiade llus companys senin wib pasu hansi flick menang golgol barca cetak lamine yamal ferran torres marcus rashford elche cetak gol rafa mir scroll to continue with content barca posisi poin los cules tinggal angka real madrid puncak klasemen jalan tanding barca pimpin menit sembilan lamine yama bobol gawang elche tembak kotak penalti menit selang barca besar unggul kali gol cetak ferran torres elche kecil tinggal menit rafa mir skor tahan turun minum rafa mir sama skor babak tepat menit lepas tembak kotak penalti bola tiang barcelona besar unggul menit marcus rashford bobol gawang elche tembak keras gagal bendung kiper inaki pena gol tambah cipta sisa barca menang pekan kalah real madrid susun main barcelona szczesny kounde araujo eric garcia balde casado de jong fermn lopez lamine yamal rashford ferran torres elche inaki pena alvaro nunez affengruber bigas pedrosa martim neto febas marc aguado germn valera rafa mir andre silva,barcelonamenjamuelchedalam lanjut laliga blaugrana tuntas laga menang barcelona vs elche stadion olimpiade llus companys senin wib pasu hansi flick menang golgol barca cetak lamine yamal ferran torres marcus rashford elche cetak gol rafa mir scroll to continue with content barca posisi poin los cules tinggal angka real madrid puncak klasemen jalan tanding barca pimpin menit sembilan lamine yama bobol gawang elche tembak kotak penalti menit selang barca besar unggul kali gol cetak ferran torres elche kecil tinggal menit rafa mir skor tahan turun minum rafa mir sama skor babak tepat menit lepas tembak kotak penalti bola tiang barcelona besar unggul menit marcus rashford bobol gawang elche tembak keras gagal bendung kiper inaki pena gol tambah cipta sisa barca menang pekan kalah real madrid susun main barcelona szczesny kounde araujo eric garcia balde casado de jong fermn lopez lamine yamal rashford ferran torres elche inaki pena alvaro nunez affengruber bigas pedrosa martim neto febas marc aguado germn valera rafa mir andre silva,Liga Spanyol,1,Liga Spanyol
Amorim Sayangkan Kegagalan MU Habisi Spurs,"Ruben Amorimtidak puas meskiManchester Unitedselamat dari kekalahan saat menghadapiTottenham Hotspur. Ia menilai MU terlalu nyaman setelah unggul lebih dulu. DuelTottenham vs Man Utddi pekan ke-11Premier Leaguedigelar di Tottenham Hotspur Stadium, Sabtu (8/11/2025) malam WIB. Kedua tim harus puas berbagi poin usai imbang 2-2. MU unggul lebih dulu lewat gol Bryan Mbeumo pada menit ke-32. Namun, Tottenham mampu membalikkan keadaan pada menit-menit akhir lewat gol Mathys Tel dan Richarlison. SCROLL TO CONTINUE WITH CONTENT Gol dari Matthijs de Ligt di penghujung injury time lantas menyelamatkan MU dari kekalahan. Ini jadi kali kedua secara beruntun MU mendapat hasil seri berkat gol di menit-menit akhir usai imbang dengan skor yang sama melawan Nottingham Forest pekan lalu.  Amorim merasa MU seharusnya bisa menang atas Spurs. Ia menilai timnya kehilangan intensitas setelah unggul lebih dulu. ""Ketika Anda tidak bisa menang, jangan kalah, sekali lagi kami melakukannya. Kami masih bisa berkembang sebagai tim, karena hari ini harusnya jadi hari kami untuk memenangi pertandingan ini,"" ujar Amorim kepada TNT Sports. ""Kami harrus melihat ke diri sendiri, kami tidak menekan dengan intensitas yang sama, kami merasa nyaman tapi kami harus paham kalau kami punya keberanian lebih kami akan menghabisi lawan. Tapi kadang ini terjadi, babak pertama lebih baik daripada babak kedua."" ""Kami percaya kepada kapasitas kami untuk mencetak gol sampai menit terakhir,"" kata Amorim menambahkan.",Detik,liga_inggris,ruben amorimtidak puas meskimanchester unitedselamat kalah menghadapitottenham hotspur nilai mu nyaman unggul dueltottenham vs man utddi pekan kepremier leaguedigelar tottenham hotspur stadium sabtu malam wib tim puas bagi poin imbang mu unggul gol bryan mbeumo menit tottenham balik menitmenit gol mathys tel richarlison scroll to continue with content gol matthijs de ligt hujung injury time lantas selamat mu kalah kali untun mu hasil seri berkat gol menitmenit imbang skor lawan nottingham forest pekan amorim mu menang spurs nilai tim hilang intensitas unggul menang kalah laku kembang tim tang tanding amorim tnt sports harrus tekan intensitas nyaman paham berani habis lawan kadang babak babak percaya kapasitas cetak gol menit amorim,ruben amorimtidak puas meskimanchester unitedselamat kalah menghadapitottenham hotspur nilai mu nyaman unggul dueltottenham vs man utddi pekan kepremier leaguedigelar tottenham hotspur stadium sabtu malam wib tim puas bagi poin imbang mu unggul gol bryan mbeumo menit tottenham balik menitmenit gol mathys tel richarlison scroll to continue with content gol matthijs de ligt hujung injury time lantas selamat mu kalah kali untun mu hasil seri berkat gol menitmenit imbang skor lawan nottingham forest pekan amorim mu menang spurs nilai tim hilang intensitas unggul menang kalah laku kembang tim tang tanding amorim tnt sports harrus tekan intensitas nyaman paham berani habis lawan kadang babak babak percaya kapasitas cetak gol menit amorim,Liga Inggris,1,Liga Inggris
Rooney 'Kompor-komporin' Pemain Chelsea soal Kebijakan Rotasi Maresca,"Enzo Marescamenerapkan kebijakan rotasi di skuadChelseasaat ini. Pemain The Blues diminta mempertanyakannya. Hal itu disarankanWayne Rooney, eks penyerang Manchester United. Dalam program Youtube-nya, top skor sepanjang masa Setan Merah itu menyebut pemain Chelsea harusnya gerah dengan kebijakan rotasi Maresca. ""Para pemain ingin bermain, mereka ingin membangun hubungan,"" kata mantan kapten Inggris itu dalam acara Wayne Rooney Show. SCROLL TO CONTINUE WITH CONTENT ""Jika terus mengganti-ganti susunan pemain, para pemain tidak akan senang. Saya pikir hal itu akan balik menghantui mereka."" ""Jika mereka terus meraih hasil, maka tidak ada yang perlu dipertanyakan, tapi jika tidak, harus ada pertanyaan yang diajukan,"" terangnya.  Saat ini,Enzo Marescamemang terus merotasi skuadnya. Terakhir saat Si Biru ditahan Qarabag 2-2 di Liga Champions, dengan manajer Italia itu mengaku gonta-ganti skuad karena efek kelelahan imbas tampil di Piala Dunia Antarklub 2025. Dari lima laga terakhir, hasilnya tak melulu kemenangan. Reece James dkk mengemas 3 kemenangan, sekali imbang, dan sekali kalah. Dalam lima pertandingan terakhirnya, Chelsea menang tiga kali, imbang dengan Qarabag, dan kalah dari Sunderland yang baru promosi di liga. Wayne Rooneymenilai, sosok pemimpin di skuadChelseaharus mempertanyakannya. ""Saya pikir kebanyakan klub sekarang memiliki kelompok kepemimpinan, dan sebagai kelompok, Anda harus menanyakan manajer,"" kata Rooney. ""Orang-orang membicarakan 'kekuatan pemain,' tapi ini bukan kekuatan pemain."" ""Saya akan khawatir jika tim terus berubah. Jika saya berada di kelompok itu, saya akan berbicara dengan rekan setim saya dan mengatakan, 'Lihat, saya tidak puas dengan ini,"" terangnya.",Detik,liga_inggris,enzo marescamenerapkan bijak rotasi skuadchelseasaat main the blues tanya disarankanwayne rooney eks serang manchester united program youtubenya top skor setan merah sebut main chelsea gerah bijak rotasi maresca main main bangun hubung mantan kapten inggris acara wayne rooney show scroll to continue with content menggantiganti susun main main senang pikir hantu raih hasil aju terang inienzo marescamemang rotasi skuadnya si biru tahan qarabag liga champions manajer italia aku gontaganti skuad efek lelah imbas tampil piala dunia antarklub laga hasil melulu menang reece james dkk emas menang imbang kalah tanding akhir chelsea menang kali imbang qarabag kalah sunderland promosi liga wayne rooneymenilai sosok pimpin skuadchelseaharus tanya pikir banyak klub milik kelompok pimpin kelompok manajer rooney orangorang bicara kuat main kuat main khawatir tim ubah kelompok bicara rekan tim lihat puas terang,enzo marescamenerapkan bijak rotasi skuadchelseasaat main the blues tanya disarankanwayne rooney eks serang manchester united program youtubenya top skor setan merah sebut main chelsea gerah bijak rotasi maresca main main bangun hubung mantan kapten inggris acara wayne rooney show scroll to continue with content menggantiganti susun main main senang pikir hantu raih hasil aju terang inienzo marescamemang rotasi skuadnya si biru tahan qarabag liga champions manajer italia aku gontaganti skuad efek lelah imbas tampil piala dunia antarklub laga hasil melulu menang reece james dkk emas menang imbang kalah tanding akhir chelsea menang kali imbang qarabag kalah sunderland promosi liga wayne rooneymenilai sosok pimpin skuadchelseaharus tanya pikir banyak klub milik kelompok pimpin kelompok manajer rooney orangorang bicara kuat main kuat main khawatir tim ubah kelompok bicara rekan tim lihat puas terang,Liga Inggris,1,Liga Inggris
"Diisukan Pindah ke Barca atau PSG, Ini Jawaban Julian Alvarez","Julian Alvarezrumornya bakal pindah keBarcelonaatau kePSGdi musim panas mendatang. Siap cabut atau masih mau lanjut diAtletico Madrid,Alvarez? Julian Alvarez baru gabung di musim panas 2024 kemarin. Di musim debutnya, sang striker yang langganan juara bersama Manchester City gagal raih trofi.  SCROLL TO CONTINUE WITH CONTENT Julian Alvarezkini diminati olehBarcelonadanPSGpada bursa transfer musim panas 2026 mendatang. Barcelona butuh penerus Robert Lewandowski, sementara PSG mau memperkuat lini serangnya. ""Ya itu benar, ada ketertarikan dari PSG dan sudah berdiskusi dengan agen saya. Tapi (transfer) itu tidak terjadi,"" jelasnya dilansir dariTribuna. ""Apa saya membayangkan berseragam Barcelona atau PSG musim depan? Jujur saja saya tidak tahu. Saat ini saya fokus bersama Atletico, kita lihat saja di akhir musim ini,"" sambungnya.  Atletico Madrid membeliJulian Alvarezdari Manchester City seharga 75 juta Euro atau setara Rp 1,4 triliun. Pemain berusia 25 tahun itu dikontrak sampai musim panas 2030. Nilai pasar Alvarez ada di angka 100 juta Euro atau setara nyaris Rp 2 triliun. Apa Atletico sudi melepasnya?",Detik,liga_spanyol,juli alvarezrumornya pindah kebarcelonaatau kepsgdi musim panas cabut diatletico madridalvarez juli alvarez gabung musim panas kemarin musim debut sang striker langgan juara manchester city gagal raih trofi scroll to continue with content juli alvarezkini mati olehbarcelonadanpsgpada bursa transfer musim panas barcelona butuh terus robert lewandowski psg kuat lini serang ya tari psg diskus agen transfer lansir daritribuna bayang seragam barcelona psg musim jujur fokus atletico lihat musim sambung atletico madrid membelijulian alvarezdari manchester city harga juta euro tara rp triliun main usia kontrak musim panas nilai pasar alvarez angka juta euro tara rp triliun atletico sudi lepas,juli alvarezrumornya pindah kebarcelonaatau kepsgdi musim panas cabut diatletico madridalvarez juli alvarez gabung musim panas kemarin musim debut sang striker langgan juara manchester city gagal raih trofi scroll to continue with content juli alvarezkini mati olehbarcelonadanpsgpada bursa transfer musim panas barcelona butuh terus robert lewandowski psg kuat lini serang ya tari psg diskus agen transfer lansir daritribuna bayang seragam barcelona psg musim jujur fokus atletico lihat musim sambung atletico madrid membelijulian alvarezdari manchester city harga juta euro tara rp triliun main usia kontrak musim panas nilai pasar alvarez angka juta euro tara rp triliun atletico sudi lepas,Liga Spanyol,1,Liga Spanyol
"Transfer Pembalap MotoGP 2027: Fabio Quartararo ke Aprilia, KTM Blokir Keluarnya Pedro Acosta","Ringkasan Berita:Bursa transfer pembalapMotoGP 2027diwarnai kabarApriliayang kembali berusaha mendekatiFabio Quartararodari YamahaSementara dariKTM, berusaha memblokir pintu keluarPedro Acostadengan cara memberikan motor terbaik19 pembalap habis kontrak setelah MotoGP 2026 berakhirTRIBUNNEWS.COM- Update transfer pembalapMotoGP 2027datang dari garasiApriliadanKTM.Apriliadilaporkan akan melakukan pertaruhan untuk mendatangkanFabio Quartararo.SementaraKTMakan mempertahankan semaksimal mungkin agarPedro Acostatidak menyeberang ke tim rival padaMotoGP 2027.Jendela transfer pembalapMotoGP 2027menghadirkan sorotan. Sebab peluang untuk menciptakan saga transfer kepindahan pembalap maupun plot twist terbuka lebar.Hal ini tak terlepas karena mayoritas pembalap akan habis kontraknya setelah MotoGP 2026 usai.CORNERING - Pembalap Monster Energy Yamaha asal Prancis Fabio Quartararo berkendara saat sesi latihan Grand Prix MotoGP Thailand di Sirkuit Internasional Buriram di Buriram pada 27 Oktober 2023. (Foto Arsip, Oktober 2023)(LILLIAN SUWANRUMPHA / AFP)Tak terkecuali Marco Bezzecchi danJorge Martinyang terikat kontrak dengan pabrikan Noale, Italia,Aprilia. Jika melihat performa, Bezzecchi di atas Martin.Bahkan Bez, sapaan akrab Marco Bezzecchi, tengah bersaing panas melawan Francesco 'Pecco' Bagnaia di perebutan posisi tiga klasemen akhir MotoGP 2025.Lain cerita denganJorge Martindi mana juara dunia MotoGP 2024 ini tercecer di posisi 21 klasemen berbekal 34 poin.Sebagai catatan,Jorge Martinabsen di sejumlah seri karena mengalami cedera. Bahkan waktu adaptasinya tidak semaksimal Bezzecchi.Situasinya kini menjadi pertanyaan bagiAprilia, akankah 'adik dari Ducati' ini akan memperpanjang kontrakJorge Martinatau sebaliknya? Mengingat rider asal Madrid, Spanyol ini sempat ingin meninggalkan tim satu tahun lebih cepat dari kontrak yang dia miliki.Dalam laporan Diario AS,Apriliaberpeluang besar untuk mendepakJorge Martinsetelah MotoGP 2026, dengan catatan rider berjuluk The Martinator itu gagal memperlihatkan kemampuan terbaiknya.Martin pun tidak kurang peminat. Honda Racing Corporation (HRC) juga sudah menunggu kesempatan untuk merealisasikan keinginan tertundanya mendapatkan tanda tanganJorge Martin.Aprilia juga bukannya tanpa opsi pengganti jika memilih tak memperpanjang kontrak JM01.Sebab,Apriliajuga ingin mewujudkan transfer impiannya dalam mendatangkan El Diablo, julukanFabio Quartararo.Menjadi rahasia umum bahwaApriliasempat mengincar pembalap kelahiran Nice, Prancis. Pada MotoGP 2024,Apriliapernah berusaha untuk mendatangkan Quartararo, sebelum akhirnya juara dunia MotoGP 2021 memilih memperpanjang kontrak di Monster Energy Yamaha.Bahkan El Diablo menjadi pembalap dengan gaji tertinggi di grid MotoGP saat ini, yakni mencapai Rp207 miliar. TRIBUNNEWS.COM- Update transfer pembalapMotoGP 2027datang dari garasiApriliadanKTM.Apriliadilaporkan akan melakukan pertaruhan untuk mendatangkanFabio Quartararo. SementaraKTMakan mempertahankan semaksimal mungkin agarPedro Acostatidak menyeberang ke tim rival padaMotoGP 2027. Jendela transfer pembalapMotoGP 2027menghadirkan sorotan. Sebab peluang untuk menciptakan saga transfer kepindahan pembalap maupun plot twist terbuka lebar. Hal ini tak terlepas karena mayoritas pembalap akan habis kontraknya setelah MotoGP 2026 usai. Tak terkecuali Marco Bezzecchi danJorge Martinyang terikat kontrak dengan pabrikan Noale, Italia,Aprilia. Jika melihat performa, Bezzecchi di atas Martin. Bahkan Bez, sapaan akrab Marco Bezzecchi, tengah bersaing panas melawan Francesco 'Pecco' Bagnaia di perebutan posisi tiga klasemen akhir MotoGP 2025. Lain cerita denganJorge Martindi mana juara dunia MotoGP 2024 ini tercecer di posisi 21 klasemen berbekal 34 poin. Sebagai catatan,Jorge Martinabsen di sejumlah seri karena mengalami cedera. Bahkan waktu adaptasinya tidak semaksimal Bezzecchi. Situasinya kini menjadi pertanyaan bagiAprilia, akankah 'adik dari Ducati' ini akan memperpanjang kontrakJorge Martinatau sebaliknya? Mengingat rider asal Madrid, Spanyol ini sempat ingin meninggalkan tim satu tahun lebih cepat dari kontrak yang dia miliki. Dalam laporan Diario AS,Apriliaberpeluang besar untuk mendepakJorge Martinsetelah MotoGP 2026, dengan catatan rider berjuluk The Martinator itu gagal memperlihatkan kemampuan terbaiknya. Martin pun tidak kurang peminat. Honda Racing Corporation (HRC) juga sudah menunggu kesempatan untuk merealisasikan keinginan tertundanya mendapatkan tanda tanganJorge Martin. Aprilia juga bukannya tanpa opsi pengganti jika memilih tak memperpanjang kontrak JM01. Sebab,Apriliajuga ingin mewujudkan transfer impiannya dalam mendatangkan El Diablo, julukanFabio Quartararo. Menjadi rahasia umum bahwaApriliasempat mengincar pembalap kelahiran Nice, Prancis. Pada MotoGP 2024,Apriliapernah berusaha untuk mendatangkan Quartararo, sebelum akhirnya juara dunia MotoGP 2021 memilih memperpanjang kontrak di Monster Energy Yamaha. Bahkan El Diablo menjadi pembalap dengan gaji tertinggi di grid MotoGP saat ini, yakni mencapai Rp207 miliar.",Tribun,liga_spanyol,ringkas beritabursa transfer pembalapmotogp warna kabarapriliayang usaha mendekatifabio quartararodari yamahasementara dariktm usaha blokir pintu keluarpedro acostadengan motor baik balap habis kontrak motogp berakhirtribunnewscom update transfer pembalapmotogp garasiapriliadanktmapriliadilaporkan taruh mendatangkanfabio quartararosementaraktmakan tahan maksimal agarpedro acostatidak seberang tim rival padamotogp jendela transfer pembalapmotogp hadir sorot peluang cipta saga transfer pindah balap plot twist buka lebarhal lepas mayoritas balap habis kontrak motogp usaicornering balap monster energy yamaha prancis fabio quartararo kendara sesi latih grand prix motogp thailand sirkuit internasional buriram buriram oktober foto arsip oktober lillian suwanrumpha afptak kecuali marco bezzecchi danjorge martinyang ikat kontrak pabrikan noale italiaaprilia performa bezzecchi martinbahkan bez sapa akrab marco bezzecchi saing panas lawan francesco pecco bagnaia rebut posisi klasemen motogp cerita denganjorge martindi juara dunia motogp cecer posisi klasemen bekal poinsebagai catatanjorge martinabsen seri alami cedera adaptasi maksimal bezzecchisituasinya bagiaprilia adik ducati panjang kontrakjorge martinatau rider madrid spanyol tinggal tim cepat kontrak milikidalam lapor diario asapriliaberpeluang mendepakjorge martinsetelah motogp catat rider juluk the martinator gagal mampu terbaiknyamartin minat honda racing corporation hrc tunggu sempat realisasi tunda tanda tanganjorge martinaprilia opsi ganti pilih panjang kontrak jmsebabapriliajuga wujud transfer impi el diablo julukanfabio quartararomenjadi rahasia bahwaapriliasempat incar balap lahir nice prancis motogp apriliapernah usaha quartararo juara dunia motogp pilih panjang kontrak monster energy yamahabahkan el diablo balap gaji tinggi grid motogp capai rp miliar tribunnewscom update transfer pembalapmotogp garasiapriliadanktmapriliadilaporkan taruh mendatangkanfabio quartararo sementaraktmakan tahan maksimal agarpedro acostatidak seberang tim rival padamotogp jendela transfer pembalapmotogp hadir sorot peluang cipta saga transfer pindah balap plot twist buka lebar lepas mayoritas balap habis kontrak motogp kecuali marco bezzecchi danjorge martinyang ikat kontrak pabrikan noale italiaaprilia performa bezzecchi martin bez sapa akrab marco bezzecchi saing panas lawan francesco pecco bagnaia rebut posisi klasemen motogp cerita denganjorge martindi juara dunia motogp cecer posisi klasemen bekal poin catatanjorge martinabsen seri alami cedera adaptasi maksimal bezzecchi situasi bagiaprilia adik ducati panjang kontrakjorge martinatau rider madrid spanyol tinggal tim cepat kontrak milik lapor diario asapriliaberpeluang mendepakjorge martinsetelah motogp catat rider juluk the martinator gagal mampu baik martin minat honda racing corporation hrc tunggu sempat realisasi tunda tanda tanganjorge martin aprilia opsi ganti pilih panjang kontrak jm sebabapriliajuga wujud transfer impi el diablo julukanfabio quartararo rahasia bahwaapriliasempat incar balap lahir nice prancis motogp apriliapernah usaha quartararo juara dunia motogp pilih panjang kontrak monster energy yamaha el diablo balap gaji tinggi grid motogp capai rp miliar,ringkas beritabursa transfer pembalapmotogp warna kabarapriliayang usaha mendekatifabio quartararodari yamahasementara dariktm usaha blokir pintu keluarpedro acostadengan motor baik balap habis kontrak motogp berakhirtribunnewscom update transfer pembalapmotogp garasiapriliadanktmapriliadilaporkan taruh mendatangkanfabio quartararosementaraktmakan tahan maksimal agarpedro acostatidak seberang tim rival padamotogp jendela transfer pembalapmotogp hadir sorot peluang cipta saga transfer pindah balap plot twist buka lebarhal lepas mayoritas balap habis kontrak motogp usaicornering balap monster energy yamaha prancis fabio quartararo kendara sesi latih grand prix motogp thailand sirkuit internasional buriram buriram oktober foto arsip oktober lillian suwanrumpha afptak kecuali marco bezzecchi danjorge martinyang ikat kontrak pabrikan noale italiaaprilia performa bezzecchi martinbahkan bez sapa akrab marco bezzecchi saing panas lawan francesco pecco bagnaia rebut posisi klasemen motogp cerita denganjorge martindi juara dunia motogp cecer posisi klasemen bekal poinsebagai catatanjorge martinabsen seri alami cedera adaptasi maksimal bezzecchisituasinya bagiaprilia adik ducati panjang kontrakjorge martinatau rider madrid spanyol tinggal tim cepat kontrak milikidalam lapor diario asapriliaberpeluang mendepakjorge martinsetelah motogp catat rider juluk the martinator gagal mampu terbaiknyamartin minat honda racing corporation hrc tunggu sempat realisasi tunda tanda tanganjorge martinaprilia opsi ganti pilih panjang kontrak jmsebabapriliajuga wujud transfer impi el diablo julukanfabio quartararomenjadi rahasia bahwaapriliasempat incar balap lahir nice prancis motogp apriliapernah usaha quartararo juara dunia motogp pilih panjang kontrak monster energy yamahabahkan el diablo balap gaji tinggi grid motogp capai rp miliar tribunnewscom update transfer pembalapmotogp garasiapriliadanktmapriliadilaporkan taruh mendatangkanfabio quartararo sementaraktmakan tahan maksimal agarpedro acostatidak seberang tim rival padamotogp jendela transfer pembalapmotogp hadir sorot peluang cipta saga transfer pindah balap plot twist buka lebar lepas mayoritas balap habis kontrak motogp kecuali marco bezzecchi danjorge martinyang ikat kontrak pabrikan noale italiaaprilia performa bezzecchi martin bez sapa akrab marco bezzecchi saing panas lawan francesco pecco bagnaia rebut posisi klasemen motogp cerita denganjorge martindi juara dunia motogp cecer posisi klasemen bekal poin catatanjorge martinabsen seri alami cedera adaptasi maksimal bezzecchi situasi bagiaprilia adik ducati panjang kontrakjorge martinatau rider madrid spanyol tinggal tim cepat kontrak milik lapor diario asapriliaberpeluang mendepakjorge martinsetelah motogp catat rider juluk the martinator gagal mampu baik martin minat honda racing corporation hrc tunggu sempat realisasi tunda tanda tanganjorge martin aprilia opsi ganti pilih panjang kontrak jm sebabapriliajuga wujud transfer impi el diablo julukanfabio quartararo rahasia bahwaapriliasempat incar balap lahir nice prancis motogp apriliapernah usaha quartararo juara dunia motogp pilih panjang kontrak monster energy yamaha el diablo balap gaji tinggi grid motogp capai rp miliar,Liga Spanyol,1,Liga Spanyol
Nova Arianto Nilai Timnas U-17 Tampil Lebih Baik Lawan Brasil,"Timnas Indonesia U-17tak mampu menghindari kekalahan telak dariBrasil. Namun PelatihTimnas U-17Nova Ariantomenilai secara permainan sudah ada peningkatan. Timnas U-17 kalah telak 0-4 dari Brasil dalam laga di Lapangan 7 Aspire Zone, Jumat (7/11/2025), pada laga keduaPiala Dunia U-17 2025. Garuda Muda sudah bobol saat laga baru tiga menit, ditambah gol bunuh diri Putu Panji pada menit ke-34 dan gol dari Kayke lima menit berselang. Brasil menambah satu gol lain pada menit ke-79 melalui tembakan jarak jauh Ruan Pablo. Skor ini cukup mencerminkan jalannya laga, dengan Brasil memang mendominasi dan mendesak timnas U-17 dengan kualitas olah bolanya. SCROLL TO CONTINUE WITH CONTENT  Pelatih Timnas U-17 Nova Arianto enggan semata-mata fokus ke skor, apalagi jika mengingat Brasil memang tim unggulan di turnamen ini. Baginya sikap dan etos kerja para pemain patut diapresiasi. Timnas U-17 bekerja keras untuk menahan tekanan Brasil dan Nova menilai secara permainan, pemain tampil lebih baik ketimbang saat kalah 1-3 dari Zambia di laga pertama. ""Ya, saya cukup senang ya dengan kerja keras mereka hari ini. Sekali lagi, ini pertandingan lebih baik daripada pertandingan kita melawan Zambia, dan saya mau pemain selalu menunjukkan effort seperti ini,"" ujarnya selepas pertandingan.  ""Dan selagi kita masih ada satu gim lagi, bagaimanapun caranya saya minta dapat tiga poin dan peluang kita masih terbuka untuk lolos babak selanjutnya,"" imbuhnya. Indonesia masih tanpa poin dari dua pertandingan di Grup H sementara Brasil dan Zambia telah memastikan lolos. Timnas U-17 saat ini ada di peringkat tiga dengan selisih gol lebih baik dari Honduras. Peluang untuk lanjut ke babak 32 besar masih terbuka lewat jalur delapan tim peringkat tiga terbaik. Indonesia akan menghadapi Honduras pada Senin (10/11) malam WIB.",Detik,liga_indonesia,timnas indonesia utak hindar kalah telak daribrasil pelatihtimnas unova ariantomenilai main tingkat timnas u kalah telak brasil laga lapang aspire zone jumat laga keduapiala dunia u garuda muda bobol laga menit tambah gol bunuh putu panji menit gol kayke menit selang brasil tambah gol menit tembak jarak ruan pablo skor cermin jalan laga brasil dominasi desak timnas u kualitas olah bola scroll to continue with content latih timnas u nova arianto enggan sematamata fokus skor brasil tim unggul turnamen bagi sikap etos kerja main patut apresiasi timnas u keras tahan tekan brasil nova nilai main main tampil ketimbang kalah zambia laga ya senang ya kerja keras tanding tanding lawan zambia main effort lepas tanding selagi gim poin peluang buka lolos babak imbuh indonesia poin tanding grup h brasil zambia lolos timnas u peringkat selisih gol honduras peluang babak buka jalur delapan tim peringkat baik indonesia hadap honduras senin malam wib,timnas indonesia utak hindar kalah telak daribrasil pelatihtimnas unova ariantomenilai main tingkat timnas u kalah telak brasil laga lapang aspire zone jumat laga keduapiala dunia u garuda muda bobol laga menit tambah gol bunuh putu panji menit gol kayke menit selang brasil tambah gol menit tembak jarak ruan pablo skor cermin jalan laga brasil dominasi desak timnas u kualitas olah bola scroll to continue with content latih timnas u nova arianto enggan sematamata fokus skor brasil tim unggul turnamen bagi sikap etos kerja main patut apresiasi timnas u keras tahan tekan brasil nova nilai main main tampil ketimbang kalah zambia laga ya senang ya kerja keras tanding tanding lawan zambia main effort lepas tanding selagi gim poin peluang buka lolos babak imbuh indonesia poin tanding grup h brasil zambia lolos timnas u peringkat selisih gol honduras peluang babak buka jalur delapan tim peringkat baik indonesia hadap honduras senin malam wib,Liga Indonesia,1,Liga Indonesia
"'Real Madrid Tidak Akan Hukum Vinicius, tapi...'","Vinicius Juniorkabarnya tidak akan mendapatkan hukuman dariReal Madridatas reaksinya yang marah-marah setelah ditarik keluar dalam El Clasico akhir pekan lalu. MenurutESPN, yang merujuk pada sumbernya, tindakan pesepakbola asal Brasil tersebut tidak membuat petinggi klub bakal menjatuhkan sanksi. Di sisi lain, Vinicius mungkin tidak akan lolos sepenuhnya dari potensi hukuman. Itu dikarenakan Xabi Alonso, pelatih Real Madrid, tetap diperkenankan untuk membuat keputusan teknis termasuk perihal hukuman. SCROLL TO CONTINUE WITH CONTENT ESPNsebelumnya melaporkan bahwa hubungan Vinicius Jr dan Xabi Alonso mengalami keretakan akibat respons si pesepakbola saat ditarik keluar pelatihnya.  Menurut laporan tersebut, Vinicius Jr dan Xabi Alonso akan melakukan pembicaraan secara langsung pada saat para pemain Real Madrid kembali berlatih pada hari Rabu (29/10/2025) ini. Lebih jauh seputar potensi hukuman dari Xabi Alonso kepada Vinicius Jr, seorang juru bicara klub enggan memberikan komentar kepada ESPN seraya menegaskan masalah kedisiplinan sepenuhnya merupakan urusan internal. Musim iniVinicius Jrsudah tiga kali ditepikanXabi Alonsodari daftar starting XIReal Madrid. Hal itu pula yang kabarnya sudah bikin si pesepakbola gerah. Dalam beberapa bulan terakhir, pembicaraan kontrak baru dengan Vinicius Jr kabarnya juga mengalami stagnasi. Kontraknya di Real Madrid masih berjalan sampai tahun 2027.",Detik,liga_spanyol,vinicius juniorkabarnya hukum darireal madridatas reaksi marahmarah tarik el clasico pekan menurutespn rujuk sumber tindak pesepakbola brasil petinggi klub jatuh sanksi sisi vinicius lolos sepenuh potensi hukum xabi alonso latih real madrid kenan putus teknis perihal hukum scroll to continue with content espnsebelumnya lapor hubung vinicius jr xabi alonso alami kereta akibat respons si pesepakbola tarik latih lapor vinicius jr xabi alonso bicara langsung main real madrid latih rabu putar potensi hukum xabi alonso vinicius jr juru bicara klub enggan komentar espn seraya disiplin sepenuh urus internal musim inivinicius jrsudah kali ditepikanxabi alonsodari daftar starting xireal madrid kabar bikin si pesepakbola gerah bicara kontrak vinicius jr kabar alami stagnasi kontrak real madrid jalan,vinicius juniorkabarnya hukum darireal madridatas reaksi marahmarah tarik el clasico pekan menurutespn rujuk sumber tindak pesepakbola brasil petinggi klub jatuh sanksi sisi vinicius lolos sepenuh potensi hukum xabi alonso latih real madrid kenan putus teknis perihal hukum scroll to continue with content espnsebelumnya lapor hubung vinicius jr xabi alonso alami kereta akibat respons si pesepakbola tarik latih lapor vinicius jr xabi alonso bicara langsung main real madrid latih rabu putar potensi hukum xabi alonso vinicius jr juru bicara klub enggan komentar espn seraya disiplin sepenuh urus internal musim inivinicius jrsudah kali ditepikanxabi alonsodari daftar starting xireal madrid kabar bikin si pesepakbola gerah bicara kontrak vinicius jr kabar alami stagnasi kontrak real madrid jalan,Liga Spanyol,1,Liga Spanyol
Apresiasi Ferguson untuk Guardiola yang Masuk 'Klub 1.000',"Sir Alex Fergusonmemberi selamat kepada manajerManchester CityPep Guardiolayang akan menjalani pertandingan ke-1.000 sebagai pelatih akhir pekan ini. Sebuah pencapaian yang tak mudah dilalui selama belasan tahun. Pertandingan ke-1.000 Guardiola sebagai pelatih akan terjadi dalam duel Manchester City vs Liverpool pada Minggu (9/11/2025) pukul 23.30 WIB. Sejak memulai karier manajerial pada 2007, ia pernah menangani Barcelona B, Barcelona, Bayern Munich, dan kini City. Sudah 999 laga dilalui Guardiola sampai saat ini dengan rincian 42 bersama Barcelona B (2007-2008), 247 bersama Barcelona (2008-2012), 161 bersama Bayern Munich (2013-2016), dan 549 bersama City sejak 2016. SCROLL TO CONTINUE WITH CONTENT  Pelatih asal Spanyol itu juga memiliki jumlah kemenangan yang tinggi, yakni 715 kali (71 persen). Ia pun telah memenangi 40 trofi, termasuk 12 gelar liga di tiga negara berbeda. Ferguson, yang telah melalui lebih dari 2.000 laga termasuk saat menangani Manchester United pada 1986-2013, turut mengapresiasi pencapaian koleganya tersebut selaku perwakilan League Managers Association (LMA). ""Pep! Saya sangat senang menyambut Anda bergabung dengan LMA Hall of Fame 1.000 Club yang bergengsi,"" ujar Ferguson, dikutip ESPN.  ""Cinta dan hasrat Anda yang mendalam terhadap sepak bola selalu begitu nyata, dan Anda patut bangga atas dampak tak terlupakan yang terus Anda berikan di dunia sepak bola global."" ""Mencapai 1.000 pertandingan dan mempertahankan prestasi yang begitu panjang di dunia sepak bola merupakan capaian yang tak pernah bisa diremehkan. Terus meraih gelar liga, Liga Champions, dan piala domestik di tiga liga paling kompetitif di Eropa sungguh luar biasa,"" jelas Ferguson. Daftar gelar Pep Guardiola sebagai pelatih sejauh ini",Detik,liga_inggris,sir alex fergusonmemberi selamat manajermanchester citypep guardiolayang jalan tanding latih pekan capai mudah bas tanding guardiola latih duel manchester city vs liverpool minggu wib karier manajerial tangan barcelona b barcelona bayern munich city laga guardiola rincian barcelona b barcelona bayern munich city scroll to continue with content latih spanyol milik menang kali persen tang trofi gelar liga negara beda ferguson laga tangan manchester united apresiasi capai kolega wakil league managers association lma pep senang sambut gabung lma hall of fame club gengsi ferguson kutip espn cinta hasrat dalam sepak bola nyata patut bangga dampak lupa dunia sepak bola global capai tanding tahan prestasi dunia sepak bola capai remeh raih gelar liga liga champions piala domestik liga kompetitif eropa sungguh ferguson daftar gelar pep guardiola latih,sir alex fergusonmemberi selamat manajermanchester citypep guardiolayang jalan tanding latih pekan capai mudah bas tanding guardiola latih duel manchester city vs liverpool minggu wib karier manajerial tangan barcelona b barcelona bayern munich city laga guardiola rincian barcelona b barcelona bayern munich city scroll to continue with content latih spanyol milik menang kali persen tang trofi gelar liga negara beda ferguson laga tangan manchester united apresiasi capai kolega wakil league managers association lma pep senang sambut gabung lma hall of fame club gengsi ferguson kutip espn cinta hasrat dalam sepak bola nyata patut bangga dampak lupa dunia sepak bola global capai tanding tahan prestasi dunia sepak bola capai remeh raih gelar liga liga champions piala domestik liga kompetitif eropa sungguh ferguson daftar gelar pep guardiola latih,Liga Inggris,1,Liga Inggris
"Union Berlin Vs Bayern: Imbang 2-2, Laju Sempurna Die Roten Terhenti","Rentetan kemenanganBayern Munichdi musim 2025/2026 terhenti di tanganUnion Berlin. Bayern harus puas dengan hasil seri 2-2 usai dua kali tertinggal. LagaUnion Berlin vs Bayerndi pekan ke-10Bundesligadigelar di Stadion An der Alten Forsterei, Berlin, Sabtu (8/11/2025) malam WIB. Bayern datang dengan catatan 16 kemenangan beruntun di semua kompetisi sejak awal musim. Union Berlin sempat menjebol gawang Bayern pada menit kesembilan lewat sundulan Ilyas Ansah usai memanfaatkan sepak pojok. Namun, setelah mengecek VAR, wasit menganulir gol tersebut karena offside. SCROLL TO CONTINUE WITH CONTENT Gawang Bayern akhirnya benar-benar bobol pada menit ke-27. Berawal dari sepak pojok Janik Haberer, Danilho Doekhi yang ada di kotak penalti lantas melepaskan tembakan mendatar. Kiper Bayern Manuel Neuer gagal menangkap dengan sempurna dan bola masuk ke gawang.  Bayern mencetak gol balasan pada menit ke-38 lewat Luis Diaz. Dari sudut sempit di sisi kiri kotak penalti Union Berlin, Luis Diaz melepaskan tembakan dengan kanannya. Luis Diaz menyia-nyiakan sebuah peluang bagus pada menit ke-45. Meski tinggal menghadapi kiper Union Berlin, Luis Diaz gagal mengarahkan sepakannya ke gawang. Pada injury time, Harry Kane sempat membobol gawang Union Berlin. Namun, gol tidak disahkan wasit karena Kane lebih dulu berada dalam posisi offside. Union Berlin kembali memimpin pada menit ke-83. Danilho Doekhi menyambar bola rebound untuk menjebol gawang Neuer.  Bayern lantas selamat dari kekalahan berkat gol Kane pada injury time. Kane menanduk bola umpan silang Tom Bischof untuk mengubah skor menjadi 2-2. Dengan hasil ini, Bayern masih nyaman di puncak klasemen Liga Jerman dengan 28 poin dari 10 laga. Sementara Union Berlin ada di urutan ke-10 dengan 12 poin. Susunan Pemain Union Berlin: Ronnow, Haberer (Juranovic 70'), Doekhi, Querfeld, Diogo Leite, Rothe (Kohn 78'), Burke (Jeong 78'), Khedira, Kemlein (Kral 70'), Schafer, Ansah (Skarke 78') Bayern Munich: Neuer, Laimer (Bischof 80'), Upamecano, Tah, Stanisic, Kimmich, Goretzka (Pavlovic 80'), Olise, Gnabry (Karl 59'), Luis Diaz, Kane",Detik,liga_indonesia,rentet kemenanganbayern munichdi musim henti tanganunion lin bayern puas hasil seri kali tinggal lagaunion lin vs bayerndi pekan kebundesligadigelar stadion an der alten forsterei lin sabtu malam wib bayern catat menang untun kompetisi musim union lin jebol gawang bayern menit sembilan sundul ilyas ansah manfaat sepak pojok ecek var wasit anulir gol offside scroll to continue with content gawang bayern benarbenar bobol menit sepak pojok janik haberer danilho doekhi kotak penalti lantas lepas tembak datar kiper bayern manuel neuer gagal tangkap sempurna bola masuk gawang bayern cetak gol balas menit luis diaz sudut sempit sisi kiri kotak penalti union lin luis diaz lepas tembak kanan luis diaz menyianyiakan peluang bagus menit tinggal hadap kiper union lin luis diaz gagal arah pakan gawang injury time harry kane bobol gawang union lin gol sah wasit kane posisi offside union lin pimpin menit danilho doekhi sambar bola rebound jebol gawang neuer bayern lantas selamat kalah berkat gol kane injury time kane tanduk bola umpan silang tom bischof ubah skor hasil bayern nyaman puncak klasemen liga jerman poin laga union lin urut poin susun main union lin ronnow haberer juranovic doekhi querfeld diogo leite rothe kohn burke jeong khedira kemlein kral schafer ansah skarke bayern munich neuer laimer bischof upamecano tah stanisic kimmich goretzka pavlovic olise gnabry karl luis diaz kane,rentet kemenanganbayern munichdi musim henti tanganunion lin bayern puas hasil seri kali tinggal lagaunion lin vs bayerndi pekan kebundesligadigelar stadion an der alten forsterei lin sabtu malam wib bayern catat menang untun kompetisi musim union lin jebol gawang bayern menit sembilan sundul ilyas ansah manfaat sepak pojok ecek var wasit anulir gol offside scroll to continue with content gawang bayern benarbenar bobol menit sepak pojok janik haberer danilho doekhi kotak penalti lantas lepas tembak datar kiper bayern manuel neuer gagal tangkap sempurna bola masuk gawang bayern cetak gol balas menit luis diaz sudut sempit sisi kiri kotak penalti union lin luis diaz lepas tembak kanan luis diaz menyianyiakan peluang bagus menit tinggal hadap kiper union lin luis diaz gagal arah pakan gawang injury time harry kane bobol gawang union lin gol sah wasit kane posisi offside union lin pimpin menit danilho doekhi sambar bola rebound jebol gawang neuer bayern lantas selamat kalah berkat gol kane injury time kane tanduk bola umpan silang tom bischof ubah skor hasil bayern nyaman puncak klasemen liga jerman poin laga union lin urut poin susun main union lin ronnow haberer juranovic doekhi querfeld diogo leite rothe kohn burke jeong khedira kemlein kral schafer ansah skarke bayern munich neuer laimer bischof upamecano tah stanisic kimmich goretzka pavlovic olise gnabry karl luis diaz kane,Liga Indonesia,1,Liga Indonesia
"Tak Disebut dalam Permintaan Maaf Vini, Alonso: Masalah Sudah Selesai!","Permintaan maafVinicius Juniorjustru menguatkan dugaan adanya ketegangan denganXabi Alonso. Namun, Alonso menegaskan masalah dengan Vinicius sudah selesai. Winger topReal Madriditu mengucapkan permintaan maaf secara terbuka, setelah bereaksi tidak pantas saat diganti di tengah El Clasico, akhir pekan lalu. Vinicius mengomel, mencak-mencak pada Alonso, sembari berjalan langsung ke lorong pemain Stadion Santiago Bernabeu. Padahal, Vinicius seharusnya duduk di bangku cadangan Madrid.  SCROLL TO CONTINUE WITH CONTENT Usai menerima berbagai kritik,Vinicius Juniorakhirnya meminta maaf kepada seluruh komponenLos Blancos.Meski demikian, ada kontroversi lain yang mencuat. Bintang sepakbola Brasil itu sama sekali tidak menyebut namaXabi Alonso. Alonso kemudian menjelaskan bahwa dirinya sudah bertemu dengan pesepakbola berusia 25 tahun ini. Mantan pemain Madrid, Liverpool, dan Bayern Munich itu mengaku tidak ada masalah dengan permintaan maaf Vinicius.  ""Pada hari Rabu setelah dua hari libur, kami menggelar pertemuan dengan semua pemain. Vini melakukan tindakan yang bagus, sempurna. Dia bicara dari hati, dengan ketulusan. Saya sangat puas, dan bagi saya, dari saat itu masalahnya selesai,"" ujar pelatihReal Madridini. ""Bagi saya, itu adalah pernyataan yang sangat berharga dan positif. Vini menunjukkan kejujurannya, dia bicara dari hati, apa arti klub ini buat dia,"" sambungXabi AlonsodikutipESPN.""Bagi saya, yang penting adalah apa yang dia katakan kepada rekan-rekan setimnya, fans, dan klub. Saya toh sangat puas dan sejak hari Rabu, masalahnya sudah selesai dan kami sekarang memikirkan tentang apa selanjutnya,"" lugasentrenadorberusia 43 tahun itu.",Detik,liga_spanyol,minta maafvinicius juniorjustru kuat duga tegang denganxabi alonso alonso vinicius selesai winger topreal madriditu minta maaf buka reaksi ganti el clasico pekan vinicius omel mencakmencak alonso sembari jalan langsung lorong main stadion santiago bernabeu vinicius duduk bangku cadang madrid scroll to continue with content terima kritikvinicius juniorakhirnya maaf komponenlos blancosmeski kontroversi cuat bintang sepakbola brasil sebut namaxabi alonso alonso temu pesepakbola usia mantan main madrid liverpool bayern munich aku minta maaf vinicius rabu libur gelar temu main vini tindak bagus sempurna bicara hati tulus puas selesai pelatihreal madridini nyata harga positif vini jujur bicara hati arti klub sambungxabi alonsodikutipespnbagi rekanrekan tim fans klub puas rabu selesai pikir lugasentrenadorberusia,minta maafvinicius juniorjustru kuat duga tegang denganxabi alonso alonso vinicius selesai winger topreal madriditu minta maaf buka reaksi ganti el clasico pekan vinicius omel mencakmencak alonso sembari jalan langsung lorong main stadion santiago bernabeu vinicius duduk bangku cadang madrid scroll to continue with content terima kritikvinicius juniorakhirnya maaf komponenlos blancosmeski kontroversi cuat bintang sepakbola brasil sebut namaxabi alonso alonso temu pesepakbola usia mantan main madrid liverpool bayern munich aku minta maaf vinicius rabu libur gelar temu main vini tindak bagus sempurna bicara hati tulus puas selesai pelatihreal madridini nyata harga positif vini jujur bicara hati arti klub sambungxabi alonsodikutipespnbagi rekanrekan tim fans klub puas rabu selesai pikir lugasentrenadorberusia,Liga Spanyol,1,Liga Spanyol
Hansi Flick Mau Tinggalkan Barcelona?,"Hansi Flickpunya kontrak diBarcelonasampai musim panas 2027. Ada kabar, juru taktik asal Jerman itu mau cabut di akhir musim ini. Hansi Flick dikontrakBarcelonasejak musim panas 2024. Masa baktinya selama tiga tahun. Di musim debutnya, Flick bawa Barca sapu bersih titel domestik. Flick juga mampu memoles para pemain muda jadi lebih menggigit. SCROLL TO CONTINUE WITH CONTENT  Dirangkum dari media-media Spanyol,Hansi Flickdikabarkan mau tinggalkanBarcelonalebih cepat. Pria berusia 60 tahun itu mau cabut di akhir musim 2025/26 alias di musim panas mendatang. Rumornya, Flick tidak puas dengan manajemen Barcelona terkait transfer pemain. Apa daya, Blaugrana memang tidak punya banyak uang untuk boyong pemain-pemain baru.   Hansi Flickturut dikabarkan lelah mengurusi para pemain soal disiplin. Selain itu, Flick juga tidak puas dengan kinerja tim medis karena badai cedera terus-terusan datang menghantam skuadnya. Yang pasti, itu masih sebatas rumor. Belum ada tanggapan dari Flick sendiri atau dari pihak klub. Andai Flick beneran akan pergi, maka Barca... ya harus segera cari pengganti. Siapa nih yang cocok jadi penerusnya?",Detik,liga_spanyol,hansi flickpunya kontrak dibarcelonasampai musim panas kabar juru taktik jerman cabut musim hansi flick dikontrakbarcelonasejak musim panas bakti musim debut flick bawa barca sapu bersih titel domestik flick moles main muda gigit scroll to continue with content rangkum mediamedia spanyolhansi flickdikabarkan tinggalkanbarcelonalebih cepat pria usia cabut musim alias musim panas rumor flick puas manajemen barcelona kait transfer main daya blaugrana uang boyong pemainpemain hansi flickturut kabar lelah urus main disiplin flick puas kerja tim medis badai cedera terusterusan hantam skuadnya batas rumor tanggap flick klub andai flick beneran pergi barca ya cari ganti nih cocok terus,hansi flickpunya kontrak dibarcelonasampai musim panas kabar juru taktik jerman cabut musim hansi flick dikontrakbarcelonasejak musim panas bakti musim debut flick bawa barca sapu bersih titel domestik flick moles main muda gigit scroll to continue with content rangkum mediamedia spanyolhansi flickdikabarkan tinggalkanbarcelonalebih cepat pria usia cabut musim alias musim panas rumor flick puas manajemen barcelona kait transfer main daya blaugrana uang boyong pemainpemain hansi flickturut kabar lelah urus main disiplin flick puas kerja tim medis badai cedera terusterusan hantam skuadnya batas rumor tanggap flick klub andai flick beneran pergi barca ya cari ganti nih cocok terus,Liga Spanyol,1,Liga Spanyol
"Arsenal Kecewa Dijegal Sunderland, tapi...","Arsenalkehilangan tiga poin di depan mata saat melawanSunderland. Walaupun ada rasa kecewa,Riccardo Calafiorimensyukuri kemampuan tim untuk bangkit. Sunderland vs Arsenal berlangsung di Stadium of Light dalam lanjutan Liga Inggris, Minggu (9/11/2025) dini hari WIB. Pertandingan tuntas 2-2. Arsenal tertinggal 0-1 lebih dulu di babak pertama akibat gol Daniel Ballard. Hal itu membuat rangkaian delapan clean sheet beruntun Arsenal terhenti. SCROLL TO CONTINUE WITH CONTENT Di babak kedua, Arsenal membalas untuk memimpin 2-1 lewat Bukayo Saka dan Leandro Trossard. Keunggulan itu bertahan sampai mendekati akhir laga. Arsenal ternyata gagal membawa pulang tiga poin. Gawang David Raya dibobol Brian Brobbey di injury time untuk mengubah skor akhir menjadi 2-2.  ""Saya rasa Anda bisa melihat kami sangat, sangat kecewa, terutama karena kami berhasil bangkit,"" kata Calafiori yang dikutip dari situs resmi Arsenal. ""Saya sangat menyukai reaksi kami di babak kedua. Saya rasa kami pantas (menang) dan kami mendominasi permainan. Pada akhirnya, karena duel atau satu aksi, kami kehilangan beberapa poin di sini,"" sambungnya. Hasil ini membuat Arsenal di puncak klasemen dengan 26 poin. Sunderland ada di urutan ketiga dengan 19 poin. ""Kami berada di puncak klasemen, jadi setidaknya harus bahagia. Kami perlu memikirkan itu. Kami perlu memikirkan pertandingan berikutnya yang akan sulit, dan sebenarnya banyak pertandingan yang akan sulit dalam beberapa bulan ke depan. Jadi, kami sepenuhnya fokus dan saya bangga dengan tim saya sejauh ini,"" tegasnya.",Detik,liga_inggris,arsenalkehilangan poin mata melawansunderland kecewariccardo calafiorimensyukuri mampu tim bangkit sunderland vs arsenal stadium of light lanjut liga inggris minggu wib tanding tuntas arsenal tinggal babak akibat gol daniel ballard rangkai delapan clean sheet untun arsenal henti scroll to continue with content babak arsenal balas pimpin bukayo saka leandro trossard unggul tahan dekat laga arsenal gagal bawa pulang poin gawang david raya bobol brian brobbey injury time ubah skor kecewa hasil bangkit calafiori kutip situs resmi arsenal suka reaksi babak menang dominasi main duel aksi hilang poin sambung hasil arsenal puncak klasemen poin sunderland urut tiga poin puncak klasemen bahagia pikir pikir tanding sulit tanding sulit sepenuh fokus bangga tim,arsenalkehilangan poin mata melawansunderland kecewariccardo calafiorimensyukuri mampu tim bangkit sunderland vs arsenal stadium of light lanjut liga inggris minggu wib tanding tuntas arsenal tinggal babak akibat gol daniel ballard rangkai delapan clean sheet untun arsenal henti scroll to continue with content babak arsenal balas pimpin bukayo saka leandro trossard unggul tahan dekat laga arsenal gagal bawa pulang poin gawang david raya bobol brian brobbey injury time ubah skor kecewa hasil bangkit calafiori kutip situs resmi arsenal suka reaksi babak menang dominasi main duel aksi hilang poin sambung hasil arsenal puncak klasemen poin sunderland urut tiga poin puncak klasemen bahagia pikir pikir tanding sulit tanding sulit sepenuh fokus bangga tim,Liga Inggris,1,Liga Inggris
Atalanta Panas! Pelatih dan Striker Cekcok,"Situasi Atalanta lagi memanas. Ini setelah pelatihIvan Juricdan strikerAdemola Lookmancekcok. Duh, kenapa? Lookman bermain sebagai starter saat Atalanta menghadapi Olympique Marseille, Kamis (6/11/2025) dini hari WIB, di matchday keempatLiga Champions 2025/2026. Tapi, Lookman diganti pada menit ke-75 dalam posisi skor 0-0. Pemain asal Nigeria itu cuma mencatatkan dua shot sepanjang di lapangan sehingga dirasa butuh penyegaran di lini serang. SCROLL TO CONTINUE WITH CONTENT Namun, Lookman tidak senang dengan keputusan Juric tersebut. Saat melewati Juric, Lookman seperti berkata sesuatu kepada pelatihnya yang berujung keributan. Juric berbalik badan dan menarik tangan Lookman, sehingga beberapa staf pelatih sampai harus melerai keduanya. Beruntung cekcok itu tidak berlangsung lama. Untungnya Atalanta menang 1-0 lewat gol Lazar Samardzic pada menit ke-89. Insiden itu membuat rumor masa depan Lookman kembali memanas.  Sebab, Lookman meminta dijual ke Inter Milan musim panas lalu, tapi Atalanta menolak karena harga yang ditawarkan tidak sesuai. Lookman bahkan tidak mau berlatih bareng tim sebelum akhirnya melunak karena dirayu Juric. Ini bukan pertama kalinya Lookman bertengkar dengan pelatih Atalanta.  [Gambas:Twitter]   Musim lalu, Lookman mengkritik mantan pelatih Atalanta Gian Piero Gasperini, yang menyinggung catatan penaltinya yang buruk. Itu setelah Lookman gagal mengeksekusi penalti saat menghadapi Club Brugge. Lookman yang dibeli dari Leicester City pada 2022 punya 53 gol dari 127 laga bersama Atalanta. Dia mencetak hat-trick saat Atalanta juara Liga Europa ke gawang Bayer Leverkusen di partai final. Akankah Lookman tetap lanjut di Atalanta Januari nanti?",Detik,liga_italia,situasi atalanta panas pelatihivan juricdan strikerademola lookmancekcok duh lookman main starter atalanta hadap olympique marseille kamis wib matchday keempatliga champions lookman ganti menit posisi skor main nigeria catat shot lapang rasa butuh segar lini serang scroll to continue with content lookman senang putus juric lewat juric lookman latih ujung ribut juric balik badan tarik tangan lookman staf latih lerai untung cekcok untung atalanta menang gol lazar samardzic menit insiden rumor lookman panas lookman jual inter mil musim panas atalanta tolak harga tawar sesuai lookman latih bareng tim lunak rayu juric kali lookman tengkar latih atalanta gambastwitter musim lookman kritik mantan latih atalanta gian piero gasperini singgung catat penalti buruk lookman gagal eksekusi penalti hadap club brugge lookman beli leicester city gol laga atalanta cetak hattrick atalanta juara liga europa gawang bayer leverkusen partai final lookman atalanta januari,situasi atalanta panas pelatihivan juricdan strikerademola lookmancekcok duh lookman main starter atalanta hadap olympique marseille kamis wib matchday keempatliga champions lookman ganti menit posisi skor main nigeria catat shot lapang rasa butuh segar lini serang scroll to continue with content lookman senang putus juric lewat juric lookman latih ujung ribut juric balik badan tarik tangan lookman staf latih lerai untung cekcok untung atalanta menang gol lazar samardzic menit insiden rumor lookman panas lookman jual inter mil musim panas atalanta tolak harga tawar sesuai lookman latih bareng tim lunak rayu juric kali lookman tengkar latih atalanta gambastwitter musim lookman kritik mantan latih atalanta gian piero gasperini singgung catat penalti buruk lookman gagal eksekusi penalti hadap club brugge lookman beli leicester city gol laga atalanta cetak hattrick atalanta juara liga europa gawang bayer leverkusen partai final lookman atalanta januari,Liga Italia,1,Liga Italia
"Amorim Peringatkan Tottenham: MU Kini Beda, Main Lebih Oke","Manchester Unitedakan bertamu keTottenham Hotspur, akhir pekan ini. Manajer MURuben Amorimyakin, timnya tak akan main seperti final Liga Europa musim lalu. LagaTottenham Hotspur vs Manchester Uniteddalam lanjutanLiga Inggrisakan digelar pada Sabtu (8/11/2025) malam WIB. Ini jadi pertemuan pertama kedua klub sejak Spurs mempecundangi Setan Merah 1-0 di final Liga Europa 2024/2025. Di pertandingan itu, MU kalah padahal mendominasi permainan. Bruno Fernandes dkk gagal menciptakan gol sekalipun menguasai bola lebih dari 70 persen dengan melepaskan 16 percobaan, termasuk empat peluang bersih. Sedangkan Tottenham cuma membuat tiga percobaan dengan satu peluang bersih, yang sukses dikonversi Brennan Johnson menjadi gol kemenangan timnya. SCROLL TO CONTINUE WITH CONTENT  Manchester Unitedakan menantang Tottenham dengan laju tidak terkalahkan di empat laga terakhirnya, dengan tiga kemenangan. Amorim menegaskan, MU bukan lagi tim yang dulu dan sudah jauh percaya diri. ""Yang pertama, karakteristik para pemainnya. Kami punya karakteristik pemain yang berbeda di tim kami, sekaligus punya banyak pemain yang bermain pada musim lalu,"" sahut dia dilansirStandard.  ""Jadi kami sekarang adalah tim yang lebih baik. Kami bermain lebih baik, kami memahami permainan lebih baik. Saya kira kami lebih percaya diri. Kami toh mencapai final itu dengan percaya diri bahwa kami bisa juara karena saat itu kami bagus di Eropa, tapi saat ini kami bermain dengan rasa percaya diri yang berbeda."" ""Kami mengatur momen-momen permainan dengan lebih baik, tapi jika Anda ingat pertandingan itu bahwa mereka cuma punya [satu] tembakan ke arah gawang, dan mereka memenangi pertandingannya,"" lanjutRuben Amorim. ""Saya menduga sebuah pertandingan yang berbeda, yang akan kami mainkan dengan lebih baik tapi juga memiliki sedikit keberuntungan untuk membantu kami memenangi pertandingan,"" dia menambahkan jelangTottenham vs MU.",Detik,liga_inggris,manchester unitedakan tamu ketottenham hotspur pekan manajer muruben amorimyakin tim main final liga europa musim lagatottenham hotspur vs manchester uniteddalam lanjutanliga inggrisakan gelar sabtu malam wib temu klub spurs cundang setan merah final liga europa tanding mu kalah dominasi main bruno fernandes dkk gagal cipta gol kuasa bola persen lepas coba peluang bersih tottenham coba peluang bersih sukses konversi brennan johnson gol menang tim scroll to continue with content manchester unitedakan tantang tottenham laju kalah laga akhir menang amorim mu tim percaya karakteristik main karakteristik main beda tim main main musim sahut dilansirstandard tim main paham main percaya capai final percaya juara bagus eropa main percaya beda atur momenmomen main tanding tembak arah gawang tang tanding lanjutruben amorim duga tanding beda main milik untung bantu tang tanding jelangtottenham vs mu,manchester unitedakan tamu ketottenham hotspur pekan manajer muruben amorimyakin tim main final liga europa musim lagatottenham hotspur vs manchester uniteddalam lanjutanliga inggrisakan gelar sabtu malam wib temu klub spurs cundang setan merah final liga europa tanding mu kalah dominasi main bruno fernandes dkk gagal cipta gol kuasa bola persen lepas coba peluang bersih tottenham coba peluang bersih sukses konversi brennan johnson gol menang tim scroll to continue with content manchester unitedakan tantang tottenham laju kalah laga akhir menang amorim mu tim percaya karakteristik main karakteristik main beda tim main main musim sahut dilansirstandard tim main paham main percaya capai final percaya juara bagus eropa main percaya beda atur momenmomen main tanding tembak arah gawang tang tanding lanjutruben amorim duga tanding beda main milik untung bantu tang tanding jelangtottenham vs mu,Liga Inggris,1,Liga Inggris
Jadwal Badminton setelah Korea Masters 2025: Kadek Dhinda Lanjut Main di Kumamoto Masters 2025,"Ringkasan Berita:Kumamoto Masters 2025 jadi agenda badminton selanjutnya setelahKorea Masters 2025selesai, akan diikuti 5 wakil IndonesiaNi Kadek Dhinda kembali berlaga bersama Gregoria Mariska setelah mebuktikan tuahnya saat beraksi diKorea Masters 2025Menariknya, sebelumnya ada Anthony Ginting bahkan Jonatan Christie yang ambil bagian diKumamoto Masters 2025, namun mereka memutuskan mundurTRIBUNNEWS.COM- Jadwal badminton setelahKorea Masters 2025rampung adaKumamoto Masters 2025di Jepang.Kumamoto Masters 2025 merupakan turnamen berlabel super 500 yang mana Indonesia menurunkan sebanyak 5 wakil.Turamen ini akan dihelat di Kumamoto Prefectural Gymnasium, Jepang, mulai Selasa (11/11/2025) hingga Minggu (16/11/2025).Wakil Indonesia yang ambil bagian adaNi Kadek Dhinda Amartya Pratiwiyang telah membuktikan tuahnya diKorea Masters 2025, lanjut main diKumamoto Masters 2025.Kadek Dhinda selaku andalan di nomor tunggal putri akan menemani seniornya, Gregoria Mariska.Atlet yang akrab disapa Jorji tersebut akan coba peruntungannya diKumamoto Masters 2025bersama Dhinda.Pemain asal Wonogiri tersebut mendapat status mentereng jelang bermain diKumamoto Masters 2025.Keuntungan dari banyaknya wakil elite dunia seperti An Se-young (Korea), Wang Zhi Yi (China), hingga Putri Kusuma Wardani, bikin Jorji dapat status unggulan.lihat fotoTEMBUS SEMIFINAL - Pebulutangkis tunggal putri Indonesia, Ni Kadek Dhinda Amartya Pratiwi, berhasil menembus babak semifinal turnamen Korea Masters 2025 setelah menyingkirkan wakil tuan rumah, Park Ga Eun dengan skor 21-15, 22-24, 21-13 di Wonkwang University Cultural dan Sports Center, Iksan, Korea Selatan, Jumat (7/11/2025).Istri Mikha Angelo ini didapuk sebagai unggulan keempat dalam gelaranKumamoto Masters 2025.Unggulan-unggulan lain di tunggal putri ada jagoan tuan rumah, Akane Yamaguchi, Tokoma Miyazaki, hingga idola Jorji, Ratchanok Intanon (Thailand).Dhinda yang akan turut ambil bagian bersama Jorji tak berstatus unggulan.Ini karena peringkat dunia Dhinda masih jauh dari potensinya menjadi pemain unggulan di level super 500.Baca juga:Kumamoto Masters 2025 Penentuan Nasib Fajar/Fikri ke BWF World Tour Finals 2025Jelang main diKumamoto Masters 2025, peringkat dunia milik Dhinda masih di luar top 100.Selain Jorji dan Dhinda, masih ada utusan Merah-Putih lain yang turut berlaga.Di tunggal putra ada dua pemain muda Indonesia yang akan beraksi. TRIBUNNEWS.COM- Jadwal badminton setelahKorea Masters 2025rampung adaKumamoto Masters 2025di Jepang. Kumamoto Masters 2025 merupakan turnamen berlabel super 500 yang mana Indonesia menurunkan sebanyak 5 wakil. Turamen ini akan dihelat di Kumamoto Prefectural Gymnasium, Jepang, mulai Selasa (11/11/2025) hingga Minggu (16/11/2025). Wakil Indonesia yang ambil bagian adaNi Kadek Dhinda Amartya Pratiwiyang telah membuktikan tuahnya diKorea Masters 2025, lanjut main diKumamoto Masters 2025. Kadek Dhinda selaku andalan di nomor tunggal putri akan menemani seniornya, Gregoria Mariska. Atlet yang akrab disapa Jorji tersebut akan coba peruntungannya diKumamoto Masters 2025bersama Dhinda. Pemain asal Wonogiri tersebut mendapat status mentereng jelang bermain diKumamoto Masters 2025. Keuntungan dari banyaknya wakil elite dunia seperti An Se-young (Korea), Wang Zhi Yi (China), hingga Putri Kusuma Wardani, bikin Jorji dapat status unggulan. Istri Mikha Angelo ini didapuk sebagai unggulan keempat dalam gelaranKumamoto Masters 2025. Unggulan-unggulan lain di tunggal putri ada jagoan tuan rumah, Akane Yamaguchi, Tokoma Miyazaki, hingga idola Jorji, Ratchanok Intanon (Thailand). Dhinda yang akan turut ambil bagian bersama Jorji tak berstatus unggulan. Ini karena peringkat dunia Dhinda masih jauh dari potensinya menjadi pemain unggulan di level super 500. Baca juga:Kumamoto Masters 2025 Penentuan Nasib Fajar/Fikri ke BWF World Tour Finals 2025 Jelang main diKumamoto Masters 2025, peringkat dunia milik Dhinda masih di luar top 100. Selain Jorji dan Dhinda, masih ada utusan Merah-Putih lain yang turut berlaga. Di tunggal putra ada dua pemain muda Indonesia yang akan beraksi.",Tribun,liga_spanyol,ringkas beritakumamoto masters agenda badminton setelahkorea masters selesai ikut wakil indonesiani kadek dhinda laga gregoria mariska mebuktikan tuah aksi dikorea masters tarik anthony ginting jonatan christie ambil dikumamoto masters putus mundurtribunnewscom jadwal badminton setelahkorea masters rampung adakumamoto masters jepangkumamoto masters turnamen label super indonesia turun wakilturamen helat kumamoto prefectural gymnasium jepang selasa minggu wakil indonesia ambil adan kadek dhinda amartya pratiwiyang bukti tuah dikorea masters main dikumamoto masters kadek dhinda andal nomor tunggal putri tani senior gregoria mariskaatlet akrab sapa jorji coba untung dikumamoto masters dhindapemain wonogiri status mentereng jelang main dikumamoto masters untung banyak wakil elite dunia an seyoung korea wang zhi yi china putri kusuma wardani bikin jorji status unggulanlihat fototembus semifinal pebulutangkis tunggal putri indonesia ni kadek dhinda amartya pratiwi hasil tembus babak semifinal turnamen korea masters singkir wakil tuan rumah park ga eun skor wonkwang university cultural sports center iksan korea selatan jumat istri mikha angelo didapuk unggul empat gelarankumamoto masters unggulanunggulan tunggal putri jago tuan rumah akane yamaguchi tokoma miyazaki idola jorji ratchanok intanon thailanddhinda ambil jorji status unggulanini peringkat dunia dhinda potensi main unggul level super baca jugakumamoto masters tentu nasib fajarfikri bwf world tour finals jelang main dikumamoto masters peringkat dunia milik dhinda top jorji dhinda utus merahputih berlagadi tunggal putra main muda indonesia aksi tribunnewscom jadwal badminton setelahkorea masters rampung adakumamoto masters jepang kumamoto masters turnamen label super indonesia turun wakil turamen helat kumamoto prefectural gymnasium jepang selasa minggu wakil indonesia ambil adan kadek dhinda amartya pratiwiyang bukti tuah dikorea masters main dikumamoto masters kadek dhinda andal nomor tunggal putri tani senior gregoria mariska atlet akrab sapa jorji coba untung dikumamoto masters dhinda main wonogiri status mentereng jelang main dikumamoto masters untung banyak wakil elite dunia an seyoung korea wang zhi yi china putri kusuma wardani bikin jorji status unggul istri mikha angelo didapuk unggul empat gelarankumamoto masters unggulanunggulan tunggal putri jago tuan rumah akane yamaguchi tokoma miyazaki idola jorji ratchanok intanon thailand dhinda ambil jorji status unggul peringkat dunia dhinda potensi main unggul level super baca jugakumamoto masters tentu nasib fajarfikri bwf world tour finals jelang main dikumamoto masters peringkat dunia milik dhinda top jorji dhinda utus merahputih laga tunggal putra main muda indonesia aksi,ringkas beritakumamoto masters agenda badminton setelahkorea masters selesai ikut wakil indonesiani kadek dhinda laga gregoria mariska mebuktikan tuah aksi dikorea masters tarik anthony ginting jonatan christie ambil dikumamoto masters putus mundurtribunnewscom jadwal badminton setelahkorea masters rampung adakumamoto masters jepangkumamoto masters turnamen label super indonesia turun wakilturamen helat kumamoto prefectural gymnasium jepang selasa minggu wakil indonesia ambil adan kadek dhinda amartya pratiwiyang bukti tuah dikorea masters main dikumamoto masters kadek dhinda andal nomor tunggal putri tani senior gregoria mariskaatlet akrab sapa jorji coba untung dikumamoto masters dhindapemain wonogiri status mentereng jelang main dikumamoto masters untung banyak wakil elite dunia an seyoung korea wang zhi yi china putri kusuma wardani bikin jorji status unggulanlihat fototembus semifinal pebulutangkis tunggal putri indonesia ni kadek dhinda amartya pratiwi hasil tembus babak semifinal turnamen korea masters singkir wakil tuan rumah park ga eun skor wonkwang university cultural sports center iksan korea selatan jumat istri mikha angelo didapuk unggul empat gelarankumamoto masters unggulanunggulan tunggal putri jago tuan rumah akane yamaguchi tokoma miyazaki idola jorji ratchanok intanon thailanddhinda ambil jorji status unggulanini peringkat dunia dhinda potensi main unggul level super baca jugakumamoto masters tentu nasib fajarfikri bwf world tour finals jelang main dikumamoto masters peringkat dunia milik dhinda top jorji dhinda utus merahputih berlagadi tunggal putra main muda indonesia aksi tribunnewscom jadwal badminton setelahkorea masters rampung adakumamoto masters jepang kumamoto masters turnamen label super indonesia turun wakil turamen helat kumamoto prefectural gymnasium jepang selasa minggu wakil indonesia ambil adan kadek dhinda amartya pratiwiyang bukti tuah dikorea masters main dikumamoto masters kadek dhinda andal nomor tunggal putri tani senior gregoria mariska atlet akrab sapa jorji coba untung dikumamoto masters dhinda main wonogiri status mentereng jelang main dikumamoto masters untung banyak wakil elite dunia an seyoung korea wang zhi yi china putri kusuma wardani bikin jorji status unggul istri mikha angelo didapuk unggul empat gelarankumamoto masters unggulanunggulan tunggal putri jago tuan rumah akane yamaguchi tokoma miyazaki idola jorji ratchanok intanon thailand dhinda ambil jorji status unggul peringkat dunia dhinda potensi main unggul level super baca jugakumamoto masters tentu nasib fajarfikri bwf world tour finals jelang main dikumamoto masters peringkat dunia milik dhinda top jorji dhinda utus merahputih laga tunggal putra main muda indonesia aksi,Liga Spanyol,1,Liga Spanyol
Campus League Dimulai dengan 21 Tim,"Campus League cabang olahragafutsalsedang bergulir. Ada 21 tim putra dan putri dari berbagai universitas yang siap bersaing. Ajang ini bergulir di GOR Ki Bagoes Hadikoesoemo, Universitas Islam Indonesia (UII) pada 6-12 November 2025. 21 tim yang terlibat terdiri dari 16 tim putra dan 5 tim putri, yang berasal dari wiliayah Yogyakarta, Magelang, Surabaya, Malang, dan Tulungagung. Ada 10 tim putra yang datang dengan status lolos dari fase City Play-off Surabaya dan Yogyakarta. 6 tim lainnya langsung ke fase regional dengan status undangan berdasarkan reputasi dan kontribusinya dalam pembinaan futsal kampus, yakni Universitas Islam Indonesia sebagai tuan rumah, Universitas Tidar Magelang, Universitas Surabaya (UBAYA), Universitas Gadjah Mada, Universitas Negeri Yogyakarta, dan Universitas Ahmad Dahlan Yogyakarta. SCROLL TO CONTINUE WITH CONTENT Seluruh tim putra akan dibagi ke dalam empat grup berisi empat tim. Hanya juara grup yang berhak melaju ke babak semifinal, sekaligus memastikan tiket menuju fase National yang akan berlangsung di Jakarta pada Desember 2025. Namun, empat semifinalis tersebut masih punya sasaran antara untuk memperebutkan posisi juara Regional Yogyakarta melalui pertandingan final pada 11-12 November.  ""Akhirnya kami bisa memulai perjalanan panjang ini untuk berkontribusi dalam pembangunan ekosistem pembinaan di Yogyakarta. Ini akan menjadi awal yang tepat karena Yogyakarta adalah kota pelajar dan kampus,"" ujar CEO Campus League, Ryan Gozali. ""Semoga pertandingan bisa berjalan dengan baik. Tim-tim kampus bisa menunjukkan permainan terbaiknya dam menjadi yang terbaik untuk mewakili wilayahnya di babak nasional nanti,"" Ryan menambahkan. Campus League dirancang sebagai ekosistem kompetisi olahraga kampus yang akan terus berkembang dari tahun ke tahun, dengan futsal menjadi pondasi pada musim perdana sebelum meluas ke cabang olahraga lain.",Detik,liga_indonesia,campus league cabang olahragafutsalsedang gulir tim putra putri universitas saing ajang gulir gor ki bagoes hadikoesoemo universitas islam indonesia uii november tim libat tim putra tim putri asal wiliayah yogyakarta magelang surabaya malang tulungagung tim putra status lolos fase city playoff surabaya yogyakarta tim langsung fase regional status undang dasar reputasi kontribusi bina futsal kampus universitas islam indonesia tuan rumah universitas tidar magelang universitas surabaya ubaya universitas gadjah mada universitas negeri yogyakarta universitas ahmad dahlan yogyakarta scroll to continue with content tim putra bagi grup isi tim juara grup hak laju babak semifinal tiket fase national jakarta desember semifinalis sasar rebut posisi juara regional yogyakarta tanding final november jalan kontribusi bangun ekosistem bina yogyakarta yogyakarta kota ajar kampus ceo campus league ryan gozali moga tanding jalan timtim kampus main baik dam baik wakil wilayah babak nasional ryan campus league rancang ekosistem kompetisi olahraga kampus kembang futsal pondasi musim perdana luas cabang olahraga,campus league cabang olahragafutsalsedang gulir tim putra putri universitas saing ajang gulir gor ki bagoes hadikoesoemo universitas islam indonesia uii november tim libat tim putra tim putri asal wiliayah yogyakarta magelang surabaya malang tulungagung tim putra status lolos fase city playoff surabaya yogyakarta tim langsung fase regional status undang dasar reputasi kontribusi bina futsal kampus universitas islam indonesia tuan rumah universitas tidar magelang universitas surabaya ubaya universitas gadjah mada universitas negeri yogyakarta universitas ahmad dahlan yogyakarta scroll to continue with content tim putra bagi grup isi tim juara grup hak laju babak semifinal tiket fase national jakarta desember semifinalis sasar rebut posisi juara regional yogyakarta tanding final november jalan kontribusi bangun ekosistem bina yogyakarta yogyakarta kota ajar kampus ceo campus league ryan gozali moga tanding jalan timtim kampus main baik dam baik wakil wilayah babak nasional ryan campus league rancang ekosistem kompetisi olahraga kampus kembang futsal pondasi musim perdana luas cabang olahraga,Liga Indonesia,1,Liga Indonesia
Tottenham Vs Man Utd: Setan Merah Banyak Masalah,"Ruben Amorimkecewa meskiManchester Unitedselamat dari kekalahan saat melawanTottenham Hotspur. Amorim menyebut MU masih punya banyak masalah. LagaTottenham vs Man Utddi pekan ke-11Premier Leaguedigelar di Tottenham Hotspur Stadium, Sabtu (8/11/2025) malam WIB. Kedua tim berbagi poin usai bermain imbang 2-2. MU unggul lebih dulu lewat gol Bryan Mbeumo pada menit ke-32. Gagal menambah gol, MU kemudian justru kebobolan dua gol pada menit-menit akhir dan balik tertinggal 1-2 dari tuan rumah. SCROLL TO CONTINUE WITH CONTENT MU pada akhirnya selamat dari kekalahan berkat gol Matthijs de Ligt di penghujung injury time. Dengan hasil ini, Setan Merah tidak terkalahkan dalam lima pertandingan terakhirnya (W3 D2).  Meski demikian, Amorim menilai MU masih punya banyak pekerjaan rumah. Ia juga menyoroti kesulitan MU setelah Casemiro dan Harry Maguire ditarik keluar. ""Kami punya banyak masalah,"" ujar Amorim seperti dilansir Sky Sports. ""Kami baru di awal. Saya tahu kadang hasil-hasilnya menunjukkan bahwa kami membaik, tapi banyak yang harus kami kerjakan.""  ""Anda bisa membagi pertandingan ke 10 menit terakhir, juga ketika kami menarik keluar Harry Maguire dan Casemiro bersamaan, kemudian kebobolan dua gol, lalu kehilangan (Sesko), bahkan sebelum gol kedua dengan kesempatan besar."" ""Main dengan 10 orang, tapi kemudian mengatasi segalanya dan berhasil mencetak gol, itu bagus, tapi kalau melihat ke sisa pertandingan, kami nyaman."" ""Saya kira kami harusnya lebih baik, lebih agresif, merasakan atmosfer stadion. Kami mengendalikan permainan dengan baik, tapi harus lebih baik, karena pertandingannya sebenarnya bisa direbut,"" kata Amorim.",Detik,liga_inggris,ruben amorimkecewa meskimanchester unitedselamat kalah melawantottenham hotspur amorim sebut mu lagatottenham vs man utddi pekan kepremier leaguedigelar tottenham hotspur stadium sabtu malam wib tim bagi poin main imbang mu unggul gol bryan mbeumo menit gagal tambah gol mu bobol gol menitmenit tinggal tuan rumah scroll to continue with content mu selamat kalah berkat gol matthijs de ligt hujung injury time hasil setan merah kalah tanding akhir w d amorim nilai mu kerja rumah sorot sulit mu casemiro harry maguire tarik amorim lansir sky sports kadang hasilhasilnya baik kerja bagi tanding menit tarik harry maguire casemiro sama bobol gol hilang sesko gol sempat main orang atas hasil cetak gol bagus sisa tanding nyaman agresif rasa atmosfer stadion kendali main tanding rebut amorim,ruben amorimkecewa meskimanchester unitedselamat kalah melawantottenham hotspur amorim sebut mu lagatottenham vs man utddi pekan kepremier leaguedigelar tottenham hotspur stadium sabtu malam wib tim bagi poin main imbang mu unggul gol bryan mbeumo menit gagal tambah gol mu bobol gol menitmenit tinggal tuan rumah scroll to continue with content mu selamat kalah berkat gol matthijs de ligt hujung injury time hasil setan merah kalah tanding akhir w d amorim nilai mu kerja rumah sorot sulit mu casemiro harry maguire tarik amorim lansir sky sports kadang hasilhasilnya baik kerja bagi tanding menit tarik harry maguire casemiro sama bobol gol hilang sesko gol sempat main orang atas hasil cetak gol bagus sisa tanding nyaman agresif rasa atmosfer stadion kendali main tanding rebut amorim,Liga Inggris,1,Liga Inggris
Ronaldo: Tak Adil Tentukan GOAT dari Titel Piala Dunia,"Cristiano Ronaldotak terlalu memusingkan soalPiala Dunia.Baginya tidak adil menentukan status pemain terbaik dalam sejarah hanya karena menang Piala Dunia. Sudah banyak prestasi yang ditorehkan Ronaldo dalam 20 tahun lebih karier sepakbolanya. KaptenTimnas Portugalitu telah meraih banyak trofi bergengsi di level klub dan tim nasional. Bersama Timnas Portugal, Ronaldo sudah memenangkan titel Piala Eropa dan UEFA Nations League. Dia tercatat sebagai top skor sepakbola internasional dengan 143 gol, sementara rekening golnya apabila digabung bersama klub-klub yang dibelanya berada di angka 952. SCROLL TO CONTINUE WITH CONTENT  Piala Dunia jadi satu-satunya trofi yang belum didapatkan Ronaldo. CR7 sudah lima kali tampil di Piala Dunia, tapi pencapaian terbaiknya hanya semifinalis edisi 2006. Alhasil, tak sedikit yang menilai Ronaldo belum layak disebut pemain terbaik sepanjang masa (GOAT) karena tak pernah angkat trofi Piala Dunia. Berbeda dengan rival utamanya di dunia sepakbola,Lionel Messi, yang juara bersama Timnas Argentina tahun 2022. Piala Dunia 2026 jadi kesempatan terakhir Ronaldo untuk menjadi juara dunia. Pemain berusia 40 tahun ini mengaku tak terlalu ambisius mengejar titel juara, lantaran trofi tersebut tak akan menodai catatan emasnya di lapangan hijau.  🚨🚨🎙️| Cristiano Ronaldo on World Cup: ""You want a competition with 6 or 7 games to define if I am the best in history, you think that's fair?""""If you ask me if it's a dream to win the World Cup, no it's not a dream!""[@PiersUncensored]pic.twitter.com/LU8LVtK2eW  ""Jika Anda bertanya kepadaku, Cristiano, apakah memenangkan Piala Dunia adalah sebuah mimpi? Tidak, itu bukan mimpi,"" kata Ronaldo dalam wawancara dengan Piers Morgan, dilansir dariESPN. ""Mendefinisikan apa? Mendefinisikan apakah aku salah satu yang terbaik dalam sejarah, memenangkan satu turnamen [yang hanya terdiri dari] enam pertandingan, tujuh pertandingan. Menurut Anda itu adil?"" ujarnya.",Detik,liga_indonesia,cristiano ronaldotak pusing soalpiala duniabaginya adil tentu status main baik sejarah menang piala dunia prestasi toreh ronaldo karier sepakbolanya kaptentimnas portugalitu raih trofi gengsi level klub tim nasional timnas portugal ronaldo menang titel piala eropa uefa nations league catat top skor sepakbola internasional gol rekening gol gabung klubklub bela angka scroll to continue with content piala dunia satusatunya trofi dapat ronaldo cr kali tampil piala dunia capai baik semifinalis edisi alhasil nilai ronaldo layak main baik goat angkat trofi piala dunia beda rival utama dunia sepakbolalionel messi juara timnas argentina piala dunia sempat ronaldo juara dunia main usia aku ambisius kejar titel juara lantar trofi noda catat emas lapang hijau cristiano ronaldo on world cup you want a competition with or games to define if i am the best in history you think thats fairif you ask me if its a dream to win the world cup no its not a dreampiersuncensoredpictwittercomlulvtkew kepada cristiano menang piala dunia mimpi mimpi ronaldo wawancara piers morgan lansir dariespn definisi definisi salah baik sejarah menang turnamen enam tanding tujuh tanding adil,cristiano ronaldotak pusing soalpiala duniabaginya adil tentu status main baik sejarah menang piala dunia prestasi toreh ronaldo karier sepakbolanya kaptentimnas portugalitu raih trofi gengsi level klub tim nasional timnas portugal ronaldo menang titel piala eropa uefa nations league catat top skor sepakbola internasional gol rekening gol gabung klubklub bela angka scroll to continue with content piala dunia satusatunya trofi dapat ronaldo cr kali tampil piala dunia capai baik semifinalis edisi alhasil nilai ronaldo layak main baik goat angkat trofi piala dunia beda rival utama dunia sepakbolalionel messi juara timnas argentina piala dunia sempat ronaldo juara dunia main usia aku ambisius kejar titel juara lantar trofi noda catat emas lapang hijau cristiano ronaldo on world cup you want a competition with or games to define if i am the best in history you think thats fairif you ask me if its a dream to win the world cup no its not a dreampiersuncensoredpictwittercomlulvtkew kepada cristiano menang piala dunia mimpi mimpi ronaldo wawancara piers morgan lansir dariespn definisi definisi salah baik sejarah menang turnamen enam tanding tujuh tanding adil,Liga Indonesia,1,Liga Indonesia
"Klasemen ACL 2: Persib Kukuh di Puncak, Selangkah Lagi ke 16 Besar","Persib Bandungkukuh di puncak klasemen Grup GAFC Champions League 2usai menang dari Selangor FC. Maung Bandung selangkah lagi amankan tiket ke 16 besar. Persib Bandung meraih kemenangan 3-2 di kandang Selangor FC, MBPJ Stadium, pada match day keempat Grup G AFC Champions League 2, Kamis (6/11/2025). Tiga angka ini didapat Maung Bandung lewat comeback dramatis. Tim tamu tertinggal dua gol lebih dulu akibat gol dari Chrigor di menit ke-3 dan bunuh diri Patrico Matricardi di menit ke-17. Persib secara luar membalikkan keadaan usai bikin tiga gol selepas jeda. SCROLL TO CONTINUE WITH CONTENT Andrew Jung memperkecil ketinggalan Persib di menit ke-48. Adam Alis kemudian menjadi pahlawan kemenangan Persib usai bikin brace di menit ke-81 dan 90+7.  Kemenangan ini membawa Persib kukuh di puncak klasemen Grup G dengan 10 poin. Hasil dari tiga kali menang dan sekali imbang. Anak asuhan Bojan Hodak unggul satu angka dari Bangkok United dengan sembilan angka di posisi kedua. Bangkok United pada matchday keempat mampu menang 2-1 di kandang Lion City Sailors. Lion City Sailors di urutan ketiga dengan empat angka. Sementara, Selangor jadi juru kunci dengan belum meraih angka. Kekalahan atas Persib turut memastikan Gergasi Merah tersingkir dari ajang ini. Meski Grup G masih menyisakan dua laga lagi. Persaingan lolos ke fase gugur dari Grup G berkutat ke tiga klub yaitu Persib, Bangkok United, dan Lion City Sailors. Persib hanya butuh satu angka lagi untuk mengamankan tiket ke 16 besar. Dua laga sisa Persib di Grup G adalah bertandang ke markas Lion City Sailors (26/11) dan lalu menjamu Bangkok United di kandang (10/12) dalam duel pamungkas.",Detik,liga_indonesia,persib bandungkukuh puncak klasemen grup gafc champions league menang selangor fc maung bandung selang aman tiket persib bandung raih menang kandang selangor fc mbpj stadium match day empat grup g afc champions league kamis angka maung bandung comeback dramatis tim tamu tinggal gol akibat gol chrigor menit bunuh patrico matricardi menit persib balik bikin gol lepas jeda scroll to continue with content andrew jung kecil tinggal persib menit adam alis pahlawan menang persib bikin brace menit menang bawa persib kukuh puncak klasemen grup g poin hasil kali menang imbang anak asuh bojan hodak unggul angka bangkok united sembilan angka posisi bangkok united matchday empat menang kandang lion city sailors lion city sailors urut tiga angka selangor juru kunci raih angka kalah persib gergasi merah singkir ajang grup g sisa laga saing lolos fase gugur grup g kutat klub persib bangkok united lion city sailors persib butuh angka aman tiket laga sisa persib grup g tandang markas lion city sailors jamu bangkok united kandang duel pamungkas,persib bandungkukuh puncak klasemen grup gafc champions league menang selangor fc maung bandung selang aman tiket persib bandung raih menang kandang selangor fc mbpj stadium match day empat grup g afc champions league kamis angka maung bandung comeback dramatis tim tamu tinggal gol akibat gol chrigor menit bunuh patrico matricardi menit persib balik bikin gol lepas jeda scroll to continue with content andrew jung kecil tinggal persib menit adam alis pahlawan menang persib bikin brace menit menang bawa persib kukuh puncak klasemen grup g poin hasil kali menang imbang anak asuh bojan hodak unggul angka bangkok united sembilan angka posisi bangkok united matchday empat menang kandang lion city sailors lion city sailors urut tiga angka selangor juru kunci raih angka kalah persib gergasi merah singkir ajang grup g sisa laga saing lolos fase gugur grup g kutat klub persib bangkok united lion city sailors persib butuh angka aman tiket laga sisa persib grup g tandang markas lion city sailors jamu bangkok united kandang duel pamungkas,Liga Indonesia,1,Liga Indonesia
"Live MotoGP Portugal 2025, Bezzecchi Tertantang Kalahkan Acosta dan Marquez","Ringkasan Berita:Balapan utamaMotoGP Portugal 2025akan berlangsung pada Minggu (9/11/2025) pukul 20.00 WIB di Algarve International Circuit.Pembalap Aprilia,Marco Bezzecchitertantang berduel denganPedro AcostadanAlex Marquezyang mengalahkannya di sesi Sprint Race.Link live streaming dan live hasilMotoGP Portugal 2025bisa diakses dalam artikel ini.TRIBUNNEWS.COM- LiveMotoGP Portugal 2025di Algarve International Circuit hari ini, Minggu (9/11/2025) pukul 20.00 WIB. Bisa disaksikan melalui siaran langsung Trans7 dan live streaming Vidio.Marco Bezzecchimenantikan duel denganPedro AcostadanAlex Marquez.Selama agenda akhir pekan ini, dari sesi latihan hingga kualifikasi,Marco Bezzecchitampil meyakinkan hingga mendapat waktu tercepat 1 menit 37.556 detik untuk satu putaran yang membuatnya menempati pole position.Harapan Bezzecchi besar, tren positif tersebut bisa berlanjut di sesi Sprint Race bahkan untuk balapan nanti malam.MARCO BEZZECCHI - Pebalap besutan Aprilia Racing, Marco Bezzecchi berhasil menyabet pole position MotoGP Mandalika 2025 di Sirkuit Mandalika, pada 4 Oktober 2025. Bezzecchi mengikis gap poin atas Pecco Bagnaia. (Foto: Laman Resmi MotoGP) (MotoGP)Tapi sayang, di sesi Sprint Race, Bezzecchi 'terpeleset'. Ia awalnya disalipPedro Acostayang mengawali sesi di urutan kedua, kemudian disusul olehAlex Marquezyang awalnya start di posisi 5.""KetikaPedro Acostamelewati saya, saya berpikir 'Oke, saya bisa mencoba untuk tetap bersamanya dan bersaing dengan baik',"" kata Bezzecchi di situs resmi MotoGP.""Masalahnya adalah ketikaAlex Marquezdatang, saya langsung mengerti bahwa dia adalah yang terkuat.""""Saya berharap bisa merasa sedikit lebih baik; mungkin finis di posisi ketiga, tetapi ada sesuatu yang kurang dari saya,"" sambungnya.Terlepas dari hasil tersebut, Bezzechi berharap bisa kembali bersaing dengan Acosta dan Marquez pada sesi balapan utama.""Saya berharap pertarungan yang lebih besar,"" tantangnya.""Hanya untuk mencoba menempatkan diri saya dalam persaingan. Karena memang benar saya kurang cepat, jadi satu-satunya cara untuk memperkecil jarak adalah bersaing dengan mereka,"" tambahnya.""Di sini, balapannya selalu ketat karena bannya sulit diatur. Tapi treknya menguras fisik. Jadi banyak hal yang harus diperhatikan,"" tutupnya.Bezzecchi akan mengkoreksi apa yang menjadi kesalahan dan kelemahannya dari sesi sprint kemarin agar lebih baik pada sesi balapan.Baca juga:Jadwal MotoGP Portugal 2025 Hari Ini, Race Alex Marquez Cs Mulai Pukul 20.00 WIB Live Trans7Jadwal MotoGP Portugal 2025Minggu, 9 November 2025- Pukul 16.40-16.50 WIB: Warm-up MotoGP- Pukul 17.00-17.40 WIB: Rider Parade- Pukul 18.15 WIB: Race Moto2 (21 Laps)- Pukul 20.00 WIB: Race MotoGP (25 Laps)- Pukul 21.30 WIB: Race Moto3 (19 Laps)Link liveMotoGP Portugal 2025Live Streaming<<< TRIBUNNEWS.COM- LiveMotoGP Portugal 2025di Algarve International Circuit hari ini, Minggu (9/11/2025) pukul 20.00 WIB. Bisa disaksikan melalui siaran langsung Trans7 dan live streaming Vidio.Marco Bezzecchimenantikan duel denganPedro AcostadanAlex Marquez. Selama agenda akhir pekan ini, dari sesi latihan hingga kualifikasi,Marco Bezzecchitampil meyakinkan hingga mendapat waktu tercepat 1 menit 37.556 detik untuk satu putaran yang membuatnya menempati pole position. Harapan Bezzecchi besar, tren positif tersebut bisa berlanjut di sesi Sprint Race bahkan untuk balapan nanti malam. Tapi sayang, di sesi Sprint Race, Bezzecchi 'terpeleset'. Ia awalnya disalipPedro Acostayang mengawali sesi di urutan kedua, kemudian disusul olehAlex Marquezyang awalnya start di posisi 5. ""KetikaPedro Acostamelewati saya, saya berpikir 'Oke, saya bisa mencoba untuk tetap bersamanya dan bersaing dengan baik',"" kata Bezzecchi di situs resmi MotoGP. ""Masalahnya adalah ketikaAlex Marquezdatang, saya langsung mengerti bahwa dia adalah yang terkuat."" ""Saya berharap bisa merasa sedikit lebih baik; mungkin finis di posisi ketiga, tetapi ada sesuatu yang kurang dari saya,"" sambungnya. Terlepas dari hasil tersebut, Bezzechi berharap bisa kembali bersaing dengan Acosta dan Marquez pada sesi balapan utama. ""Saya berharap pertarungan yang lebih besar,"" tantangnya. ""Hanya untuk mencoba menempatkan diri saya dalam persaingan. Karena memang benar saya kurang cepat, jadi satu-satunya cara untuk memperkecil jarak adalah bersaing dengan mereka,"" tambahnya. ""Di sini, balapannya selalu ketat karena bannya sulit diatur. Tapi treknya menguras fisik. Jadi banyak hal yang harus diperhatikan,"" tutupnya. Bezzecchi akan mengkoreksi apa yang menjadi kesalahan dan kelemahannya dari sesi sprint kemarin agar lebih baik pada sesi balapan. Baca juga:Jadwal MotoGP Portugal 2025 Hari Ini, Race Alex Marquez Cs Mulai Pukul 20.00 WIB Live Trans7 Minggu, 9 November 2025 - Pukul 16.40-16.50 WIB: Warm-up MotoGP- Pukul 17.00-17.40 WIB: Rider Parade- Pukul 18.15 WIB: Race Moto2 (21 Laps)- Pukul 20.00 WIB: Race MotoGP (25 Laps)- Pukul 21.30 WIB: Race Moto3 (19 Laps) Live Streaming<<<",Tribun,liga_spanyol,ringkas beritabalapan utamamotogp portugal minggu wib algarve international circuitpembalap apriliamarco bezzecchitertantang duel denganpedro acostadanalex marquezyang kalah sesi sprint racelink live streaming live hasilmotogp portugal akses artikel initribunnewscom livemotogp portugal algarve international circuit minggu wib saksi siar langsung trans live streaming vidiomarco bezzecchimenantikan duel denganpedro acostadanalex marquezselama agenda pekan sesi latih kualifikasimarco bezzecchitampil cepat menit detik putar buat tempat pole positionharapan bezzecchi tren positif lanjut sesi sprint race balap malammarco bezzecchi balap besut aprilia racing marco bezzecchi hasil sabet pole position motogp mandalika sirkuit mandalika oktober bezzecchi kikis gap poin pecco bagnaia foto laman resmi motogp motogptapi sayang sesi sprint race bezzecchi peleset disalippedro acostayang awal sesi urut susul olehalex marquezyang start posisi ketikapedro acostamelewati pikir oke coba sama saing bezzecchi situs resmi motogpmasalahnya ketikaalex marquezdatang langsung erti terkuatsaya harap finis posisi tiga sambungnyaterlepas hasil bezzechi harap saing acosta marquez sesi balap utamasaya harap tarung tantangnyahanya coba tempat saing cepat satusatunya kecil jarak saing tambahnyadi balap ketat ban sulit atur trek uras fisik perhati tutupnyabezzecchi koreksi salah lemah sesi sprint kemarin sesi balapanbaca jugajadwal motogp portugal race alex marquez cs wib live transjadwal motogp portugal minggu november wib warmup motogp wib rider parade wib race moto laps wib race motogp laps wib race moto lapslink livemotogp portugal live streaming tribunnewscom livemotogp portugal algarve international circuit minggu wib saksi siar langsung trans live streaming vidiomarco bezzecchimenantikan duel denganpedro acostadanalex marquez agenda pekan sesi latih kualifikasimarco bezzecchitampil cepat menit detik putar buat tempat pole position harap bezzecchi tren positif lanjut sesi sprint race balap malam sayang sesi sprint race bezzecchi peleset disalippedro acostayang awal sesi urut susul olehalex marquezyang start posisi ketikapedro acostamelewati pikir oke coba sama saing bezzecchi situs resmi motogp ketikaalex marquezdatang langsung erti kuat harap finis posisi tiga sambung lepas hasil bezzechi harap saing acosta marquez sesi balap utama harap tarung tantang coba tempat saing cepat satusatunya kecil jarak saing balap ketat ban sulit atur trek uras fisik perhati tutup bezzecchi koreksi salah lemah sesi sprint kemarin sesi balap baca jugajadwal motogp portugal race alex marquez cs wib live trans minggu november wib warmup motogp wib rider parade wib race moto laps wib race motogp laps wib race moto laps live streaming,ringkas beritabalapan utamamotogp portugal minggu wib algarve international circuitpembalap apriliamarco bezzecchitertantang duel denganpedro acostadanalex marquezyang kalah sesi sprint racelink live streaming live hasilmotogp portugal akses artikel initribunnewscom livemotogp portugal algarve international circuit minggu wib saksi siar langsung trans live streaming vidiomarco bezzecchimenantikan duel denganpedro acostadanalex marquezselama agenda pekan sesi latih kualifikasimarco bezzecchitampil cepat menit detik putar buat tempat pole positionharapan bezzecchi tren positif lanjut sesi sprint race balap malammarco bezzecchi balap besut aprilia racing marco bezzecchi hasil sabet pole position motogp mandalika sirkuit mandalika oktober bezzecchi kikis gap poin pecco bagnaia foto laman resmi motogp motogptapi sayang sesi sprint race bezzecchi peleset disalippedro acostayang awal sesi urut susul olehalex marquezyang start posisi ketikapedro acostamelewati pikir oke coba sama saing bezzecchi situs resmi motogpmasalahnya ketikaalex marquezdatang langsung erti terkuatsaya harap finis posisi tiga sambungnyaterlepas hasil bezzechi harap saing acosta marquez sesi balap utamasaya harap tarung tantangnyahanya coba tempat saing cepat satusatunya kecil jarak saing tambahnyadi balap ketat ban sulit atur trek uras fisik perhati tutupnyabezzecchi koreksi salah lemah sesi sprint kemarin sesi balapanbaca jugajadwal motogp portugal race alex marquez cs wib live transjadwal motogp portugal minggu november wib warmup motogp wib rider parade wib race moto laps wib race motogp laps wib race moto lapslink livemotogp portugal live streaming tribunnewscom livemotogp portugal algarve international circuit minggu wib saksi siar langsung trans live streaming vidiomarco bezzecchimenantikan duel denganpedro acostadanalex marquez agenda pekan sesi latih kualifikasimarco bezzecchitampil cepat menit detik putar buat tempat pole position harap bezzecchi tren positif lanjut sesi sprint race balap malam sayang sesi sprint race bezzecchi peleset disalippedro acostayang awal sesi urut susul olehalex marquezyang start posisi ketikapedro acostamelewati pikir oke coba sama saing bezzecchi situs resmi motogp ketikaalex marquezdatang langsung erti kuat harap finis posisi tiga sambung lepas hasil bezzechi harap saing acosta marquez sesi balap utama harap tarung tantang coba tempat saing cepat satusatunya kecil jarak saing balap ketat ban sulit atur trek uras fisik perhati tutup bezzecchi koreksi salah lemah sesi sprint kemarin sesi balap baca jugajadwal motogp portugal race alex marquez cs wib live trans minggu november wib warmup motogp wib rider parade wib race moto laps wib race motogp laps wib race moto laps live streaming,Liga Spanyol,1,Liga Spanyol
AFC Selidiki Suporter Selangor FC yang Ricuh saat Hadapi Persib,"Selangor FCmenghadapi ancaman sanksi berat dariAFC. Hal itu buntut dari ulah suporternya yang mengamuk usai dikalahkanPersib Bandung. Selangor kalah 2-3 dari Persib dalam lanjutan Liga Champions Asia 2 di Stadion Petaling Jaya, Kamis (6/11/2025) malam WIB. Hasil itu membuat Gergasi Merah tersingkir karena belum meraih poin sama sekali dari empat laga. Di laga itu, kekalahan Selangor juga diwarnai kemarahan suporternya. Fans tuan rumah sempat ribut di tribune, hingga mengamuk usai laga. SCROLL TO CONTINUE WITH CONTENT Fans Selangor bahkan terlihat masuk ke lapangan untuk protes. Sementara di video yang beredar lainnya, terlihat fans Selangor yang marah berusaha masuk ke ruang ganti pemain dan merusak beberapa fasilitas stadion. Situasi itu langsung direspons AFC. Sekjen Datuk Seri Windsor Paul John menyebut tindakan serius akan diambil.  ""AFC menanggapi masalah keamanan dengan serius dalam pertandingan, tetapi kami menunggu laporan lengkap terlebih dahulu untuk mengetahui apa yang terjadi,"" kata Windsor Paul John, mengutipHarian Metro. ""Setelah menerima laporan lengkap, laporan tersebut akan diteruskan ke Komite Disiplin AFC,"" kata Windsor. BagiPersib Bandung, kemenangan atasSelangor FCmembuat mereka di ambang kelolosan ke 16 besar. Saat ini Maung Bandung memimpin Grup G dengan 10 poin, unggul atas Bangkok United (9) dan Lion City Sailors (4), dengan menyisakan dua pertandingan lagi.",Detik,liga_indonesia,selangor fcmenghadapi ancam sanksi berat dariafc buntut ulah suporter amuk dikalahkanpersib bandung selangor kalah persib lanjut liga champions asia stadion petaling jaya kamis malam wib hasil gergasi merah singkir raih poin laga laga kalah selangor warna marah suporter fans tuan rumah ribut tribune amuk laga scroll to continue with content fans selangor masuk lapang protes video edar fans selangor marah usaha masuk ruang ganti main rusak fasilitas stadion situasi langsung respons afc sekjen datuk seri windsor paul john sebut tindak serius ambil afc tanggap aman serius tanding tunggu lapor lengkap windsor paul john mengutipharian metro terima lapor lengkap lapor terus komite disiplin afc windsor bagipersib bandung menang atasselangor fcmembuat ambang lolos maung bandung pimpin grup g poin unggul bangkok united lion city sailors sisa tanding,selangor fcmenghadapi ancam sanksi berat dariafc buntut ulah suporter amuk dikalahkanpersib bandung selangor kalah persib lanjut liga champions asia stadion petaling jaya kamis malam wib hasil gergasi merah singkir raih poin laga laga kalah selangor warna marah suporter fans tuan rumah ribut tribune amuk laga scroll to continue with content fans selangor masuk lapang protes video edar fans selangor marah usaha masuk ruang ganti main rusak fasilitas stadion situasi langsung respons afc sekjen datuk seri windsor paul john sebut tindak serius ambil afc tanggap aman serius tanding tunggu lapor lengkap windsor paul john mengutipharian metro terima lapor lengkap lapor terus komite disiplin afc windsor bagipersib bandung menang atasselangor fcmembuat ambang lolos maung bandung pimpin grup g poin unggul bangkok united lion city sailors sisa tanding,Liga Indonesia,1,Liga Indonesia
"Rivan Nurmulki Tak Tersentuh, Bocoran Line-up Timnas Voli Putra Indonesia untuk SEA Games 2025","Ringkasan Berita:Erwin Rusni menyebut line-up utamaTimnas Voli Putra IndonesiauntukSEA Games 2025masih akan sama seperti SEA V League 2025Rivan Nurmulki jadi pilihan paten di posisi oppositeTimnas Voli Putra Indonesia tetap dipatok target medali emas padaSEA Games 2025TRIBUNNEWS.COM-Line-upTimnas Voli Putra IndonesiauntukSEA Games 2025masih akan sama dengan SEA V League lalu.Rivan Nurmulkitak tersentuh di posisi opposite!Perubahan skuadTimnas Voli Putra IndonesiauntukSEA Games 2025yang berlangsung di Thailand, awal Desember mendatang, menghadirkan sorotan baru.Line-up utamaTimnas Voli Putra Indonesiaakankah dirombak oleh pelatih kepalaJeff Jiang Jie, atau mempertahankan kerangka yang ada.Sebab, nama-nama seperti Dio Zulfikri dan Farhan Halim untuk SEA Games 2025 tidak masuk dalam daftar 14 pemain.SKUAD VOLI - Daftar skuad resmi Timnas Voli Putra Indonesia untuk SEA Games 2025 yang berlangsung di Thailand, awal Desember mendatang. Farhan Halim dicoret. (Instagram @indonesian_volleyball)Asisten pelatihTimnas Voli Putra Indonesia,Erwin Rusnimenjelaskan, bahwa hingga detik ini belum ada line-up pasti yang diturunkan untuk SEA Games mendatang. Tetapi dalam sudut pandangnya, kerangka tim utama SEA V League 2025 tidak akan mengalami perubahan signifikan.""Jujur saja untuk saat ini kita (staf kepelatihan-red) masih kesulitan untuk menentukan line-up utama. Tetapi kemungkinan besar masih akan sama seperti SEA V League lalu,"" ujarErwin Rusnikepada Tribunnews, Minggu (9/11/2025) sore WIB.""Untuk middle blocker Hendra dipasangkan sama Tedy Oka, lalu untuk hitter Boy dengan Jordan. Libero ada Fahreza, karena harus diakui dia masih yang terbaik untuk received dan bertahan,"" terangnya menambahkan.""Opposite masih Rivan,"" sambung pria yang semasa aktif menjadi pevoli memperkuat Jakarta Sananta.Di posisi setter, Jasen Natanael Kilanta berpeluang besar menyegel tempat utama, mengingat Dio Zulfikri tidak dibawa keSEA Games 2025Thailand. Jasen akan bersaing dengan setter dari Indomaret Sidoarjo, Alfin Daniel.Perubahan cukup signifikan memang terjadi dalam final rosterTimnas Voli Putra Indonesiauntuk SEA Games Thailand.Nama-nama langganan timnas seperti Muhammad Malizi, Dio Zulfikri, dan Farhan Halim tidak dibawa dalam event dua tahunan tersebut.Pun di masing-masing posisi, juga dihuni pemain yang tak kalah apik sebagai pesaing.Di sektor outside hitter masih ada Fahri Septian Putratama, yang secara received salah satu yang terbaik di Tanah Air. Kemudian Agil Angga unggul untuk urusan serangan, karena juga bisa diplot sebagai opposite.Beralih ke middle blocker, Daffa Naufal Mauludani yang pernah menjadi bagian Indonesia ketika meraih emas SEA Games Vietnam juga tergabung dalam skuad. Lalu ada debutan Kristoforus Sina di posisi MB.Baca juga:Alasan Jiang Jie Coret Farhan Halim dari Skuad Timnas Voli Putra Indonesia di SEA Games 2025Prasojo akan bergantian dengan Fahreza Rakha pada pos libero. SedangkanRivan Nurmulkiyang hingga kini belum tergantikan sebagai pengemban tugas opposite, menempatkan Rama Fazza Fauzan sebagai pelapis. TRIBUNNEWS.COM-Line-upTimnas Voli Putra IndonesiauntukSEA Games 2025masih akan sama dengan SEA V League lalu.Rivan Nurmulkitak tersentuh di posisi opposite! Perubahan skuadTimnas Voli Putra IndonesiauntukSEA Games 2025yang berlangsung di Thailand, awal Desember mendatang, menghadirkan sorotan baru. Line-up utamaTimnas Voli Putra Indonesiaakankah dirombak oleh pelatih kepalaJeff Jiang Jie, atau mempertahankan kerangka yang ada. Sebab, nama-nama seperti Dio Zulfikri dan Farhan Halim untuk SEA Games 2025 tidak masuk dalam daftar 14 pemain. Asisten pelatihTimnas Voli Putra Indonesia,Erwin Rusnimenjelaskan, bahwa hingga detik ini belum ada line-up pasti yang diturunkan untuk SEA Games mendatang. Tetapi dalam sudut pandangnya, kerangka tim utama SEA V League 2025 tidak akan mengalami perubahan signifikan. ""Jujur saja untuk saat ini kita (staf kepelatihan-red) masih kesulitan untuk menentukan line-up utama. Tetapi kemungkinan besar masih akan sama seperti SEA V League lalu,"" ujarErwin Rusnikepada Tribunnews, Minggu (9/11/2025) sore WIB. ""Untuk middle blocker Hendra dipasangkan sama Tedy Oka, lalu untuk hitter Boy dengan Jordan. Libero ada Fahreza, karena harus diakui dia masih yang terbaik untuk received dan bertahan,"" terangnya menambahkan. ""Opposite masih Rivan,"" sambung pria yang semasa aktif menjadi pevoli memperkuat Jakarta Sananta. Di posisi setter, Jasen Natanael Kilanta berpeluang besar menyegel tempat utama, mengingat Dio Zulfikri tidak dibawa keSEA Games 2025Thailand. Jasen akan bersaing dengan setter dari Indomaret Sidoarjo, Alfin Daniel. Perubahan cukup signifikan memang terjadi dalam final rosterTimnas Voli Putra Indonesiauntuk SEA Games Thailand. Nama-nama langganan timnas seperti Muhammad Malizi, Dio Zulfikri, dan Farhan Halim tidak dibawa dalam event dua tahunan tersebut. Pun di masing-masing posisi, juga dihuni pemain yang tak kalah apik sebagai pesaing. Di sektor outside hitter masih ada Fahri Septian Putratama, yang secara received salah satu yang terbaik di Tanah Air. Kemudian Agil Angga unggul untuk urusan serangan, karena juga bisa diplot sebagai opposite. Beralih ke middle blocker, Daffa Naufal Mauludani yang pernah menjadi bagian Indonesia ketika meraih emas SEA Games Vietnam juga tergabung dalam skuad. Lalu ada debutan Kristoforus Sina di posisi MB. Baca juga:Alasan Jiang Jie Coret Farhan Halim dari Skuad Timnas Voli Putra Indonesia di SEA Games 2025 Prasojo akan bergantian dengan Fahreza Rakha pada pos libero. SedangkanRivan Nurmulkiyang hingga kini belum tergantikan sebagai pengemban tugas opposite, menempatkan Rama Fazza Fauzan sebagai pelapis.",Tribun,liga_spanyol,ringkas beritaerwin rusni sebut lineup utamatimnas voli putra indonesiauntuksea games sea v league rivan nurmulki pilih paten posisi oppositetimnas voli putra indonesia patok target medali emas padasea games tribunnewscomlineuptimnas voli putra indonesiauntuksea games sea v league lalurivan nurmulkitak sentuh posisi oppositeperubahan skuadtimnas voli putra indonesiauntuksea games thailand desember hadir sorot barulineup utamatimnas voli putra indonesiaakankah rombak latih kepalajeff jiang jie tahan kerangka adasebab namanama dio zulfikri farhan halim sea games masuk daftar pemainskuad voli daftar skuad resmi timnas voli putra indonesia sea games thailand desember farhan halim coret instagram indonesianvolleyballasisten pelatihtimnas voli putra indonesiaerwin rusnimenjelaskan detik lineup turun sea games sudut pandang kerangka tim utama sea v league alami ubah signifikanjujur staf kepelatihanred sulit tentu lineup utama sea v league ujarerwin rusnikepada tribunnews minggu sore wibuntuk middle blocker hendra pasang tedy oka hitter boy jordan libero fahreza aku baik received tahan terang menambahkanopposite rivan sambung pria aktif voli kuat jakarta sanantadi posisi setter jasen natanael kilanta peluang segel utama dio zulfikri bawa kesea games thailand jasen saing setter indomaret sidoarjo alfin danielperubahan signifikan final rostertimnas voli putra indonesiauntuk sea games thailandnamanama langgan timnas muhammad malizi dio zulfikri farhan halim bawa event tahun sebut masingmasing posisi huni main kalah apik pesaingdi sektor outside hitter fahri septian putratama received salah baik tanah air agil angga unggul urus serang plot oppositeberalih middle blocker daffa naufal mauludani indonesia raih emas sea games vietnam gabung skuad debut kristoforus sina posisi mbbaca jugaalasan jiang jie coret farhan halim skuad timnas voli putra indonesia sea games prasojo ganti fahreza rakha pos libero sedangkanrivan nurmulkiyang ganti emban tugas opposite tempat rama fazza fauzan lap tribunnewscomlineuptimnas voli putra indonesiauntuksea games sea v league lalurivan nurmulkitak sentuh posisi opposite ubah skuadtimnas voli putra indonesiauntuksea games thailand desember hadir sorot lineup utamatimnas voli putra indonesiaakankah rombak latih kepalajeff jiang jie tahan kerangka namanama dio zulfikri farhan halim sea games masuk daftar main asisten pelatihtimnas voli putra indonesiaerwin rusnimenjelaskan detik lineup turun sea games sudut pandang kerangka tim utama sea v league alami ubah signifikan jujur staf kepelatihanred sulit tentu lineup utama sea v league ujarerwin rusnikepada tribunnews minggu sore wib middle blocker hendra pasang tedy oka hitter boy jordan libero fahreza aku baik received tahan terang opposite rivan sambung pria aktif voli kuat jakarta sananta posisi setter jasen natanael kilanta peluang segel utama dio zulfikri bawa kesea games thailand jasen saing setter indomaret sidoarjo alfin daniel ubah signifikan final rostertimnas voli putra indonesiauntuk sea games thailand namanama langgan timnas muhammad malizi dio zulfikri farhan halim bawa event tahun masingmasing posisi huni main kalah apik saing sektor outside hitter fahri septian putratama received salah baik tanah air agil angga unggul urus serang plot opposite alih middle blocker daffa naufal mauludani indonesia raih emas sea games vietnam gabung skuad debut kristoforus sina posisi mb baca jugaalasan jiang jie coret farhan halim skuad timnas voli putra indonesia sea games prasojo ganti fahreza rakha pos libero sedangkanrivan nurmulkiyang ganti emban tugas opposite tempat rama fazza fauzan lap,ringkas beritaerwin rusni sebut lineup utamatimnas voli putra indonesiauntuksea games sea v league rivan nurmulki pilih paten posisi oppositetimnas voli putra indonesia patok target medali emas padasea games tribunnewscomlineuptimnas voli putra indonesiauntuksea games sea v league lalurivan nurmulkitak sentuh posisi oppositeperubahan skuadtimnas voli putra indonesiauntuksea games thailand desember hadir sorot barulineup utamatimnas voli putra indonesiaakankah rombak latih kepalajeff jiang jie tahan kerangka adasebab namanama dio zulfikri farhan halim sea games masuk daftar pemainskuad voli daftar skuad resmi timnas voli putra indonesia sea games thailand desember farhan halim coret instagram indonesianvolleyballasisten pelatihtimnas voli putra indonesiaerwin rusnimenjelaskan detik lineup turun sea games sudut pandang kerangka tim utama sea v league alami ubah signifikanjujur staf kepelatihanred sulit tentu lineup utama sea v league ujarerwin rusnikepada tribunnews minggu sore wibuntuk middle blocker hendra pasang tedy oka hitter boy jordan libero fahreza aku baik received tahan terang menambahkanopposite rivan sambung pria aktif voli kuat jakarta sanantadi posisi setter jasen natanael kilanta peluang segel utama dio zulfikri bawa kesea games thailand jasen saing setter indomaret sidoarjo alfin danielperubahan signifikan final rostertimnas voli putra indonesiauntuk sea games thailandnamanama langgan timnas muhammad malizi dio zulfikri farhan halim bawa event tahun sebut masingmasing posisi huni main kalah apik pesaingdi sektor outside hitter fahri septian putratama received salah baik tanah air agil angga unggul urus serang plot oppositeberalih middle blocker daffa naufal mauludani indonesia raih emas sea games vietnam gabung skuad debut kristoforus sina posisi mbbaca jugaalasan jiang jie coret farhan halim skuad timnas voli putra indonesia sea games prasojo ganti fahreza rakha pos libero sedangkanrivan nurmulkiyang ganti emban tugas opposite tempat rama fazza fauzan lap tribunnewscomlineuptimnas voli putra indonesiauntuksea games sea v league lalurivan nurmulkitak sentuh posisi opposite ubah skuadtimnas voli putra indonesiauntuksea games thailand desember hadir sorot lineup utamatimnas voli putra indonesiaakankah rombak latih kepalajeff jiang jie tahan kerangka namanama dio zulfikri farhan halim sea games masuk daftar main asisten pelatihtimnas voli putra indonesiaerwin rusnimenjelaskan detik lineup turun sea games sudut pandang kerangka tim utama sea v league alami ubah signifikan jujur staf kepelatihanred sulit tentu lineup utama sea v league ujarerwin rusnikepada tribunnews minggu sore wib middle blocker hendra pasang tedy oka hitter boy jordan libero fahreza aku baik received tahan terang opposite rivan sambung pria aktif voli kuat jakarta sananta posisi setter jasen natanael kilanta peluang segel utama dio zulfikri bawa kesea games thailand jasen saing setter indomaret sidoarjo alfin daniel ubah signifikan final rostertimnas voli putra indonesiauntuk sea games thailand namanama langgan timnas muhammad malizi dio zulfikri farhan halim bawa event tahun masingmasing posisi huni main kalah apik saing sektor outside hitter fahri septian putratama received salah baik tanah air agil angga unggul urus serang plot opposite alih middle blocker daffa naufal mauludani indonesia raih emas sea games vietnam gabung skuad debut kristoforus sina posisi mb baca jugaalasan jiang jie coret farhan halim skuad timnas voli putra indonesia sea games prasojo ganti fahreza rakha pos libero sedangkanrivan nurmulkiyang ganti emban tugas opposite tempat rama fazza fauzan lap,Liga Spanyol,1,Liga Spanyol
Prediksi Timnas Indonesia U-17 Vs Brasil U-17: Ujian Berat Garuda Muda,"Timnas Indonesia U-17 vs Brasil U-17tersaji diPiala Dunia U-17 2025nanti malam. Berikut prediksi pertandingan yang bakal berat bagi Garuda Muda itu. Indonesia vs Brasil tersaji di laga kedua Grup H Piala Dunia U-17 2025. Laga digelar di Aspire Zone, Al Rayyan, Qatar, Jumat (7/11/2025) malam WIB. Laga itu mempertemukan dua tim yang meraih hasil berbeda di laga perdana. Indonesia tumbang 1-3 dari Zambia, sementara Brasil tampil perkasa dengan menggilas Honduras 7-0. SCROLL TO CONTINUE WITH CONTENT Saat melawan Zambia, Indonesia sedianya sempat unggul lebih dulu. Zahabi Gholy membawa skor 1-0 di menit ke-12, namun ditekan setelahnya. Zambia kemudian membalas tiga gol lewat brace Abel Nyirongo dan satu gol Lukonde Mwale. SementaraBrasilbegitu perkasa saat melawan Honduras. Tim asuhan Dudu Patetuci benar-benar memperlihatkan kualitas skuadnya.  Ruan Pablo, Dell, Felipe Morais, Vitor Hugo, Angelo mampu menekan Honduras lewat serangan mematikan. Sekali shot, bola masuk ke gawang lawan. Statistik menunjukkan, Brasil menciptkan peluang 18 kali, 10 di antaranya on target, dan 7 menghadirkan gol. Sofascore bahkan menjadikan Brasil tim dengan rating terbaik kedua dengan nilai 7.53, hanya kalah dari Korea Utara (7.78). Jelas, bakal sulit Indonesia meladeni skuad Brasil, yang rata-rata juga sudah berkelas dunia. Meski begitu, apa pun bisa saja terjadi. Saat melawan Zambia, Indonesia memperlihatkan semangat juang tinggi meski tertinggal. Beberapa kali peluang emas diciptakan, yang bisa saja menjadi gol dan memaksa hasil imbang. Melawan Brasil, performa seperti itu yang jelas diharapkan dari skuad Nova Arianto. Meski kalah kelas, di mana Brasil berstatus juara dunia empat kali, Indonesia tetap punya peluang sekecil apa pun itu. LagaTimnas Indonesia U-17 vs Brasil U-17akan digelar pukul 22.45 WIB. Ayo dukung Garuda Muda untuk menang dan menjaga kans ke babak berikutnya.",Detik,liga_indonesia,timnas indonesia u vs brasil utersaji piala dunia u malam prediksi tanding berat garuda muda indonesia vs brasil saji laga grup h piala dunia u laga gelar aspire zone al rayyan qatar jumat malam wib laga temu tim raih hasil beda laga perdana indonesia tumbang zambia brasil tampil perkasa gilas honduras scroll to continue with content lawan zambia indonesia sedia unggul zahabi gholy bawa skor menit tekan telah zambia balas gol brace abel nyirongo gol lukonde mwale sementarabrasilbegitu perkasa lawan honduras tim asuh dudu patetuci benarbenar kualitas skuadnya ruan pablo dell felipe morais vitor hugo angelo tekan honduras serang mati shot bola masuk gawang lawan statistik brasil menciptkan peluang kali on target hadir gol sofascore jadi brasil tim rating baik nilai kalah korea utara sulit indonesia laden skuad brasil ratarata kelas dunia lawan zambia indonesia semangat juang tinggal kali peluang emas cipta gol paksa hasil imbang lawan brasil performa harap skuad nova arianto kalah kelas brasil status juara dunia kali indonesia peluang lagatimnas indonesia u vs brasil uak gelar wib ayo dukung garuda muda menang jaga kans babak,timnas indonesia u vs brasil utersaji piala dunia u malam prediksi tanding berat garuda muda indonesia vs brasil saji laga grup h piala dunia u laga gelar aspire zone al rayyan qatar jumat malam wib laga temu tim raih hasil beda laga perdana indonesia tumbang zambia brasil tampil perkasa gilas honduras scroll to continue with content lawan zambia indonesia sedia unggul zahabi gholy bawa skor menit tekan telah zambia balas gol brace abel nyirongo gol lukonde mwale sementarabrasilbegitu perkasa lawan honduras tim asuh dudu patetuci benarbenar kualitas skuadnya ruan pablo dell felipe morais vitor hugo angelo tekan honduras serang mati shot bola masuk gawang lawan statistik brasil menciptkan peluang kali on target hadir gol sofascore jadi brasil tim rating baik nilai kalah korea utara sulit indonesia laden skuad brasil ratarata kelas dunia lawan zambia indonesia semangat juang tinggal kali peluang emas cipta gol paksa hasil imbang lawan brasil performa harap skuad nova arianto kalah kelas brasil status juara dunia kali indonesia peluang lagatimnas indonesia u vs brasil uak gelar wib ayo dukung garuda muda menang jaga kans babak,Liga Indonesia,1,Liga Indonesia
"Transfer Pembalap MotoGP 2027: Fabio Quartararo ke Aprilia, KTM Blokir Keluarnya Pedro Acosta","Ringkasan Berita:Bursa transfer pembalapMotoGP 2027diwarnai kabarApriliayang kembali berusaha mendekatiFabio Quartararodari YamahaSementara dariKTM, berusaha memblokir pintu keluarPedro Acostadengan cara memberikan motor terbaik19 pembalap habis kontrak setelah MotoGP 2026 berakhirTRIBUNNEWS.COM- Update transfer pembalapMotoGP 2027datang dari garasiApriliadanKTM.Apriliadilaporkan akan melakukan pertaruhan untuk mendatangkanFabio Quartararo.SementaraKTMakan mempertahankan semaksimal mungkin agarPedro Acostatidak menyeberang ke tim rival padaMotoGP 2027.Jendela transfer pembalapMotoGP 2027menghadirkan sorotan. Sebab peluang untuk menciptakan saga transfer kepindahan pembalap maupun plot twist terbuka lebar.Hal ini tak terlepas karena mayoritas pembalap akan habis kontraknya setelah MotoGP 2026 usai.CORNERING - Pembalap Monster Energy Yamaha asal Prancis Fabio Quartararo berkendara saat sesi latihan Grand Prix MotoGP Thailand di Sirkuit Internasional Buriram di Buriram pada 27 Oktober 2023. (Foto Arsip, Oktober 2023)(LILLIAN SUWANRUMPHA / AFP)Tak terkecuali Marco Bezzecchi danJorge Martinyang terikat kontrak dengan pabrikan Noale, Italia,Aprilia. Jika melihat performa, Bezzecchi di atas Martin.Bahkan Bez, sapaan akrab Marco Bezzecchi, tengah bersaing panas melawan Francesco 'Pecco' Bagnaia di perebutan posisi tiga klasemen akhir MotoGP 2025.Lain cerita denganJorge Martindi mana juara dunia MotoGP 2024 ini tercecer di posisi 21 klasemen berbekal 34 poin.Sebagai catatan,Jorge Martinabsen di sejumlah seri karena mengalami cedera. Bahkan waktu adaptasinya tidak semaksimal Bezzecchi.Situasinya kini menjadi pertanyaan bagiAprilia, akankah 'adik dari Ducati' ini akan memperpanjang kontrakJorge Martinatau sebaliknya? Mengingat rider asal Madrid, Spanyol ini sempat ingin meninggalkan tim satu tahun lebih cepat dari kontrak yang dia miliki.Dalam laporan Diario AS,Apriliaberpeluang besar untuk mendepakJorge Martinsetelah MotoGP 2026, dengan catatan rider berjuluk The Martinator itu gagal memperlihatkan kemampuan terbaiknya.Martin pun tidak kurang peminat. Honda Racing Corporation (HRC) juga sudah menunggu kesempatan untuk merealisasikan keinginan tertundanya mendapatkan tanda tanganJorge Martin.Aprilia juga bukannya tanpa opsi pengganti jika memilih tak memperpanjang kontrak JM01.Sebab,Apriliajuga ingin mewujudkan transfer impiannya dalam mendatangkan El Diablo, julukanFabio Quartararo.Menjadi rahasia umum bahwaApriliasempat mengincar pembalap kelahiran Nice, Prancis. Pada MotoGP 2024,Apriliapernah berusaha untuk mendatangkan Quartararo, sebelum akhirnya juara dunia MotoGP 2021 memilih memperpanjang kontrak di Monster Energy Yamaha.Bahkan El Diablo menjadi pembalap dengan gaji tertinggi di grid MotoGP saat ini, yakni mencapai Rp207 miliar. TRIBUNNEWS.COM- Update transfer pembalapMotoGP 2027datang dari garasiApriliadanKTM.Apriliadilaporkan akan melakukan pertaruhan untuk mendatangkanFabio Quartararo. SementaraKTMakan mempertahankan semaksimal mungkin agarPedro Acostatidak menyeberang ke tim rival padaMotoGP 2027. Jendela transfer pembalapMotoGP 2027menghadirkan sorotan. Sebab peluang untuk menciptakan saga transfer kepindahan pembalap maupun plot twist terbuka lebar. Hal ini tak terlepas karena mayoritas pembalap akan habis kontraknya setelah MotoGP 2026 usai. Tak terkecuali Marco Bezzecchi danJorge Martinyang terikat kontrak dengan pabrikan Noale, Italia,Aprilia. Jika melihat performa, Bezzecchi di atas Martin. Bahkan Bez, sapaan akrab Marco Bezzecchi, tengah bersaing panas melawan Francesco 'Pecco' Bagnaia di perebutan posisi tiga klasemen akhir MotoGP 2025. Lain cerita denganJorge Martindi mana juara dunia MotoGP 2024 ini tercecer di posisi 21 klasemen berbekal 34 poin. Sebagai catatan,Jorge Martinabsen di sejumlah seri karena mengalami cedera. Bahkan waktu adaptasinya tidak semaksimal Bezzecchi. Situasinya kini menjadi pertanyaan bagiAprilia, akankah 'adik dari Ducati' ini akan memperpanjang kontrakJorge Martinatau sebaliknya? Mengingat rider asal Madrid, Spanyol ini sempat ingin meninggalkan tim satu tahun lebih cepat dari kontrak yang dia miliki. Dalam laporan Diario AS,Apriliaberpeluang besar untuk mendepakJorge Martinsetelah MotoGP 2026, dengan catatan rider berjuluk The Martinator itu gagal memperlihatkan kemampuan terbaiknya. Martin pun tidak kurang peminat. Honda Racing Corporation (HRC) juga sudah menunggu kesempatan untuk merealisasikan keinginan tertundanya mendapatkan tanda tanganJorge Martin. Aprilia juga bukannya tanpa opsi pengganti jika memilih tak memperpanjang kontrak JM01. Sebab,Apriliajuga ingin mewujudkan transfer impiannya dalam mendatangkan El Diablo, julukanFabio Quartararo. Menjadi rahasia umum bahwaApriliasempat mengincar pembalap kelahiran Nice, Prancis. Pada MotoGP 2024,Apriliapernah berusaha untuk mendatangkan Quartararo, sebelum akhirnya juara dunia MotoGP 2021 memilih memperpanjang kontrak di Monster Energy Yamaha. Bahkan El Diablo menjadi pembalap dengan gaji tertinggi di grid MotoGP saat ini, yakni mencapai Rp207 miliar.",Tribun,liga_spanyol,ringkas beritabursa transfer pembalapmotogp warna kabarapriliayang usaha mendekatifabio quartararodari yamahasementara dariktm usaha blokir pintu keluarpedro acostadengan motor baik balap habis kontrak motogp berakhirtribunnewscom update transfer pembalapmotogp garasiapriliadanktmapriliadilaporkan taruh mendatangkanfabio quartararosementaraktmakan tahan maksimal agarpedro acostatidak seberang tim rival padamotogp jendela transfer pembalapmotogp hadir sorot peluang cipta saga transfer pindah balap plot twist buka lebarhal lepas mayoritas balap habis kontrak motogp usaicornering balap monster energy yamaha prancis fabio quartararo kendara sesi latih grand prix motogp thailand sirkuit internasional buriram buriram oktober foto arsip oktober lillian suwanrumpha afptak kecuali marco bezzecchi danjorge martinyang ikat kontrak pabrikan noale italiaaprilia performa bezzecchi martinbahkan bez sapa akrab marco bezzecchi saing panas lawan francesco pecco bagnaia rebut posisi klasemen motogp cerita denganjorge martindi juara dunia motogp cecer posisi klasemen bekal poinsebagai catatanjorge martinabsen seri alami cedera adaptasi maksimal bezzecchisituasinya bagiaprilia adik ducati panjang kontrakjorge martinatau rider madrid spanyol tinggal tim cepat kontrak milikidalam lapor diario asapriliaberpeluang mendepakjorge martinsetelah motogp catat rider juluk the martinator gagal mampu terbaiknyamartin minat honda racing corporation hrc tunggu sempat realisasi tunda tanda tanganjorge martinaprilia opsi ganti pilih panjang kontrak jmsebabapriliajuga wujud transfer impi el diablo julukanfabio quartararomenjadi rahasia bahwaapriliasempat incar balap lahir nice prancis motogp apriliapernah usaha quartararo juara dunia motogp pilih panjang kontrak monster energy yamahabahkan el diablo balap gaji tinggi grid motogp capai rp miliar tribunnewscom update transfer pembalapmotogp garasiapriliadanktmapriliadilaporkan taruh mendatangkanfabio quartararo sementaraktmakan tahan maksimal agarpedro acostatidak seberang tim rival padamotogp jendela transfer pembalapmotogp hadir sorot peluang cipta saga transfer pindah balap plot twist buka lebar lepas mayoritas balap habis kontrak motogp kecuali marco bezzecchi danjorge martinyang ikat kontrak pabrikan noale italiaaprilia performa bezzecchi martin bez sapa akrab marco bezzecchi saing panas lawan francesco pecco bagnaia rebut posisi klasemen motogp cerita denganjorge martindi juara dunia motogp cecer posisi klasemen bekal poin catatanjorge martinabsen seri alami cedera adaptasi maksimal bezzecchi situasi bagiaprilia adik ducati panjang kontrakjorge martinatau rider madrid spanyol tinggal tim cepat kontrak milik lapor diario asapriliaberpeluang mendepakjorge martinsetelah motogp catat rider juluk the martinator gagal mampu baik martin minat honda racing corporation hrc tunggu sempat realisasi tunda tanda tanganjorge martin aprilia opsi ganti pilih panjang kontrak jm sebabapriliajuga wujud transfer impi el diablo julukanfabio quartararo rahasia bahwaapriliasempat incar balap lahir nice prancis motogp apriliapernah usaha quartararo juara dunia motogp pilih panjang kontrak monster energy yamaha el diablo balap gaji tinggi grid motogp capai rp miliar,ringkas beritabursa transfer pembalapmotogp warna kabarapriliayang usaha mendekatifabio quartararodari yamahasementara dariktm usaha blokir pintu keluarpedro acostadengan motor baik balap habis kontrak motogp berakhirtribunnewscom update transfer pembalapmotogp garasiapriliadanktmapriliadilaporkan taruh mendatangkanfabio quartararosementaraktmakan tahan maksimal agarpedro acostatidak seberang tim rival padamotogp jendela transfer pembalapmotogp hadir sorot peluang cipta saga transfer pindah balap plot twist buka lebarhal lepas mayoritas balap habis kontrak motogp usaicornering balap monster energy yamaha prancis fabio quartararo kendara sesi latih grand prix motogp thailand sirkuit internasional buriram buriram oktober foto arsip oktober lillian suwanrumpha afptak kecuali marco bezzecchi danjorge martinyang ikat kontrak pabrikan noale italiaaprilia performa bezzecchi martinbahkan bez sapa akrab marco bezzecchi saing panas lawan francesco pecco bagnaia rebut posisi klasemen motogp cerita denganjorge martindi juara dunia motogp cecer posisi klasemen bekal poinsebagai catatanjorge martinabsen seri alami cedera adaptasi maksimal bezzecchisituasinya bagiaprilia adik ducati panjang kontrakjorge martinatau rider madrid spanyol tinggal tim cepat kontrak milikidalam lapor diario asapriliaberpeluang mendepakjorge martinsetelah motogp catat rider juluk the martinator gagal mampu terbaiknyamartin minat honda racing corporation hrc tunggu sempat realisasi tunda tanda tanganjorge martinaprilia opsi ganti pilih panjang kontrak jmsebabapriliajuga wujud transfer impi el diablo julukanfabio quartararomenjadi rahasia bahwaapriliasempat incar balap lahir nice prancis motogp apriliapernah usaha quartararo juara dunia motogp pilih panjang kontrak monster energy yamahabahkan el diablo balap gaji tinggi grid motogp capai rp miliar tribunnewscom update transfer pembalapmotogp garasiapriliadanktmapriliadilaporkan taruh mendatangkanfabio quartararo sementaraktmakan tahan maksimal agarpedro acostatidak seberang tim rival padamotogp jendela transfer pembalapmotogp hadir sorot peluang cipta saga transfer pindah balap plot twist buka lebar lepas mayoritas balap habis kontrak motogp kecuali marco bezzecchi danjorge martinyang ikat kontrak pabrikan noale italiaaprilia performa bezzecchi martin bez sapa akrab marco bezzecchi saing panas lawan francesco pecco bagnaia rebut posisi klasemen motogp cerita denganjorge martindi juara dunia motogp cecer posisi klasemen bekal poin catatanjorge martinabsen seri alami cedera adaptasi maksimal bezzecchi situasi bagiaprilia adik ducati panjang kontrakjorge martinatau rider madrid spanyol tinggal tim cepat kontrak milik lapor diario asapriliaberpeluang mendepakjorge martinsetelah motogp catat rider juluk the martinator gagal mampu baik martin minat honda racing corporation hrc tunggu sempat realisasi tunda tanda tanganjorge martin aprilia opsi ganti pilih panjang kontrak jm sebabapriliajuga wujud transfer impi el diablo julukanfabio quartararo rahasia bahwaapriliasempat incar balap lahir nice prancis motogp apriliapernah usaha quartararo juara dunia motogp pilih panjang kontrak monster energy yamaha el diablo balap gaji tinggi grid motogp capai rp miliar,Liga Spanyol,1,Liga Spanyol
Kumamoto Masters 2025 Penentuan Nasib Fajar/Fikri ke BWF World Tour Finals 2025,"Ringkasan Berita:Nasib Fajar Alfian/Shohibul Fikri keBWF World Tour Finals 2025ditentukan dalam gelaranKumamoto Masters 2025pekan depanFajar/Fikri masih menjaga peluang lolosBWF World Tour Finals 2025setelah Korea Masters 2025 rampung gegara rivalnya gagal mencapai babak semifinalPenentuan nasib pasangan anyar ganda putra Indonesia akan terjadi diKumamoto Masters 2025berlabel super 500TRIBUNNEWS.COM- Gelaran Korea Masters 2025 telah rampung pada pekan ini,BWF World Tour 2025lanjut ke Jepang pekan depan.Tepatnya mulai Selasa (11/11/2025) hingga Minggu (16/11/2025) mendatang akan berlangsung turnamen bertajukKumamoto Masters 2025.Kumamoto Masters 2025 merupakan turnamen dengan level super 500 yang akan dihelat di Kumamoto Prefectural Gymnasium, Jepang.Fajar Alfian/Muhammad Shohibul Fikri yang masih berpeluang lolosBWF World Tour Finals 2025tak ambil bagian dalam gelaran tersebut.Jadwal tandingFajar/Fikriuntuk berburu poin BWF berlanjut di Australia Open 2025 yang juga berlabel sama, super 500.Australia Open 2025 akan bergulir setelahKumamoto Masters 2025rampung, yakni pada 18-23 November 2025 mendatang.Di saat Fajar/Fikri absen tanding, nasib keduanya lolos atau tidak ke BWF World Tour Finals ditentukan di Kumamoto Masters 2025.lihat fotoKOREA OPEN 2025 - Selebrasi dari ganda putra Indonesia, Fajar Alfian/Muhammad Shohibul Fikri dalam partai babak semifinal Korea Open 2025 melawan Lee Jhe-Huei/Yang Po-Hsuan (Taiwan) di Suwon Gymnasium, pada 27 September 2025. Dok/PBSISkenario Fajar/Fikri ke BWF World Tour Finals 2025Adanya kesempatanFajar/FikrikeBWF World Tour Finals 2025sejatinya cukup mengejutkan.Pasangan baru yang debut pada pertengahan musim 2025 ini baru bermain sekira 8 turnamen sejauh ini.Torehan poin BWF dari 8 turnamenFajar/Fikrimampu membawa keduanya bersaing untuk mencuri spot lolos.Namun, peluang Fajar/Fikri untuk lolos cukup tipis dan butuh skenario ajaib untuk mewujudkannya.Baca juga:Kejutan Korea Masters 2025: Lee/Lee Ambyar, Fajar/Fikri Jaga Asa ke BWF World Tour Finals 2025Keduanya akan bergantung dari hasil tiga wakil Taiwan diKumamoto Masters 2025untuk menentukan nasibnya.Ada Lee Fang Chih/Lee Fang-jen, Chiu Hsiang Chieh/Wang Chi-Lin dan Lee Jhe Huei/Yang Po Hsuan.Ketiga utusan Taiwan itu patut dikawal diKumamoto Masters 2025mendatang karena hasil ketiganya memengaruhi nasibFajar/Fikri.Skenarionya, jika Lee/Lee mencapai babak perempat final turnamen super 500, maka peluangFajar/Fikriauto ambyar. TRIBUNNEWS.COM- Gelaran Korea Masters 2025 telah rampung pada pekan ini,BWF World Tour 2025lanjut ke Jepang pekan depan. Tepatnya mulai Selasa (11/11/2025) hingga Minggu (16/11/2025) mendatang akan berlangsung turnamen bertajukKumamoto Masters 2025. Kumamoto Masters 2025 merupakan turnamen dengan level super 500 yang akan dihelat di Kumamoto Prefectural Gymnasium, Jepang. Fajar Alfian/Muhammad Shohibul Fikri yang masih berpeluang lolosBWF World Tour Finals 2025tak ambil bagian dalam gelaran tersebut. Jadwal tandingFajar/Fikriuntuk berburu poin BWF berlanjut di Australia Open 2025 yang juga berlabel sama, super 500. Australia Open 2025 akan bergulir setelahKumamoto Masters 2025rampung, yakni pada 18-23 November 2025 mendatang. Di saat Fajar/Fikri absen tanding, nasib keduanya lolos atau tidak ke BWF World Tour Finals ditentukan di Kumamoto Masters 2025. Adanya kesempatanFajar/FikrikeBWF World Tour Finals 2025sejatinya cukup mengejutkan. Pasangan baru yang debut pada pertengahan musim 2025 ini baru bermain sekira 8 turnamen sejauh ini. Torehan poin BWF dari 8 turnamenFajar/Fikrimampu membawa keduanya bersaing untuk mencuri spot lolos. Namun, peluang Fajar/Fikri untuk lolos cukup tipis dan butuh skenario ajaib untuk mewujudkannya. Baca juga:Kejutan Korea Masters 2025: Lee/Lee Ambyar, Fajar/Fikri Jaga Asa ke BWF World Tour Finals 2025 Keduanya akan bergantung dari hasil tiga wakil Taiwan diKumamoto Masters 2025untuk menentukan nasibnya. Ada Lee Fang Chih/Lee Fang-jen, Chiu Hsiang Chieh/Wang Chi-Lin dan Lee Jhe Huei/Yang Po Hsuan. Ketiga utusan Taiwan itu patut dikawal diKumamoto Masters 2025mendatang karena hasil ketiganya memengaruhi nasibFajar/Fikri. Skenarionya, jika Lee/Lee mencapai babak perempat final turnamen super 500, maka peluangFajar/Fikriauto ambyar.",Tribun,liga_spanyol,ringkas beritanasib fajar alfianshohibul fikri kebwf world tour finals tentu gelarankumamoto masters pekan depanfajarfikri jaga peluang lolosbwf world tour finals korea masters rampung gegara rival gagal capai babak semifinalpenentuan nasib pasang anyar ganda putra indonesia dikumamoto masters label super tribunnewscom gelar korea masters rampung pekan inibwf world tour jepang pekan depantepatnya selasa minggu turnamen bertajukkumamoto masters kumamoto masters turnamen level super helat kumamoto prefectural gymnasium jepangfajar alfianmuhammad shohibul fikri peluang lolosbwf world tour finals ambil gelar tersebutjadwal tandingfajarfikriuntuk buru poin bwf lanjut australia open label super australia open gulir setelahkumamoto masters rampung november mendatangdi fajarfikri absen tanding nasib lolos bwf world tour finals tentu kumamoto masters lihat fotokorea open selebrasi ganda putra indonesia fajar alfianmuhammad shohibul fikri partai babak semifinal korea open lawan lee jhehueiyang pohsuan taiwan suwon gymnasium september dokpbsiskenario fajarfikri bwf world tour finals kesempatanfajarfikrikebwf world tour finals sejati mengejutkanpasangan debut tengah musim main sekira turnamen initorehan poin bwf turnamenfajarfikrimampu bawa saing curi spot lolosnamun peluang fajarfikri lolos tipis butuh skenario ajaib mewujudkannyabaca jugakejutan korea masters leelee ambyar fajarfikri jaga asa bwf world tour finals gantung hasil wakil taiwan dikumamoto masters tentu nasibnyaada lee fang chihlee fangjen chiu hsiang chiehwang chilin lee jhe hueiyang po hsuanketiga utus taiwan patut kawal dikumamoto masters hasil tiga pengaruh nasibfajarfikriskenarionya leelee capai babak empat final turnamen super peluangfajarfikriauto ambyar tribunnewscom gelar korea masters rampung pekan inibwf world tour jepang pekan tepat selasa minggu turnamen bertajukkumamoto masters kumamoto masters turnamen level super helat kumamoto prefectural gymnasium jepang fajar alfianmuhammad shohibul fikri peluang lolosbwf world tour finals ambil gelar jadwal tandingfajarfikriuntuk buru poin bwf lanjut australia open label super australia open gulir setelahkumamoto masters rampung november fajarfikri absen tanding nasib lolos bwf world tour finals tentu kumamoto masters kesempatanfajarfikrikebwf world tour finals sejati kejut pasang debut tengah musim main sekira turnamen toreh poin bwf turnamenfajarfikrimampu bawa saing curi spot lolos peluang fajarfikri lolos tipis butuh skenario ajaib wujud baca jugakejutan korea masters leelee ambyar fajarfikri jaga asa bwf world tour finals gantung hasil wakil taiwan dikumamoto masters tentu nasib lee fang chihlee fangjen chiu hsiang chiehwang chilin lee jhe hueiyang po hsuan tiga utus taiwan patut kawal dikumamoto masters hasil tiga pengaruh nasibfajarfikri skenario leelee capai babak empat final turnamen super peluangfajarfikriauto ambyar,ringkas beritanasib fajar alfianshohibul fikri kebwf world tour finals tentu gelarankumamoto masters pekan depanfajarfikri jaga peluang lolosbwf world tour finals korea masters rampung gegara rival gagal capai babak semifinalpenentuan nasib pasang anyar ganda putra indonesia dikumamoto masters label super tribunnewscom gelar korea masters rampung pekan inibwf world tour jepang pekan depantepatnya selasa minggu turnamen bertajukkumamoto masters kumamoto masters turnamen level super helat kumamoto prefectural gymnasium jepangfajar alfianmuhammad shohibul fikri peluang lolosbwf world tour finals ambil gelar tersebutjadwal tandingfajarfikriuntuk buru poin bwf lanjut australia open label super australia open gulir setelahkumamoto masters rampung november mendatangdi fajarfikri absen tanding nasib lolos bwf world tour finals tentu kumamoto masters lihat fotokorea open selebrasi ganda putra indonesia fajar alfianmuhammad shohibul fikri partai babak semifinal korea open lawan lee jhehueiyang pohsuan taiwan suwon gymnasium september dokpbsiskenario fajarfikri bwf world tour finals kesempatanfajarfikrikebwf world tour finals sejati mengejutkanpasangan debut tengah musim main sekira turnamen initorehan poin bwf turnamenfajarfikrimampu bawa saing curi spot lolosnamun peluang fajarfikri lolos tipis butuh skenario ajaib mewujudkannyabaca jugakejutan korea masters leelee ambyar fajarfikri jaga asa bwf world tour finals gantung hasil wakil taiwan dikumamoto masters tentu nasibnyaada lee fang chihlee fangjen chiu hsiang chiehwang chilin lee jhe hueiyang po hsuanketiga utus taiwan patut kawal dikumamoto masters hasil tiga pengaruh nasibfajarfikriskenarionya leelee capai babak empat final turnamen super peluangfajarfikriauto ambyar tribunnewscom gelar korea masters rampung pekan inibwf world tour jepang pekan tepat selasa minggu turnamen bertajukkumamoto masters kumamoto masters turnamen level super helat kumamoto prefectural gymnasium jepang fajar alfianmuhammad shohibul fikri peluang lolosbwf world tour finals ambil gelar jadwal tandingfajarfikriuntuk buru poin bwf lanjut australia open label super australia open gulir setelahkumamoto masters rampung november fajarfikri absen tanding nasib lolos bwf world tour finals tentu kumamoto masters kesempatanfajarfikrikebwf world tour finals sejati kejut pasang debut tengah musim main sekira turnamen toreh poin bwf turnamenfajarfikrimampu bawa saing curi spot lolos peluang fajarfikri lolos tipis butuh skenario ajaib wujud baca jugakejutan korea masters leelee ambyar fajarfikri jaga asa bwf world tour finals gantung hasil wakil taiwan dikumamoto masters tentu nasib lee fang chihlee fangjen chiu hsiang chiehwang chilin lee jhe hueiyang po hsuan tiga utus taiwan patut kawal dikumamoto masters hasil tiga pengaruh nasibfajarfikri skenario leelee capai babak empat final turnamen super peluangfajarfikriauto ambyar,Liga Spanyol,1,Liga Spanyol
Parma VS Milan: Pulisic Bakal Comeback!,"Christian Pulisicbakalcomebackdari cedera saatAC MilanmenghadapiParma. Hadrinya Pulisic bakal menambah kreativitas di lini serang Milan. AC Milan akan bertandang ke Ernio Tardini, markas Parma, pada laga lanjutan Liga Italia, Minggu (9/11/2025). Rossoneri memburu tiga poin di laga ini demi terus bisa bersaing untuk berada di puncak klasemen. Milan saat ini berada di peringkat ketiga Serie A dengan 21 poin. Poin mereka sama dengan Inter Milan di posisi kedua dan Napoli hanya tertinggal satu angka dari Napoli di puncak. SCROLL TO CONTINUE WITH CONTENT Kabar baik menghampiri Milan menjelang laga ini. Christian Pulisic sudah fit untuk bermain melawan Parma.  Pemain asal Amerika Serikat ini sebelumnya harus absen akibat cedera. Ia tak tampil di empat laga terakhir Milan akibat cedera tersebut. Hadirnya Pulisic tentu bakal menambah daya serang Il Diavolo. Mantan pemain Chelsea ini telah menyumbang enam gol dan dua assist di musim ini. Kemampuan Pulisic bermain di berbagai posis juga bakal bikin lini serang Milan lebih cair. Pelatih Milan,Massimiliano Allegri, memastikan bahwa Pulisic sudah siap tampil melawan Parma. Meski begitu, Milan masih tanpa sejumlah pilar melawan Rossoblu.. Pelvis Estupinan dan Ardon Jashari kondisinya masih diragukan untuk bisa fit. Sementara, Adrien Rabiot dan Santiago Gimenez dipastikan absen dan kemungkinan baru pulih usai jeda internasional. ""Pulisic sudah pulih akan bisa bermain. Estupinan dan Jashari masih memulihkan kondisi. Rabiot akan tetap absen dan kembali setelah jeda, seperti halnya Gimenez,"" ujar Allegri dikutip dari Football Italia.",Detik,liga_italia,christian pulisicbakalcomebackdari cedera saatac milanmenghadapiparma hadrinya pulisic tambah kreativitas lini serang mil ac mil tandang ernio tardini markas parma laga lanjut liga italia minggu rossoneri buru poin laga saing puncak klasemen mil peringkat tiga serie a poin poin inter mil posisi napoli tinggal angka napoli puncak scroll to continue with content kabar hampir mil jelang laga christian pulisic fit main lawan parma main amerika serikat absen akibat cedera tampil laga mil akibat cedera hadir pulisic tambah daya serang il diavolo mantan main chelsea sumbang enam gol assist musim mampu pulisic main pos bikin lini serang mil cair latih milanmassimiliano allegri pulisic tampil lawan parma mil pilar lawan rossoblu pelvis estupinan ardon jashari kondisi ragu fit adrien rabiot santiago gimenez absen pulih jeda internasional pulisic pulih main estupinan jashari pulih kondisi rabiot absen jeda hal gimenez allegri kutip football italia,christian pulisicbakalcomebackdari cedera saatac milanmenghadapiparma hadrinya pulisic tambah kreativitas lini serang mil ac mil tandang ernio tardini markas parma laga lanjut liga italia minggu rossoneri buru poin laga saing puncak klasemen mil peringkat tiga serie a poin poin inter mil posisi napoli tinggal angka napoli puncak scroll to continue with content kabar hampir mil jelang laga christian pulisic fit main lawan parma main amerika serikat absen akibat cedera tampil laga mil akibat cedera hadir pulisic tambah daya serang il diavolo mantan main chelsea sumbang enam gol assist musim mampu pulisic main pos bikin lini serang mil cair latih milanmassimiliano allegri pulisic tampil lawan parma mil pilar lawan rossoblu pelvis estupinan ardon jashari kondisi ragu fit adrien rabiot santiago gimenez absen pulih jeda internasional pulisic pulih main estupinan jashari pulih kondisi rabiot absen jeda hal gimenez allegri kutip football italia,Liga Italia,1,Liga Italia
Sassuolo Vs Genoa: Jay Idzes Cs Tumbang 1-2,"Jay Idzestampil penuh saatSassuolomenjamuGenoadalam lanjutanSerie A. I Neroverdi menyerah 1-2. Giornata kesepuluh Liga Italia mempertemukan Sassuolo vs Genoa. Pertandingan digelar di Mapei Stadium, Selasa (4/11/2025) dini hari WIB. Jay Idzes bermain sebagai starter untuk Sassuolo. Kapten Timnas Indonesia ini ditempatkan sebagai bek tengah. SCROLL TO CONTINUE WITH CONTENT  Genoa mengejutkan tuan rumah di menit ke-18. Ruslan Malinovskyi sukses mencetak gol. Malinovskyi membobol gawang Sassuolo dengan tembakan kerasnya usai menerima bola muntah tepisan Arijanet Muric. Genoa unggul 1-0 hingga turun minum. Sassuolo menyamakan kedudukan di awal babak kedua, tepatnya menit ke-47. Domenico Berardi mencetak gol untuk tim tuan rumah dan membawa kedudukan sama kuat 1-1. Genoa berhasil mencuri gol kemenangan di injury time. Bek Leo Ostigard membobol Sassuolo lewat bola tandukannya di depan gawang, menyambut tendangan bebas Caricol.  Gol Ostigard menjadi penutup pertandingan di Mapei Stadium. Laga tuntas untuk kemenangan Genoa 2-1 atas Sassuolo. Jay Idzes tidak tergantikan sepanjang laga Sassuolo vs Genoa. Bang Jay mendapat rating 6,0 dari Sofascore, paling rendah di antara bek-bek I Neroverdi lainnya yang menjadi starter. Ini menjadi kemenangan pertama Genoa di Liga Italia 2025/2026. Genoa naik ke posisi 18 dengan 6 poin, Sassuolo tertahan di urutan ke-11 dengan 13 poin. Susunan Pemain Sassuolo: Arijanet Muric; Sebastian Walukiewicz, Jay Idzes, Tarik Muharemovic, Josh Doig; Kristian Thorstvedt, Nemanja Matic, Ismael Kone; Domenico Berardi, Andrea Pinamonti, Armand Lauriente. Genoa: Nicola Leali; Johan Vazquez, Leo Ostigard, Alessandro Marcandalli; Aaron Martin, Morten Thorsby, Morten Frendrup, Ruslan Malinovskyi, Brooke Norton-Cuffy; Vitor Oliveira, Lorenzo Colombo.",Detik,liga_italia,jay idzestampil penuh saatsassuolomenjamugenoadalam lanjutanserie a i neroverdi serah giornata puluh liga italia temu sassuolo vs genoa tanding gelar mapei stadium selasa wib jay idzes main starter sassuolo kapten timnas indonesia tempat bek scroll to continue with content genoa kejut tuan rumah menit ruslan malinovskyi sukses cetak gol malinovskyi bobol gawang sassuolo tembak keras terima bola muntah tepis arijanet muric genoa unggul turun minum sassuolo sama duduk babak tepat menit domenico ardi cetak gol tim tuan rumah bawa duduk kuat genoa hasil curi gol menang injury time bek leo ostigard bobol sassuolo bola tandu gawang sambut tendang bebas caricol gol ostigard tutup tanding mapei stadium laga tuntas menang genoa sassuolo jay idzes ganti laga sassuolo vs genoa bang jay rating sofascore rendah bekbek i neroverdi starter menang genoa liga italia genoa posisi poin sassuolo tahan urut poin susun main sassuolo arijanet muric sebastian walukiewicz jay idzes tarik muharemovic josh doig kristian thorstvedt nemanja matic ismael kone domenico ardi andrea pinamonti armand lauriente genoa nicola leali johan vazquez leo ostigard alessandro marcandalli aaron martin morten thorsby morten frendrup ruslan malinovskyi brooke nortoncuffy vitor oliveira lorenzo colombo,jay idzestampil penuh saatsassuolomenjamugenoadalam lanjutanserie a i neroverdi serah giornata puluh liga italia temu sassuolo vs genoa tanding gelar mapei stadium selasa wib jay idzes main starter sassuolo kapten timnas indonesia tempat bek scroll to continue with content genoa kejut tuan rumah menit ruslan malinovskyi sukses cetak gol malinovskyi bobol gawang sassuolo tembak keras terima bola muntah tepis arijanet muric genoa unggul turun minum sassuolo sama duduk babak tepat menit domenico ardi cetak gol tim tuan rumah bawa duduk kuat genoa hasil curi gol menang injury time bek leo ostigard bobol sassuolo bola tandu gawang sambut tendang bebas caricol gol ostigard tutup tanding mapei stadium laga tuntas menang genoa sassuolo jay idzes ganti laga sassuolo vs genoa bang jay rating sofascore rendah bekbek i neroverdi starter menang genoa liga italia genoa posisi poin sassuolo tahan urut poin susun main sassuolo arijanet muric sebastian walukiewicz jay idzes tarik muharemovic josh doig kristian thorstvedt nemanja matic ismael kone domenico ardi andrea pinamonti armand lauriente genoa nicola leali johan vazquez leo ostigard alessandro marcandalli aaron martin morten thorsby morten frendrup ruslan malinovskyi brooke nortoncuffy vitor oliveira lorenzo colombo,Liga Italia,1,Liga Italia
"Atletico Vs Levante: Griezmann 2 Gol, Los Colchoneros Menang 3-1","Atletico Madridmelanjutkan tren kemenangan di LaLiga.Antoine Griezmannmenyumbang dua gol Atletico untuk mengalahkan Levante dengan skor akhir 3-1. LagaAtletico Madrid vs Levanteberlangsung di Metropolitano pada Minggu (9/11) dinihari WIB. Griezmann jadi bintang Los Colchoneros dari bangku cadangan. Dengan kemenangan ini, Atletico kini menghuni posisi empat klasemen usai mengoleksi 25 poin dari 12 pertandingan. Atletico berjarak lima poin dari Real Madrid di puncak dan mempunyai perolehan yang sama dengan Barcelona di posisi tiga. Kedua klub yang disebut terakhir baru akan bermain hari ini. SCROLL TO CONTINUE WITH CONTENT Atletico Madrid start dengan kencang setelah diuntungkan dengan gol bunuh diri bek Levante, Dela. Crossing Pablo Barrios ditepis Mathew Ryan. Bola kemudian membentur Dela sebelum masuk ke gawangnya sendiri. Atletico unggul 1-0 di menit ke-12.  Levante menciptakan gol balasan pada 11 menit kemudian. Gol Manuel Sanchez menyamakan skor 1-1. Sepak pojok di sayap kanan dilontarkan Jon Olagasti. Bola menemui Manuel Sanchez yang berdiri tidak terkawal di depan kotak 6 yard. Sanchez menuntaskan umpan lambung itu dengan sundulan, menaklukkan Jan Oblak. Keunggulan Atletico baru bertambah setelah turun minum. Antoine Griezmann langsung menciptakan dampak instan. Hanya sesaat setelah masuk ke lapangan, Griezmann menciptakan gol kedua Atletico untuk mengubah skor jadi 2-1. Marcos Llorente mengirim umpan silang, yang diselesaikan Griezmann dengan sontekan ke gawang yang kosong.  Griezmann hampir saja mencetak gol keduanya tidak lama kemudian. Sebuah crossing dari sayap disambut Griezmann dengan tandukan, meski bola melambung tipis. Gol ketiga yang ditunggu-tunggu Atletico akhirnya terlahir pada menit ke-80. Griezmann mencecar bola rebound di dalam kotak penalti untuk diceploskan ke gawang Levante. Atletico 3, Levante 1, yang menandai hasil akhir pertandingan.  Susunan Pemain ATLETICO MADRID: Jan Oblak, Marcos Llorente, Jose Maria Gimenez, David Hancko, Matteo Ruggeri (Molina 79'), Alex Baena (Gallagher 79'), Pablo Barrios (Griezmann 61'), Koke, Giu Simeone (Nico Gonzalez 73'), Alexander Sorloth (Almada 61') Julian Alvarez LEVANTE: Mathew Ryan, Jeremy Toljan (Victor Garcia 86'), Dela, Matias Moreno, Manuel Sanchez (Matturo 86'), Jon Olagasti (Koyalipou 74'), Kervin Arriaga, Unai Elgezabal (Oriol Rey 85'), Carlos Alvarez, Etta Eyong, Roger Brugue (Jose Morales 74')",Detik,liga_spanyol,atletico madridmelanjutkan tren menang laligaantoine griezmannmenyumbang gol atletico kalah levante skor lagaatletico madrid vs levanteberlangsung metropolitano minggu dinihari wib griezmann bintang los colchoneros bangku cadang menang atletico huni posisi klasemen koleksi poin tanding atletico jarak poin real madrid puncak oleh barcelona posisi klub main scroll to continue with content atletico madrid start kencang untung gol bunuh bek levante dela crossing pablo barrios tepis mathew ryan bola bentur dela masuk gawang atletico unggul menit levante cipta gol balas menit gol manuel sanchez sama skor sepak pojok sayap kanan lontar jon olagasti bola temu manuel sanchez diri kawal kotak yard sanchez tuntas umpan lambung sundul takluk jan oblak unggul atletico tambah turun minum antoine griezmann langsung cipta dampak instan masuk lapang griezmann cipta gol atletico ubah skor marcos llorente kirim umpan silang selesai griezmann sontek gawang kosong griezmann cetak gol crossing sayap sambut griezmann tandu bola lambung tipis gol tiga ditunggutunggu atletico lahir menit griezmann cecar bola rebound kotak penalti ceplos gawang levante atletico levante tanda hasil tanding susun main atletico madrid jan oblak marcos llorente jose maria gimenez david hancko matteo ruggeri molina alex baena gallagher pablo barrios griezmann koke giu simeone nico gonzalez alexander sorloth almada juli alvarez levante mathew ryan jeremy toljan victor garcia dela matias moreno manuel sanchez matturo jon olagasti koyalipou kervin arriaga unai elgezabal oriol rey carlos alvarez etta eyong roger brugue jose morales,atletico madridmelanjutkan tren menang laligaantoine griezmannmenyumbang gol atletico kalah levante skor lagaatletico madrid vs levanteberlangsung metropolitano minggu dinihari wib griezmann bintang los colchoneros bangku cadang menang atletico huni posisi klasemen koleksi poin tanding atletico jarak poin real madrid puncak oleh barcelona posisi klub main scroll to continue with content atletico madrid start kencang untung gol bunuh bek levante dela crossing pablo barrios tepis mathew ryan bola bentur dela masuk gawang atletico unggul menit levante cipta gol balas menit gol manuel sanchez sama skor sepak pojok sayap kanan lontar jon olagasti bola temu manuel sanchez diri kawal kotak yard sanchez tuntas umpan lambung sundul takluk jan oblak unggul atletico tambah turun minum antoine griezmann langsung cipta dampak instan masuk lapang griezmann cipta gol atletico ubah skor marcos llorente kirim umpan silang selesai griezmann sontek gawang kosong griezmann cetak gol crossing sayap sambut griezmann tandu bola lambung tipis gol tiga ditunggutunggu atletico lahir menit griezmann cecar bola rebound kotak penalti ceplos gawang levante atletico levante tanda hasil tanding susun main atletico madrid jan oblak marcos llorente jose maria gimenez david hancko matteo ruggeri molina alex baena gallagher pablo barrios griezmann koke giu simeone nico gonzalez alexander sorloth almada juli alvarez levante mathew ryan jeremy toljan victor garcia dela matias moreno manuel sanchez matturo jon olagasti koyalipou kervin arriaga unai elgezabal oriol rey carlos alvarez etta eyong roger brugue jose morales,Liga Spanyol,1,Liga Spanyol
Kabar Farhan Halim setelah Dicoret dari Timnas Voli Indonesia: Masih Jadi Camat di Nagano Tridents,"Ringkasan Berita:Farhan Halim kembali menjadi cadangan tanpa menit bermain setelahVC Nagano Tridentskalah dari Tokyo Great Bears kemarinFarhan Halim tercoret dari skuad Timnas Voli Indonesia untukSEA Games 2025Pelatih Indonesia Jeff Jiang Jie menggantikanFarhan Halimdengan Jordan Michael SusantoTRIBUNNEWS.COM- KabarFarhan Halimsetelah tercoret dariTimnas Voli Putra Indonesiadari final skuad untukSEA Games 2025.Farhan Halimmasih menjadi ""camat"" alias cadangan mati.Secara mengejutkanFarhan Halimdicoret dari daftar 14 pemainTimnas Voli Putra Indonesiayang diberangkatkan keSEA Games 2025Thailand pada awal Desember mendatang.Pencoretan outside hitter kelahiran 26 April 2001 ini mengernyitkan alisvolimania Tanah Air. Sebab, Farhan merupakan salah satu hitter terbaik yang berkemampuan lengkap dimiliki Indonesia.Keputusan pelatih Timnas Voli Putra Indonesia Jeff Jiang Jie mencoret Farhan Halim tergolong berani, dan memilih Jordan Michael Susanto sebagai pengganti.SKUAD VOLI - Daftar skuad resmi Timnas Voli Putra Indonesia untuk SEA Games 2025 yang berlangsung di Thailand, awal Desember mendatang. Farhan Halim dicoret. (Instagram @indonesian_volleyball)Kendati demikian, pencoretan suami Dita Azizah ini jauh-jauh hari sudah diprediksi.Bahkan Jeff Jiang Jie sebelum pemusatan latihan atau TC di Sentul dimulai akhir Oktober lalu sudah mengatakan, bahwa dirinya tidak yakin klubFarhan Halimakan melepaskan untuk SEA Games.""Farhan bermain di Jepang dan sangat sulit baginya untuk pulang, bergabung dalam latihan,"" ucap Jiang Jie.""Jadi, kami mencoba untuk mendapatkan pemain lain untuk bergabung dengan tim,"" sambung pelatih berkebangsaan China.Perlu diketahui,Farhan Halimmenjadi satu-satunya pemain Timnas Voli Indonesia dipanggil untuk TC, yang berstatus abroad atau bermain di luar negeri.Saat ini Farhan bermain untukVC Nagano Tridents, klub yang bermain di kasta tertinggi pervolian Jepang atau SVLeague 2025/2026. Sebagai informasi,VC Nagano Tridentsjuga sempat dibela Rivan Nurmulki dan Doni Haryono.Sayangnya bersamaVC Nagano Tridents, Farhan juga kurang mendapatkan menit bermain. Bahkan bisa dikatakan camat alias cadangan mati.Bagaimana tidak, dari enam pertandingan yang sudah dilakoni Nagano,Farhan Halimbaru bermain satu kali. Itupun berstatus serve spesialis dalam laga menghadapi Osaka Blazers Sakai.Terbaru,Farhan Halimtidak diturunkan sama sekali saatVC Nagano Tridentsmenelan kekalahan pada matchday 5 dan 6 Liga Voli Jepang 2025/2026.Pada pertandingan yang berlangsung di Tokyo Great Bears, Jumat (7/11),VC Nagano Tridentsterkena reverse sweep dalam laga set penuh, 2-3 (26-24, 25-19, 17-25, 32-34, 10-15). Dalam laga ini Farhan halim hanya berada di area cadangan.Hal serupa juga terjadi saat Nagano bersua Tokyo Great Bears di kandang, Sabtu (8/11). TRIBUNNEWS.COM- KabarFarhan Halimsetelah tercoret dariTimnas Voli Putra Indonesiadari final skuad untukSEA Games 2025.Farhan Halimmasih menjadi ""camat"" alias cadangan mati. Secara mengejutkanFarhan Halimdicoret dari daftar 14 pemainTimnas Voli Putra Indonesiayang diberangkatkan keSEA Games 2025Thailand pada awal Desember mendatang. Pencoretan outside hitter kelahiran 26 April 2001 ini mengernyitkan alisvolimania Tanah Air. Sebab, Farhan merupakan salah satu hitter terbaik yang berkemampuan lengkap dimiliki Indonesia. Keputusan pelatih Timnas Voli Putra Indonesia Jeff Jiang Jie mencoret Farhan Halim tergolong berani, dan memilih Jordan Michael Susanto sebagai pengganti. Kendati demikian, pencoretan suami Dita Azizah ini jauh-jauh hari sudah diprediksi. Bahkan Jeff Jiang Jie sebelum pemusatan latihan atau TC di Sentul dimulai akhir Oktober lalu sudah mengatakan, bahwa dirinya tidak yakin klubFarhan Halimakan melepaskan untuk SEA Games. ""Farhan bermain di Jepang dan sangat sulit baginya untuk pulang, bergabung dalam latihan,"" ucap Jiang Jie. ""Jadi, kami mencoba untuk mendapatkan pemain lain untuk bergabung dengan tim,"" sambung pelatih berkebangsaan China. Perlu diketahui,Farhan Halimmenjadi satu-satunya pemain Timnas Voli Indonesia dipanggil untuk TC, yang berstatus abroad atau bermain di luar negeri. Saat ini Farhan bermain untukVC Nagano Tridents, klub yang bermain di kasta tertinggi pervolian Jepang atau SVLeague 2025/2026. Sebagai informasi,VC Nagano Tridentsjuga sempat dibela Rivan Nurmulki dan Doni Haryono. Sayangnya bersamaVC Nagano Tridents, Farhan juga kurang mendapatkan menit bermain. Bahkan bisa dikatakan camat alias cadangan mati. Bagaimana tidak, dari enam pertandingan yang sudah dilakoni Nagano,Farhan Halimbaru bermain satu kali. Itupun berstatus serve spesialis dalam laga menghadapi Osaka Blazers Sakai. Terbaru,Farhan Halimtidak diturunkan sama sekali saatVC Nagano Tridentsmenelan kekalahan pada matchday 5 dan 6 Liga Voli Jepang 2025/2026. Pada pertandingan yang berlangsung di Tokyo Great Bears, Jumat (7/11),VC Nagano Tridentsterkena reverse sweep dalam laga set penuh, 2-3 (26-24, 25-19, 17-25, 32-34, 10-15). Dalam laga ini Farhan halim hanya berada di area cadangan. Hal serupa juga terjadi saat Nagano bersua Tokyo Great Bears di kandang, Sabtu (8/11).",Tribun,liga_spanyol,ringkas beritafarhan halim cadang menit main setelahvc nagano tridentskalah tokyo great bears kemarinfarhan halim coret skuad timnas voli indonesia untuksea games latih indonesia jeff jiang jie menggantikanfarhan halimdengan jordan michael susantotribunnewscom kabarfarhan halimsetelah coret daritimnas voli putra indonesiadari final skuad untuksea games farhan halimmasih camat alias cadang matisecara mengejutkanfarhan halimdicoret daftar pemaintimnas voli putra indonesiayang berangkat kesea games thailand desember mendatangpencoretan outside hitter lahir april kernyit alisvolimania tanah air farhan salah hitter baik mampu lengkap milik indonesiakeputusan latih timnas voli putra indonesia jeff jiang jie coret farhan halim golong berani pilih jordan michael susanto penggantiskuad voli daftar skuad resmi timnas voli putra indonesia sea games thailand desember farhan halim coret instagram indonesianvolleyballkendati coret suami dita azizah jauhjauh diprediksibahkan jeff jiang jie pusat latih tc sentul oktober klubfarhan halimakan lepas sea gamesfarhan main jepang sulit bagi pulang gabung latih jiang jiejadi coba main gabung tim sambung latih bangsa chinaperlu diketahuifarhan halimmenjadi satusatunya main timnas voli indonesia panggil tc status abroad main negerisaat farhan main untukvc nagano tridents klub main kasta tinggi voli jepang svleague informasivc nagano tridentsjuga bela rivan nurmulki doni haryonosayangnya bersamavc nagano tridents farhan menit main camat alias cadang matibagaimana enam tanding lakon naganofarhan halimbaru main kali itu status serve spesialis laga hadap osaka blazers sakaiterbarufarhan halimtidak turun saatvc nagano tridentsmenelan kalah matchday liga voli jepang tanding tokyo great bears jumat vc nagano tridentsterkena reverse sweep laga set penuh laga farhan halim area cadanganhal nagano sua tokyo great bears kandang sabtu tribunnewscom kabarfarhan halimsetelah coret daritimnas voli putra indonesiadari final skuad untuksea games farhan halimmasih camat alias cadang mati mengejutkanfarhan halimdicoret daftar pemaintimnas voli putra indonesiayang berangkat kesea games thailand desember coret outside hitter lahir april kernyit alisvolimania tanah air farhan salah hitter baik mampu lengkap milik indonesia putus latih timnas voli putra indonesia jeff jiang jie coret farhan halim golong berani pilih jordan michael susanto ganti kendati coret suami dita azizah jauhjauh prediksi jeff jiang jie pusat latih tc sentul oktober klubfarhan halimakan lepas sea games farhan main jepang sulit bagi pulang gabung latih jiang jie coba main gabung tim sambung latih bangsa china diketahuifarhan halimmenjadi satusatunya main timnas voli indonesia panggil tc status abroad main negeri farhan main untukvc nagano tridents klub main kasta tinggi voli jepang svleague informasivc nagano tridentsjuga bela rivan nurmulki doni haryono sayang bersamavc nagano tridents farhan menit main camat alias cadang mati enam tanding lakon naganofarhan halimbaru main kali itu status serve spesialis laga hadap osaka blazers sakai terbarufarhan halimtidak turun saatvc nagano tridentsmenelan kalah matchday liga voli jepang tanding tokyo great bears jumat vc nagano tridentsterkena reverse sweep laga set penuh laga farhan halim area cadang nagano sua tokyo great bears kandang sabtu,ringkas beritafarhan halim cadang menit main setelahvc nagano tridentskalah tokyo great bears kemarinfarhan halim coret skuad timnas voli indonesia untuksea games latih indonesia jeff jiang jie menggantikanfarhan halimdengan jordan michael susantotribunnewscom kabarfarhan halimsetelah coret daritimnas voli putra indonesiadari final skuad untuksea games farhan halimmasih camat alias cadang matisecara mengejutkanfarhan halimdicoret daftar pemaintimnas voli putra indonesiayang berangkat kesea games thailand desember mendatangpencoretan outside hitter lahir april kernyit alisvolimania tanah air farhan salah hitter baik mampu lengkap milik indonesiakeputusan latih timnas voli putra indonesia jeff jiang jie coret farhan halim golong berani pilih jordan michael susanto penggantiskuad voli daftar skuad resmi timnas voli putra indonesia sea games thailand desember farhan halim coret instagram indonesianvolleyballkendati coret suami dita azizah jauhjauh diprediksibahkan jeff jiang jie pusat latih tc sentul oktober klubfarhan halimakan lepas sea gamesfarhan main jepang sulit bagi pulang gabung latih jiang jiejadi coba main gabung tim sambung latih bangsa chinaperlu diketahuifarhan halimmenjadi satusatunya main timnas voli indonesia panggil tc status abroad main negerisaat farhan main untukvc nagano tridents klub main kasta tinggi voli jepang svleague informasivc nagano tridentsjuga bela rivan nurmulki doni haryonosayangnya bersamavc nagano tridents farhan menit main camat alias cadang matibagaimana enam tanding lakon naganofarhan halimbaru main kali itu status serve spesialis laga hadap osaka blazers sakaiterbarufarhan halimtidak turun saatvc nagano tridentsmenelan kalah matchday liga voli jepang tanding tokyo great bears jumat vc nagano tridentsterkena reverse sweep laga set penuh laga farhan halim area cadanganhal nagano sua tokyo great bears kandang sabtu tribunnewscom kabarfarhan halimsetelah coret daritimnas voli putra indonesiadari final skuad untuksea games farhan halimmasih camat alias cadang mati mengejutkanfarhan halimdicoret daftar pemaintimnas voli putra indonesiayang berangkat kesea games thailand desember coret outside hitter lahir april kernyit alisvolimania tanah air farhan salah hitter baik mampu lengkap milik indonesia putus latih timnas voli putra indonesia jeff jiang jie coret farhan halim golong berani pilih jordan michael susanto ganti kendati coret suami dita azizah jauhjauh prediksi jeff jiang jie pusat latih tc sentul oktober klubfarhan halimakan lepas sea games farhan main jepang sulit bagi pulang gabung latih jiang jie coba main gabung tim sambung latih bangsa china diketahuifarhan halimmenjadi satusatunya main timnas voli indonesia panggil tc status abroad main negeri farhan main untukvc nagano tridents klub main kasta tinggi voli jepang svleague informasivc nagano tridentsjuga bela rivan nurmulki doni haryono sayang bersamavc nagano tridents farhan menit main camat alias cadang mati enam tanding lakon naganofarhan halimbaru main kali itu status serve spesialis laga hadap osaka blazers sakai terbarufarhan halimtidak turun saatvc nagano tridentsmenelan kalah matchday liga voli jepang tanding tokyo great bears jumat vc nagano tridentsterkena reverse sweep laga set penuh laga farhan halim area cadang nagano sua tokyo great bears kandang sabtu,Liga Spanyol,1,Liga Spanyol
Kumamoto Masters 2025 Penentuan Nasib Fajar/Fikri ke BWF World Tour Finals 2025,"Ringkasan Berita:Nasib Fajar Alfian/Shohibul Fikri keBWF World Tour Finals 2025ditentukan dalam gelaranKumamoto Masters 2025pekan depanFajar/Fikri masih menjaga peluang lolosBWF World Tour Finals 2025setelah Korea Masters 2025 rampung gegara rivalnya gagal mencapai babak semifinalPenentuan nasib pasangan anyar ganda putra Indonesia akan terjadi diKumamoto Masters 2025berlabel super 500TRIBUNNEWS.COM- Gelaran Korea Masters 2025 telah rampung pada pekan ini,BWF World Tour 2025lanjut ke Jepang pekan depan.Tepatnya mulai Selasa (11/11/2025) hingga Minggu (16/11/2025) mendatang akan berlangsung turnamen bertajukKumamoto Masters 2025.Kumamoto Masters 2025 merupakan turnamen dengan level super 500 yang akan dihelat di Kumamoto Prefectural Gymnasium, Jepang.Fajar Alfian/Muhammad Shohibul Fikri yang masih berpeluang lolosBWF World Tour Finals 2025tak ambil bagian dalam gelaran tersebut.Jadwal tandingFajar/Fikriuntuk berburu poin BWF berlanjut di Australia Open 2025 yang juga berlabel sama, super 500.Australia Open 2025 akan bergulir setelahKumamoto Masters 2025rampung, yakni pada 18-23 November 2025 mendatang.Di saat Fajar/Fikri absen tanding, nasib keduanya lolos atau tidak ke BWF World Tour Finals ditentukan di Kumamoto Masters 2025.lihat fotoKOREA OPEN 2025 - Selebrasi dari ganda putra Indonesia, Fajar Alfian/Muhammad Shohibul Fikri dalam partai babak semifinal Korea Open 2025 melawan Lee Jhe-Huei/Yang Po-Hsuan (Taiwan) di Suwon Gymnasium, pada 27 September 2025. Dok/PBSISkenario Fajar/Fikri ke BWF World Tour Finals 2025Adanya kesempatanFajar/FikrikeBWF World Tour Finals 2025sejatinya cukup mengejutkan.Pasangan baru yang debut pada pertengahan musim 2025 ini baru bermain sekira 8 turnamen sejauh ini.Torehan poin BWF dari 8 turnamenFajar/Fikrimampu membawa keduanya bersaing untuk mencuri spot lolos.Namun, peluang Fajar/Fikri untuk lolos cukup tipis dan butuh skenario ajaib untuk mewujudkannya.Baca juga:Kejutan Korea Masters 2025: Lee/Lee Ambyar, Fajar/Fikri Jaga Asa ke BWF World Tour Finals 2025Keduanya akan bergantung dari hasil tiga wakil Taiwan diKumamoto Masters 2025untuk menentukan nasibnya.Ada Lee Fang Chih/Lee Fang-jen, Chiu Hsiang Chieh/Wang Chi-Lin dan Lee Jhe Huei/Yang Po Hsuan.Ketiga utusan Taiwan itu patut dikawal diKumamoto Masters 2025mendatang karena hasil ketiganya memengaruhi nasibFajar/Fikri.Skenarionya, jika Lee/Lee mencapai babak perempat final turnamen super 500, maka peluangFajar/Fikriauto ambyar. TRIBUNNEWS.COM- Gelaran Korea Masters 2025 telah rampung pada pekan ini,BWF World Tour 2025lanjut ke Jepang pekan depan. Tepatnya mulai Selasa (11/11/2025) hingga Minggu (16/11/2025) mendatang akan berlangsung turnamen bertajukKumamoto Masters 2025. Kumamoto Masters 2025 merupakan turnamen dengan level super 500 yang akan dihelat di Kumamoto Prefectural Gymnasium, Jepang. Fajar Alfian/Muhammad Shohibul Fikri yang masih berpeluang lolosBWF World Tour Finals 2025tak ambil bagian dalam gelaran tersebut. Jadwal tandingFajar/Fikriuntuk berburu poin BWF berlanjut di Australia Open 2025 yang juga berlabel sama, super 500. Australia Open 2025 akan bergulir setelahKumamoto Masters 2025rampung, yakni pada 18-23 November 2025 mendatang. Di saat Fajar/Fikri absen tanding, nasib keduanya lolos atau tidak ke BWF World Tour Finals ditentukan di Kumamoto Masters 2025. Adanya kesempatanFajar/FikrikeBWF World Tour Finals 2025sejatinya cukup mengejutkan. Pasangan baru yang debut pada pertengahan musim 2025 ini baru bermain sekira 8 turnamen sejauh ini. Torehan poin BWF dari 8 turnamenFajar/Fikrimampu membawa keduanya bersaing untuk mencuri spot lolos. Namun, peluang Fajar/Fikri untuk lolos cukup tipis dan butuh skenario ajaib untuk mewujudkannya. Baca juga:Kejutan Korea Masters 2025: Lee/Lee Ambyar, Fajar/Fikri Jaga Asa ke BWF World Tour Finals 2025 Keduanya akan bergantung dari hasil tiga wakil Taiwan diKumamoto Masters 2025untuk menentukan nasibnya. Ada Lee Fang Chih/Lee Fang-jen, Chiu Hsiang Chieh/Wang Chi-Lin dan Lee Jhe Huei/Yang Po Hsuan. Ketiga utusan Taiwan itu patut dikawal diKumamoto Masters 2025mendatang karena hasil ketiganya memengaruhi nasibFajar/Fikri. Skenarionya, jika Lee/Lee mencapai babak perempat final turnamen super 500, maka peluangFajar/Fikriauto ambyar.",Tribun,liga_spanyol,ringkas beritanasib fajar alfianshohibul fikri kebwf world tour finals tentu gelarankumamoto masters pekan depanfajarfikri jaga peluang lolosbwf world tour finals korea masters rampung gegara rival gagal capai babak semifinalpenentuan nasib pasang anyar ganda putra indonesia dikumamoto masters label super tribunnewscom gelar korea masters rampung pekan inibwf world tour jepang pekan depantepatnya selasa minggu turnamen bertajukkumamoto masters kumamoto masters turnamen level super helat kumamoto prefectural gymnasium jepangfajar alfianmuhammad shohibul fikri peluang lolosbwf world tour finals ambil gelar tersebutjadwal tandingfajarfikriuntuk buru poin bwf lanjut australia open label super australia open gulir setelahkumamoto masters rampung november mendatangdi fajarfikri absen tanding nasib lolos bwf world tour finals tentu kumamoto masters lihat fotokorea open selebrasi ganda putra indonesia fajar alfianmuhammad shohibul fikri partai babak semifinal korea open lawan lee jhehueiyang pohsuan taiwan suwon gymnasium september dokpbsiskenario fajarfikri bwf world tour finals kesempatanfajarfikrikebwf world tour finals sejati mengejutkanpasangan debut tengah musim main sekira turnamen initorehan poin bwf turnamenfajarfikrimampu bawa saing curi spot lolosnamun peluang fajarfikri lolos tipis butuh skenario ajaib mewujudkannyabaca jugakejutan korea masters leelee ambyar fajarfikri jaga asa bwf world tour finals gantung hasil wakil taiwan dikumamoto masters tentu nasibnyaada lee fang chihlee fangjen chiu hsiang chiehwang chilin lee jhe hueiyang po hsuanketiga utus taiwan patut kawal dikumamoto masters hasil tiga pengaruh nasibfajarfikriskenarionya leelee capai babak empat final turnamen super peluangfajarfikriauto ambyar tribunnewscom gelar korea masters rampung pekan inibwf world tour jepang pekan tepat selasa minggu turnamen bertajukkumamoto masters kumamoto masters turnamen level super helat kumamoto prefectural gymnasium jepang fajar alfianmuhammad shohibul fikri peluang lolosbwf world tour finals ambil gelar jadwal tandingfajarfikriuntuk buru poin bwf lanjut australia open label super australia open gulir setelahkumamoto masters rampung november fajarfikri absen tanding nasib lolos bwf world tour finals tentu kumamoto masters kesempatanfajarfikrikebwf world tour finals sejati kejut pasang debut tengah musim main sekira turnamen toreh poin bwf turnamenfajarfikrimampu bawa saing curi spot lolos peluang fajarfikri lolos tipis butuh skenario ajaib wujud baca jugakejutan korea masters leelee ambyar fajarfikri jaga asa bwf world tour finals gantung hasil wakil taiwan dikumamoto masters tentu nasib lee fang chihlee fangjen chiu hsiang chiehwang chilin lee jhe hueiyang po hsuan tiga utus taiwan patut kawal dikumamoto masters hasil tiga pengaruh nasibfajarfikri skenario leelee capai babak empat final turnamen super peluangfajarfikriauto ambyar,ringkas beritanasib fajar alfianshohibul fikri kebwf world tour finals tentu gelarankumamoto masters pekan depanfajarfikri jaga peluang lolosbwf world tour finals korea masters rampung gegara rival gagal capai babak semifinalpenentuan nasib pasang anyar ganda putra indonesia dikumamoto masters label super tribunnewscom gelar korea masters rampung pekan inibwf world tour jepang pekan depantepatnya selasa minggu turnamen bertajukkumamoto masters kumamoto masters turnamen level super helat kumamoto prefectural gymnasium jepangfajar alfianmuhammad shohibul fikri peluang lolosbwf world tour finals ambil gelar tersebutjadwal tandingfajarfikriuntuk buru poin bwf lanjut australia open label super australia open gulir setelahkumamoto masters rampung november mendatangdi fajarfikri absen tanding nasib lolos bwf world tour finals tentu kumamoto masters lihat fotokorea open selebrasi ganda putra indonesia fajar alfianmuhammad shohibul fikri partai babak semifinal korea open lawan lee jhehueiyang pohsuan taiwan suwon gymnasium september dokpbsiskenario fajarfikri bwf world tour finals kesempatanfajarfikrikebwf world tour finals sejati mengejutkanpasangan debut tengah musim main sekira turnamen initorehan poin bwf turnamenfajarfikrimampu bawa saing curi spot lolosnamun peluang fajarfikri lolos tipis butuh skenario ajaib mewujudkannyabaca jugakejutan korea masters leelee ambyar fajarfikri jaga asa bwf world tour finals gantung hasil wakil taiwan dikumamoto masters tentu nasibnyaada lee fang chihlee fangjen chiu hsiang chiehwang chilin lee jhe hueiyang po hsuanketiga utus taiwan patut kawal dikumamoto masters hasil tiga pengaruh nasibfajarfikriskenarionya leelee capai babak empat final turnamen super peluangfajarfikriauto ambyar tribunnewscom gelar korea masters rampung pekan inibwf world tour jepang pekan tepat selasa minggu turnamen bertajukkumamoto masters kumamoto masters turnamen level super helat kumamoto prefectural gymnasium jepang fajar alfianmuhammad shohibul fikri peluang lolosbwf world tour finals ambil gelar jadwal tandingfajarfikriuntuk buru poin bwf lanjut australia open label super australia open gulir setelahkumamoto masters rampung november fajarfikri absen tanding nasib lolos bwf world tour finals tentu kumamoto masters kesempatanfajarfikrikebwf world tour finals sejati kejut pasang debut tengah musim main sekira turnamen toreh poin bwf turnamenfajarfikrimampu bawa saing curi spot lolos peluang fajarfikri lolos tipis butuh skenario ajaib wujud baca jugakejutan korea masters leelee ambyar fajarfikri jaga asa bwf world tour finals gantung hasil wakil taiwan dikumamoto masters tentu nasib lee fang chihlee fangjen chiu hsiang chiehwang chilin lee jhe hueiyang po hsuan tiga utus taiwan patut kawal dikumamoto masters hasil tiga pengaruh nasibfajarfikri skenario leelee capai babak empat final turnamen super peluangfajarfikriauto ambyar,Liga Spanyol,1,Liga Spanyol
"Rekap Hasil Final Korea Masters 2025: Indonesia Nirgelar, Tuah Rumah Segel Juara Umum","Ringkasan Berita:Rekap hasil final Korea Masters 2025 tak ada wakilIndonesiayang keluar sebagai juara dan naik podium tertinggiRaymond Indra/Nikolaus Joaquin harus mengakui keunggulan wakil tuan rumah, Lee/Wang setelah berduel hingga 3 gim dalam babak finalKontingen Korea selaku tuan rumah keluar sebagai juara umum lantaran berhasil mengamankan dua gelarTRIBUNNEWS.COM- Rekap hasil final Korea Masters 2025 berujung buruk bagi wakilIndonesiayang berjuang meraih gelar, Minggu (9/11/2025).Raymond Indra/Nikolaus Joaquin dari sektor ganda putra, bermain melawan utusan tuan rumah Lee Jong-min/Wang Chan di Iksan City, Korea Selatan.Pertarungan sengit yang dipertontonkan Raymond/Joaquin saat beradu dengan Lee/Wang berlangsung hingga 3 gim.Utusan Merah-Putih berhasil mengunci kemenangan lebih dulu di gim pertama skor 16-21 sebelum petaka hadir di gim kedua.Dominasi Lee/Wang tak terbantahkan ketika berhasil membelenggu Raymond/Joaquin sepanjang gim kedua.Momentum apik utusan Korea di gim kedua berhasil dituntaskan dengan kemenangan telak 21-16.Pasangan andalan tuan rumah tentu bertekad untuk melanjutkan kiprah apiknya di gim penentuan.Baca juga:Fakta Final Korea Masters 2025: Sejarah Raymond/Joaquin, Tuan Rumah Bidik Juara UmumBenar saja, Lee/Wang mampu menekan dan tak memberikan celah kepada Raymond/Joaquin sepanjang gim ketiga.Tak heran jika pada akhirnya Lee/Wang justru mampu menumbangkan utusanIndonesiadengan skor Afrika.Yap, wakilIndonesiatak mampu memperjuangkan skor hingga dua digit, harus puas dengan skor 21-6.Dengan kekalahan Raymond/Joaquin, maka asaIndonesiabisa juara Korea Masters 2025 auto buyar.Harapan Raymond/Joaquin mengukir sejarah di Korea Masters 2025 juga tertutup seketika.Padahal sejarah bagi pasanganIndonesiamenanti yakni sebagai ganda putra Merah-Putih pertama juara Korea Masters.Kemudian berpotensi untuk mengamankan gelar super 300 pertama dalam karier Raymond/Joaquin.Tuan Rumah Juara UmumBeda nasib dengan delegasiIndonesia, Korea selaku tuan rumah berjaya di kandang sendiri. TRIBUNNEWS.COM- Rekap hasil final Korea Masters 2025 berujung buruk bagi wakilIndonesiayang berjuang meraih gelar, Minggu (9/11/2025). Raymond Indra/Nikolaus Joaquin dari sektor ganda putra, bermain melawan utusan tuan rumah Lee Jong-min/Wang Chan di Iksan City, Korea Selatan. Pertarungan sengit yang dipertontonkan Raymond/Joaquin saat beradu dengan Lee/Wang berlangsung hingga 3 gim. Utusan Merah-Putih berhasil mengunci kemenangan lebih dulu di gim pertama skor 16-21 sebelum petaka hadir di gim kedua. Dominasi Lee/Wang tak terbantahkan ketika berhasil membelenggu Raymond/Joaquin sepanjang gim kedua. Momentum apik utusan Korea di gim kedua berhasil dituntaskan dengan kemenangan telak 21-16. Pasangan andalan tuan rumah tentu bertekad untuk melanjutkan kiprah apiknya di gim penentuan. Baca juga:Fakta Final Korea Masters 2025: Sejarah Raymond/Joaquin, Tuan Rumah Bidik Juara Umum Benar saja, Lee/Wang mampu menekan dan tak memberikan celah kepada Raymond/Joaquin sepanjang gim ketiga. Tak heran jika pada akhirnya Lee/Wang justru mampu menumbangkan utusanIndonesiadengan skor Afrika. Yap, wakilIndonesiatak mampu memperjuangkan skor hingga dua digit, harus puas dengan skor 21-6. Dengan kekalahan Raymond/Joaquin, maka asaIndonesiabisa juara Korea Masters 2025 auto buyar. Harapan Raymond/Joaquin mengukir sejarah di Korea Masters 2025 juga tertutup seketika. Padahal sejarah bagi pasanganIndonesiamenanti yakni sebagai ganda putra Merah-Putih pertama juara Korea Masters. Kemudian berpotensi untuk mengamankan gelar super 300 pertama dalam karier Raymond/Joaquin. Beda nasib dengan delegasiIndonesia, Korea selaku tuan rumah berjaya di kandang sendiri.",Tribun,liga_spanyol,ringkas beritarekap hasil final korea masters wakilindonesiayang juara podium tertinggiraymond indranikolaus joaquin aku unggul wakil tuan rumah leewang duel gim babak finalkontingen korea tuan rumah juara lantar hasil aman gelartribunnewscom rekap hasil final korea masters ujung buruk wakilindonesiayang juang raih gelar minggu raymond indranikolaus joaquin sektor ganda putra main lawan utus tuan rumah lee jongminwang chan iksan city korea selatanpertarungan sengit tonton raymondjoaquin adu leewang gimutusan merahputih hasil kunci menang gim skor petaka hadir gim keduadominasi leewang bantah hasil belenggu raymondjoaquin gim keduamomentum apik utus korea gim hasil tuntas menang telak pasang andal tuan rumah tekad lanjut kiprah apik gim penentuanbaca jugafakta final korea masters sejarah raymondjoaquin tuan rumah bidik juara umumbenar leewang tekan celah raymondjoaquin gim ketigatak heran leewang tumbang utusanindonesiadengan skor afrikayap wakilindonesiatak juang skor digit puas skor kalah raymondjoaquin asaindonesiabisa juara korea masters auto buyarharapan raymondjoaquin ukir sejarah korea masters tutup seketikapadahal sejarah pasanganindonesiamenanti ganda putra merahputih juara korea masterskemudian potensi aman gelar super karier raymondjoaquintuan rumah juara umumbeda nasib delegasiindonesia korea tuan rumah jaya kandang tribunnewscom rekap hasil final korea masters ujung buruk wakilindonesiayang juang raih gelar minggu raymond indranikolaus joaquin sektor ganda putra main lawan utus tuan rumah lee jongminwang chan iksan city korea selatan tarung sengit tonton raymondjoaquin adu leewang gim utus merahputih hasil kunci menang gim skor petaka hadir gim dominasi leewang bantah hasil belenggu raymondjoaquin gim momentum apik utus korea gim hasil tuntas menang telak pasang andal tuan rumah tekad lanjut kiprah apik gim tentu baca jugafakta final korea masters sejarah raymondjoaquin tuan rumah bidik juara leewang tekan celah raymondjoaquin gim tiga heran leewang tumbang utusanindonesiadengan skor afrika yap wakilindonesiatak juang skor digit puas skor kalah raymondjoaquin asaindonesiabisa juara korea masters auto buyar harap raymondjoaquin ukir sejarah korea masters tutup sejarah pasanganindonesiamenanti ganda putra merahputih juara korea masters potensi aman gelar super karier raymondjoaquin beda nasib delegasiindonesia korea tuan rumah jaya kandang,ringkas beritarekap hasil final korea masters wakilindonesiayang juara podium tertinggiraymond indranikolaus joaquin aku unggul wakil tuan rumah leewang duel gim babak finalkontingen korea tuan rumah juara lantar hasil aman gelartribunnewscom rekap hasil final korea masters ujung buruk wakilindonesiayang juang raih gelar minggu raymond indranikolaus joaquin sektor ganda putra main lawan utus tuan rumah lee jongminwang chan iksan city korea selatanpertarungan sengit tonton raymondjoaquin adu leewang gimutusan merahputih hasil kunci menang gim skor petaka hadir gim keduadominasi leewang bantah hasil belenggu raymondjoaquin gim keduamomentum apik utus korea gim hasil tuntas menang telak pasang andal tuan rumah tekad lanjut kiprah apik gim penentuanbaca jugafakta final korea masters sejarah raymondjoaquin tuan rumah bidik juara umumbenar leewang tekan celah raymondjoaquin gim ketigatak heran leewang tumbang utusanindonesiadengan skor afrikayap wakilindonesiatak juang skor digit puas skor kalah raymondjoaquin asaindonesiabisa juara korea masters auto buyarharapan raymondjoaquin ukir sejarah korea masters tutup seketikapadahal sejarah pasanganindonesiamenanti ganda putra merahputih juara korea masterskemudian potensi aman gelar super karier raymondjoaquintuan rumah juara umumbeda nasib delegasiindonesia korea tuan rumah jaya kandang tribunnewscom rekap hasil final korea masters ujung buruk wakilindonesiayang juang raih gelar minggu raymond indranikolaus joaquin sektor ganda putra main lawan utus tuan rumah lee jongminwang chan iksan city korea selatan tarung sengit tonton raymondjoaquin adu leewang gim utus merahputih hasil kunci menang gim skor petaka hadir gim dominasi leewang bantah hasil belenggu raymondjoaquin gim momentum apik utus korea gim hasil tuntas menang telak pasang andal tuan rumah tekad lanjut kiprah apik gim tentu baca jugafakta final korea masters sejarah raymondjoaquin tuan rumah bidik juara leewang tekan celah raymondjoaquin gim tiga heran leewang tumbang utusanindonesiadengan skor afrika yap wakilindonesiatak juang skor digit puas skor kalah raymondjoaquin asaindonesiabisa juara korea masters auto buyar harap raymondjoaquin ukir sejarah korea masters tutup sejarah pasanganindonesiamenanti ganda putra merahputih juara korea masters potensi aman gelar super karier raymondjoaquin beda nasib delegasiindonesia korea tuan rumah jaya kandang,Liga Spanyol,1,Liga Spanyol
"Emil Audero Cleen Sheet, Bawa Cremonese Menang 2-0 atas Genoa","Emil Audero Mulyadikembali dipercaya jadi kiper utamaCremoneseusai pulih dari cedera. Ia mampu mencatatkanclean sheetuntuk membantu Cremonese menang 2-0 atasGenoa. Cremonese bertandang ke markas Genoa, Stadion Luigi Ferraris, pada laga lanjutan Liga Italia, Kamis (30/10/2025). Kiper Timnas Indonesia, Emil Audero Mulyadi, tampil sebagai starter di laga ini. Audero kembali diandalkan pelatih Cremonese, Davide Nicola, di bawah mistar usai pulih dari cedera. Ini merupakan laga comeback Audero usai mengalami cedera betis pada awal Oktober lalu SCROLL TO CONTINUE WITH CONTENT Audero sempat absen di dua laga akibat cedera betis. Pada laga sebelumnya, Audero sebenarnya sudah pulih tapi Nicola memilih hanya menempatkannya di bangku cadangan. Kepercayaan yang diberikan oleh Nicola di laga melawan Genoa tak disia-siakan oleh Audero. Kiper 28 tahun ini tampil solid di bawah mistar gawang Cremonese. Pria berdarah Mataram ini mampu mencatatkanclean sheetdi laga ini. Kukuhnya lini belakang Cremonese turut membantu torehan Audero tersebut.  Genoa hanya bikin satu tembakan sepanjang laga. Satu tembakan tersebut bisa diamankan oleh Audero. Ia juga bikin dua tinjuan dan dua sapuan di laga ini. Clean sheet Audero turut membantu Cremonese memenangi laga melawan Genoa 2-0. Dua gol tim tamu diborang oleh Federico Bonazolli yang bikin brace. Laga melawan Genoa merupakan penampilan kelima Audero di Serie A musim ini. Ia mampu mengemas tigaclean sheetbersama Cremonese. Cremonese saat ini bertengger di peringkat ke-8 Serie A dengan 14 poin. Torehan yang terbilang apik untuk klub yang berstatus tim promosi ini.",Detik,liga_italia,emil audero mulyadikembali percaya kiper utamacremoneseusai pulih cedera mencatatkanclean sheetuntuk bantu cremonese menang atasgenoa cremonese tandang markas genoa stadion luigi ferraris laga lanjut liga italia kamis kiper timnas indonesia emil audero mulyadi tampil starter laga audero andal latih cremonese davide nicola mistar pulih cedera laga comeback audero alami cedera betis oktober scroll to continue with content audero absen laga akibat cedera betis laga audero pulih nicola pilih tempat bangku cadang percaya nicola laga lawan genoa disiasiakan audero kiper tampil solid mistar gawang cremonese pria darah mataram mencatatkanclean sheetdi laga kukuh lini cremonese bantu toreh audero genoa bikin tembak laga tembak aman audero bikin tinju sapu laga clean sheet audero bantu cremonese tang laga lawan genoa gol tim tamu borang federico bonazolli bikin brace laga lawan genoa tampil audero serie a musim emas tigaclean sheetbersama cremonese cremonese tengger peringkat serie a poin toreh bilang apik klub status tim promosi,emil audero mulyadikembali percaya kiper utamacremoneseusai pulih cedera mencatatkanclean sheetuntuk bantu cremonese menang atasgenoa cremonese tandang markas genoa stadion luigi ferraris laga lanjut liga italia kamis kiper timnas indonesia emil audero mulyadi tampil starter laga audero andal latih cremonese davide nicola mistar pulih cedera laga comeback audero alami cedera betis oktober scroll to continue with content audero absen laga akibat cedera betis laga audero pulih nicola pilih tempat bangku cadang percaya nicola laga lawan genoa disiasiakan audero kiper tampil solid mistar gawang cremonese pria darah mataram mencatatkanclean sheetdi laga kukuh lini cremonese bantu toreh audero genoa bikin tembak laga tembak aman audero bikin tinju sapu laga clean sheet audero bantu cremonese tang laga lawan genoa gol tim tamu borang federico bonazolli bikin brace laga lawan genoa tampil audero serie a musim emas tigaclean sheetbersama cremonese cremonese tengger peringkat serie a poin toreh bilang apik klub status tim promosi,Liga Italia,1,Liga Italia
Timnas Indonesia Tanpa Garuda Calling Pertama di Era Erick Thohir,"Timnas Indonesiatanpa Garuda Calling diFIFA MatchdayNovember 2025. Ini adalah kali pertama terjadi di era PSSI kepemimpinanKetum Erick Thohir. PSSImemilih tidak menurunkanTimnas Indonesiake FIFA Matchday alias jeda internasional bulan ini karena tim belum punya pelatih. Federasi sudah memecat Patrick Kluivert Cs, namun belum menunjuk penggantinya sampai saat ini. Akhirnya slot FIFA Matchday pun diberikan ke Timnas Indonesia U-23 sebagai persiapan SEA Games 2025. Di era Erick Thohir yang menjadi Ketum PSSI sejak Februari 2023, ini adalah kali pertama timnas senior tidak mengisi agenda FIFA Matchday. SCROLL TO CONTINUE WITH CONTENT  Adapun agendaFIFA Matchdayjatuh pada Bulan Maret, Juni, September, Oktober, dan November setiap tahunnya. Di periode-periode itu, Timnas Indonesia era Erick Thohir sibuk tampil di Kualifiasi Piala Dunia dan memainkan sejumlah laga uji coba. Misalnya pada Maret 2023, PSSI mengundang Burundi sebagai lawan uji tanding dua kali. Saat itu Erick baru sekitar satu bulan menjabat sebagai Ketum PSSI. Pada FIFA Matchday selanjutnya, Erick membuat gebrakan dengan mengundang Argentina. Timnas Indonesia yang biasanya mengajak tim 'antah-berantah', berkesempatan memainkan pertandingan besar melawan tim juara bertahan Piala Dunia 2022. Setelahnya Timnas Indonesia rutin mengisi slot FIFA Matchday dengan laga-laga kualifikasi dan uji coba. Sesuatu yang jarang terjadi di era-era Ketum PSSI sebelumnya.  Sebelum Erick Thohir masuk, Timnas Indonesia melewatkan agenda FIFA Matchday Maret, Oktober, dan November 2022. Tahun sebelumnya, melewatkan juga agenda pada Maret dan September 2021. Bahkan Timnas Indonesia tanpa pertandingan resmi sama sekali sepanjang 2020 di era COVID-19. Saat itu Mochamad Iriawan tercatat sebagai pucuk pimpinan PSSI. Timnas Indonesiatanpa agendaFIFA Matchdayadalah hal yang biasa terjadi di era sebelum kepemimpinanErick Thohir.Kadang sekalinya mengisi internasional pun, timnas hanya bermain satu kali dalam periode tertentu. Padahal setiap tim bisa memainkan dua pertandingan di periode jeda internasional.  Adapun Erick memang menjanjikan Timnas Indonesia rutin mengisi jeda internasional di masa kampanye. Saat itu ia ingin memperbaiki ranking Garuda yang sempat terperosok jauh di bawah. Untuk itu, ia berkoordinasi dengan PT Liga Indonesia Baru (kini menjadi I.League) agar mengosongkan agenda kompetisi saat FIFA Matchday. Sebelumnya, jadwal kompetisi domestik kerap tetap berjalan di agenda internasional akibat berbagai hal seperti izin kompetisi yang sulit didapat, penundaan pertandingan, hingga penataan jadwal yang kurang rapi dan terstruktur.",Detik,liga_indonesia,timnas indonesiatanpa garuda calling dififa matchdaynovember kali era pssi kepemimpinanketum erick thohir pssimemilih menurunkantimnas indonesiake fifa matchday alias jeda internasional tim latih federasi pecat patrick kluivert cs ganti slot fifa matchday timnas indonesia u siap sea games era erick thohir tum pssi februari kali timnas senior isi agenda fifa matchday scroll to continue with content agendafifa matchdayjatuh maret juni september oktober november tahun periodeperiode timnas indonesia era erick thohir sibuk tampil kualifiasi piala dunia main laga uji coba maret pssi undang burundi lawan uji tanding kali erick jabat tum pssi fifa matchday erick gebrak undang argentina timnas indonesia ajak tim antahberantah sempat main tanding lawan tim juara tahan piala dunia telah timnas indonesia rutin isi slot fifa matchday lagalaga kualifikasi uji coba jarang eraera tum pssi erick thohir masuk timnas indonesia lewat agenda fifa matchday maret oktober november lewat agenda maret september timnas indonesia tanding resmi era covid mochamad iriawan catat pucuk pimpin pssi timnas indonesiatanpa agendafifa matchdayadalah era kepemimpinanerick thohirkadang sekali isi internasional timnas main kali periode tim main tanding periode jeda internasional erick janji timnas indonesia rutin isi jeda internasional kampanye baik ranking garuda perosok koordinasi pt liga indonesia ileague kosong agenda kompetisi fifa matchday jadwal kompetisi domestik kerap jalan agenda internasional akibat izin kompetisi sulit tunda tanding tata jadwal rapi struktur,timnas indonesiatanpa garuda calling dififa matchdaynovember kali era pssi kepemimpinanketum erick thohir pssimemilih menurunkantimnas indonesiake fifa matchday alias jeda internasional tim latih federasi pecat patrick kluivert cs ganti slot fifa matchday timnas indonesia u siap sea games era erick thohir tum pssi februari kali timnas senior isi agenda fifa matchday scroll to continue with content agendafifa matchdayjatuh maret juni september oktober november tahun periodeperiode timnas indonesia era erick thohir sibuk tampil kualifiasi piala dunia main laga uji coba maret pssi undang burundi lawan uji tanding kali erick jabat tum pssi fifa matchday erick gebrak undang argentina timnas indonesia ajak tim antahberantah sempat main tanding lawan tim juara tahan piala dunia telah timnas indonesia rutin isi slot fifa matchday lagalaga kualifikasi uji coba jarang eraera tum pssi erick thohir masuk timnas indonesia lewat agenda fifa matchday maret oktober november lewat agenda maret september timnas indonesia tanding resmi era covid mochamad iriawan catat pucuk pimpin pssi timnas indonesiatanpa agendafifa matchdayadalah era kepemimpinanerick thohirkadang sekali isi internasional timnas main kali periode tim main tanding periode jeda internasional erick janji timnas indonesia rutin isi jeda internasional kampanye baik ranking garuda perosok koordinasi pt liga indonesia ileague kosong agenda kompetisi fifa matchday jadwal kompetisi domestik kerap jalan agenda internasional akibat izin kompetisi sulit tunda tanding tata jadwal rapi struktur,Liga Indonesia,1,Liga Indonesia
"Juventus Menang, tapi Vlahovic Khawatirkan Satu Kebiasaan Jelek Ini","Juventusmemetik kemenangan atasCremonesedalam lanjutan Serie A. Meski demikian, penyerang JuventusDusan Vlahovicmenyoroti satu kebiasaan buruk timnya. DuelCremonese vs Juventusdi pekan ke-10Serie Adigelar di Stadio Giovanni Zini, Minggu (2/11/2025) dini hari WIB. Bianconeri yang mulai ditangani oleh Luciano Spalletti itu menang 2-1 atas Emil Audero dkk. Juventus unggul cepat lewat gol Filip Kostic pada menit kedua sebelum digandakan oleh Andrea Cambiaso di babak kedua. Namun, Cremonese kemudian bisa menipiskan skor lewat gol Jamie Vardy pada menit ke-81. SCROLL TO CONTINUE WITH CONTENT Vlahovic menilai Juventus main terlalu bertahan pada babak kedua sehingga mengundang Cremonese untuk memberikan tekanan. Menurutnya, ini jadi kebiasaan jelek yang harus segera dihilangkan Juventus.  ""Saya tidak akan bilang kami punya pendekatan yang keliru, di babak kedua, kami punya kebiasaan jelek yang harus kami hilangkan,"" ujar Vlahovic kepada Sky Sport Italia. ""Tanpa alasan kami bertahan terlalu dalam, kami seharusnya terus menekan mereka dan mencetak lebih banyak gol, yang kami sia-siakan. Cremonese juga pantas dapat ucapan selamat, karena mereka sangat menyulitkan dan menolak menyerah."" ""Besok kami akan menganalisis pertandingan, melihat mana yang salah, dan bersiap untuk pertandingan selanjutnya,"" kata Vlahovic menambahkan. Berkat kemenangan ini, Juventus naik ke peringkat kelima klasemen Liga Italia dengan 18 poin. Si Nyonya Tua berikutnya akan menjamu Sporting CP dalam lanjutan Liga Champions, Rabu (5/11/2025) dini hari WIB.",Detik,liga_italia,juventusmemetik menang atascremonesedalam lanjut serie a serang juventusdusan vlahovicmenyoroti biasa buruk tim duelcremonese vs juventusdi pekan keserie adigelar stadio giovanni zini minggu wib bianconeri tangan luciano spalletti menang emil audero dkk juventus unggul cepat gol filip kostic menit ganda andrea cambiaso babak cremonese nipis skor gol jamie vardy menit scroll to continue with content vlahovic nilai juventus main tahan babak undang cremonese tekan turut biasa jelek hilang juventus bilang dekat keliru babak biasa jelek hilang vlahovic sky sport italia alas tahan tekan cetak gol siasiakan cremonese ucap selamat sulit tolak serah besok analis tanding salah tanding vlahovic berkat menang juventus peringkat klasemen liga italia poin si nyonya tua jamu sporting cp lanjut liga champions rabu wib,juventusmemetik menang atascremonesedalam lanjut serie a serang juventusdusan vlahovicmenyoroti biasa buruk tim duelcremonese vs juventusdi pekan keserie adigelar stadio giovanni zini minggu wib bianconeri tangan luciano spalletti menang emil audero dkk juventus unggul cepat gol filip kostic menit ganda andrea cambiaso babak cremonese nipis skor gol jamie vardy menit scroll to continue with content vlahovic nilai juventus main tahan babak undang cremonese tekan turut biasa jelek hilang juventus bilang dekat keliru babak biasa jelek hilang vlahovic sky sport italia alas tahan tekan cetak gol siasiakan cremonese ucap selamat sulit tolak serah besok analis tanding salah tanding vlahovic berkat menang juventus peringkat klasemen liga italia poin si nyonya tua jamu sporting cp lanjut liga champions rabu wib,Liga Italia,1,Liga Italia
Amorim Tanggapi Kritik Ronaldo: Lupakan Masa Lalu,"Ruben Amorimmerespons kritikCristiano RonaldopadaManchester United. Meski mengakui bahwa MU pernah banyak salah, tapi kini saatnya menatap masa depan. Baru-baru ini megabintang sepakbola Portugal itu mengomentari situasi MU. Menurut dia, Amorim akan sulit mendongkrak performa Setan Merah karena skuad yang tidak cukup mumpuni secara mental. Amorim sendiri menghadapi musim yang bisa dibilang menentukan. Menyusul setengah musim pertamanya yang berakhir bencana usai MU nirgelar dengan finis ke-15 di Liga Inggris dan kalah di final Liga Europa. SCROLL TO CONTINUE WITH CONTENT  Jelang laga tandangManchester Unitedke Tottenham Hotspur, akhir pekan ini Ruben Amorim menanggapi kompatriotnya itu.Ruben Amorimmenegaskan, MU sedang berubah banyak dan menunjukkan kemajuan. ""Tentu saja, dia mengetahuinya dan dia punya pengaruh yang sangat besar dalam segala yang dia katakan,"" ungkap manajer MU ini diMetro.""Apa yang kami butuhkan adalah fokus pada masa depan.""  ""Kami tahu bahwa kami sebagai sebuah klub membuat banyak sekali kesalahan di masa lalu, dan kami sedang berupaya mengubahnya. Mari jangan fokus pada apa yang sudah terjadi. Mari fokus saja pada apa yang sedang kami lakukan dan kami sedang melakukannya."" ""Kami sedang mengubah banyak hal dalam struktur, cara kami melakukan segalanya, dan menginginkan para pemain agar bersikap baik. Kami sedang melakukannya dan kami meningkat."" ""Jadi mari lanjutkan dan lupakan masa lalu,"" cetusRuben Amorimmenanggapi komentarCristiano Ronaldo.",Detik,liga_inggris,ruben amorimmerespons kritikcristiano ronaldopadamanchester united aku mu salah tatap barubaru megabintang sepakbola portugal komentar situasi mu amorim sulit dongkrak performa setan merah skuad mumpuni mental amorim hadap musim bilang tentu susul musim pertama bencana mu nirgelar finis liga inggris kalah final liga europa scroll to continue with content jelang laga tandangmanchester unitedke tottenham hotspur pekan ruben amorim tanggap kompatriot ituruben amorimmenegaskan mu ubah maju tahu pengaruh manajer mu dimetroapa butuh fokus klub salah upaya ubah mari fokus mari fokus laku laku ubah struktur main sikap laku tingkat mari lanjut lupa cetusruben amorimmenanggapi komentarcristiano ronaldo,ruben amorimmerespons kritikcristiano ronaldopadamanchester united aku mu salah tatap barubaru megabintang sepakbola portugal komentar situasi mu amorim sulit dongkrak performa setan merah skuad mumpuni mental amorim hadap musim bilang tentu susul musim pertama bencana mu nirgelar finis liga inggris kalah final liga europa scroll to continue with content jelang laga tandangmanchester unitedke tottenham hotspur pekan ruben amorim tanggap kompatriot ituruben amorimmenegaskan mu ubah maju tahu pengaruh manajer mu dimetroapa butuh fokus klub salah upaya ubah mari fokus mari fokus laku laku ubah struktur main sikap laku tingkat mari lanjut lupa cetusruben amorimmenanggapi komentarcristiano ronaldo,Liga Inggris,1,Liga Inggris
Trent Ungkap Peran 'Agen' Bellingham dalam Kepindahannya ke Madrid,"Trent Alexander-Arnoldmengungkap ada peranJude Bellinghamdalam kepindahannya keReal Madrid. Puja-puji Bellingham soal Madrid menarik hati Trent. Trent gabung Madrid pada musim panas lalu dengan kontrak enam tahun. Ia pindah ke Spanyol setelah kontraknya diLiverpoolberakhir. Trent menyusul Bellingham yang sudah jadi pemain Los Blancos sejak musim panas 2023. Trent pun mengakui kompatriotnya itu turut berperan dalam keputusannya untuk pindah ke Madrid. SCROLL TO CONTINUE WITH CONTENT Trent menyebut cerita Bellingham soal Madrid sukses meyakinkannya. Pemain berusia 27 tahun itu mengaku butuh tantangan baru usai di Liverpool sejak masuk akademi.  ""Ada banyak spekulasi, soal 'agen Jude',"" ujar Trent kepada Prime Video Sport. ""Waktu itu musim pertamanya (di Real), kami bertemu di timnas Inggris dan semua orang kepengin tahu seperti apa di balik layarnya."" ""Dia bilang luar biasa dan belum pernah melihat yang seperti itu. Dorongan dari seluruh klub, untuk juara dan ekspektasi untuk juara."" ""Dia menyanjung tinggi klub, dan saya sudah memutuskan di akhir hari, saya butuh perubahan untuk diri saya. Saya menginginkan tantangan baru di dalam dan luar lapangan,"" katanya.",Detik,liga_spanyol,trent alexanderarnoldmengungkap peranjude bellinghamdalam pindah real madrid pujapuji bellingham madrid tarik hati trent trent gabung madrid musim panas kontrak enam pindah spanyol kontrak diliverpoolberakhir trent susul bellingham main los blancos musim panas trent aku kompatriot peran putus pindah madrid scroll to continue with content trent sebut cerita bellingham madrid sukses yakin main usia aku butuh tantang liverpool masuk akademi spekulasi agen jude trent prime video sport musim pertama real temu timnas inggris orang pengin layar bilang dorong klub juara ekspektasi juara sanjung klub putus butuh ubah tantang lapang,trent alexanderarnoldmengungkap peranjude bellinghamdalam pindah real madrid pujapuji bellingham madrid tarik hati trent trent gabung madrid musim panas kontrak enam pindah spanyol kontrak diliverpoolberakhir trent susul bellingham main los blancos musim panas trent aku kompatriot peran putus pindah madrid scroll to continue with content trent sebut cerita bellingham madrid sukses yakin main usia aku butuh tantang liverpool masuk akademi spekulasi agen jude trent prime video sport musim pertama real temu timnas inggris orang pengin layar bilang dorong klub juara ekspektasi juara sanjung klub putus butuh ubah tantang lapang,Liga Spanyol,1,Liga Spanyol
Real Madrid Happy Bisa Clean Sheet Lagi,"Real Madridkembali memetik kemenangan di Liga Spanyol. Menaklukan Valencia, El Real happy bisa clean sheet lagi. Bertanding di Stadio Santiago Bernabeu, Madrid menang atas Valencia 4-0. Dalam laga, Minggu (2/11/2025), Kylian Mbappe mencetak brace, gol lain dikemas oleh Jude Bellingham dan Alvaro Carreras. Kemenangan ini membuat Madrid mampu menjaga jarak dari pesaing-pesaingnya di klasemen Liga Spanyol. Madrid kini mengumpulkan 30 poin, berjarak tujuh angka dari Villarreal di posisi kedua. SCROLL TO CONTINUE WITH CONTENT  Sementara dengan Barcelona,Madridkini unggul delapan poin. Tapi, Los Cules belum memainkan laga ke-11. Carreras menegaskan bahwa kemenangan ini penting untuk Madrid menjaga jarak poin dari pesaing-pesaingnya. ""Kami tahu bahwa sangat penting untuk terus ada di papan atas. Kami menjalaninya satu laga demi satu laga. Kami sudah fokus ke laga berikutnya, tapi kami tahu bahwa laga ini penting untuk mempertahankan keunggulan kami,"" kata Carreras di situs Madrid.  Catatan clean sheet kali ini merupakan keenam di semua ajang yang dicatatkanMadridmusim ini. Sebagai pemain belakang, Carreras pun merasa bangga dengan pencapaian itu. ""Kami mempunyai mentalitas yang sangat penting. Saat kami menekan setelah kehilangan bla, kami sangat bagus, dan menjaga tetap bersih dari kebobolan akan memberi kami banyak kemenangan,"" kata Carreras lagi.",Detik,liga_spanyol,real madridkembali petik menang liga spanyol takluk valencia el real happy clean sheet tanding stadio santiago bernabeu madrid menang valencia laga minggu kylian mbappe cetak brace gol kemas jude bellingham alvaro carreras menang madrid jaga jarak pesaingpesaingnya klasemen liga spanyol madrid kumpul poin jarak tujuh angka villarreal posisi scroll to continue with content barcelonamadridkini unggul delapan poin los cules main laga carreras menang madrid jaga jarak poin pesaingpesaingnya papan jalan laga laga fokus laga laga tahan unggul carreras situs madrid catat clean sheet kali enam ajang dicatatkanmadridmusim main carreras bangga capai mentalitas tekan hilang bla bagus jaga bersih bobol menang carreras,real madridkembali petik menang liga spanyol takluk valencia el real happy clean sheet tanding stadio santiago bernabeu madrid menang valencia laga minggu kylian mbappe cetak brace gol kemas jude bellingham alvaro carreras menang madrid jaga jarak pesaingpesaingnya klasemen liga spanyol madrid kumpul poin jarak tujuh angka villarreal posisi scroll to continue with content barcelonamadridkini unggul delapan poin los cules main laga carreras menang madrid jaga jarak poin pesaingpesaingnya papan jalan laga laga fokus laga laga tahan unggul carreras situs madrid catat clean sheet kali enam ajang dicatatkanmadridmusim main carreras bangga capai mentalitas tekan hilang bla bagus jaga bersih bobol menang carreras,Liga Spanyol,1,Liga Spanyol
Real Madrid Tim yang Komplet,"Kemenangan atasValencia4-0 membuktikanReal Madridadalah tim yang lengkap. Los Blancos tak hanya tajam di depan tapi juga tangguh di belakang. Real Madrid meraih kemenangan meyakinkan 4-0 atas Valencia pada laga lanjutan LaLiga di Santiago Bernabeu, Minggu (2/11/2025). Empat gol kemenangan El Real lahir lewat brace Kylian Mbappe, serta torehan Jude Bellingham dan Alvaro Carreras. Kemenangan ini membawa Los Blancos semakin kukuh di puncak klasemen LaLiga. Madrid meraih 30 angka unggul tujuh poin dari Villarreal di urutan kedua. SCROLL TO CONTINUE WITH CONTENT Pelatih Madrid, Xabi Alonso, sangat puas dengan performa anak asuhannya di laga ini. Ia menilai Madrid menjadi tim yang sangat lengkap di laga ini.  Mereka begitu tajam di lini depan dengan Kylian Mbappe sebagai tumpuan. Lini tengah mereka juga tampil baik dalam mengatur ritme. Lini belakang Madrid juga tampil solid. Mereka mampu menorehkan cleansheet di laga ini. Madrid memang tampil begitu dominan sepanjang laga. Mereka mencatatkan penguasaan bola sebesar 66 persen dengan melepas 19 tembakan. Valencia hanya punya 34 persen penguasaan bola dengan cuma tiga kali melakukan percobaan tembakan. ""Mbappé mencetak dua gol, yang merupakan cara yang bagus untuk memastikan Anda tetap bersaing di akhir musim, dan tiga poin lagi, yang merupakan cara yang bagus untuk memastikan Anda dapat bersaing memperebutkan gelar. Ritme tim bagus. Kami tidak kebobolan satu gol pun,cleansheetlainnya,"" ujar Alonso dikutip dari situs Madrid. ""Itu adalah pertandingan yang komprehensif dan serius dengan energi yang luar biasa. Kami memulai dengan sangat energik, dengan banyak pergerakan dan penguasaan bola yang baik. Kami merebut kembali bola dengan cepat dan memimpin. Kemudian kami mengatur segalanya dengan baik dan, secara keseluruhan, itu adalah penampilan yang lengkap,"" jelasnya.",Detik,liga_spanyol,menang atasvalencia membuktikanreal madridadalah tim lengkap los blancos tajam tangguh real madrid raih menang valencia laga lanjut laliga santiago bernabeu minggu gol menang el real lahir brace kylian mbappe toreh jude bellingham alvaro carreras menang bawa los blancos kukuh puncak klasemen laliga madrid raih angka unggul tujuh poin villarreal urut scroll to continue with content latih madrid xabi alonso puas performa anak asuh laga nilai madrid tim lengkap laga tajam lini kylian mbappe tumpu lini tampil atur ritme lini madrid tampil solid toreh cleansheet laga madrid tampil dominan laga catat kuasa bola persen lepas tembak valencia persen kuasa bola kali coba tembak mbapp cetak gol bagus saing musim poin bagus saing rebut gelar ritme tim bagus bobol gol puncleansheetlainnya alonso kutip situs madrid tanding komprehensif serius energi energik gera kuasa bola rebut bola cepat pimpin atur tampil lengkap,menang atasvalencia membuktikanreal madridadalah tim lengkap los blancos tajam tangguh real madrid raih menang valencia laga lanjut laliga santiago bernabeu minggu gol menang el real lahir brace kylian mbappe toreh jude bellingham alvaro carreras menang bawa los blancos kukuh puncak klasemen laliga madrid raih angka unggul tujuh poin villarreal urut scroll to continue with content latih madrid xabi alonso puas performa anak asuh laga nilai madrid tim lengkap laga tajam lini kylian mbappe tumpu lini tampil atur ritme lini madrid tampil solid toreh cleansheet laga madrid tampil dominan laga catat kuasa bola persen lepas tembak valencia persen kuasa bola kali coba tembak mbapp cetak gol bagus saing musim poin bagus saing rebut gelar ritme tim bagus bobol gol puncleansheetlainnya alonso kutip situs madrid tanding komprehensif serius energi energik gera kuasa bola rebut bola cepat pimpin atur tampil lengkap,Liga Spanyol,1,Liga Spanyol
"Djokovic Sodorkan Kejutan di Akhir, Daftar Pemain ATP Finals 2025 Resmi Berubah","Ringkasan Berita:Petenis Serbia,Novak Djokovic, memutuskan undur diri dari turnamenATP Finals 2025Kondisi fisik yang tak memungkinkan membuat Djokovic memilih absen dari ajang bergengsi tersebutPosisinya akan diambil alih oleh Lorenzo MusettiTRIBUNNEWS.COM -Kejutan besar tersaji dari turnamentenispaling bergengsi,ATP Finals 2025, yang diselenggarakan di Turin, Italia.Sajian tak terduga itu terjadi dalam hal daftar pemain yang berhak mengikuti ajangATP Finals 2025yang mempertemukan 8 petenis putra terbaik dunia.Namun, salah satu nama paling tersohor dalam daftar pemain itu memutuskan undur diri alias tak jadi mengikuti ATP Finals.Petenis tersebut adalahNovak Djokovicyang merelakan tempatnya diambil alih pemain lainnya.Djokovic memutuskan mundur setelah menjadi padatnya jadwal turnamentenisdi bulan Oktober dan November.Pada akhir pekan ini Djokovic juga turun di ajang Athens 250 dan menobatkan dirinya sebagai juara di akhir turnamen dengan mengalahkan Lorenzo Musetti.Baca juga:Djokovic Mundur dari Paris Masters 2025, Fokus Siapkan Penampilan di Dekat Rumah yang BaruSelain alasan jadwal padat, Djokovic juga berurusan dengan tingkat kebugaran yang tak terlalu baik.Ia bergulat dengan rasa sakit di area bahu yang sudah ia alami selama beberapa waktu terakhir.Kondisi tersebut membuat dirinya riskan bersaing di ajang ATP Finals yang mempertemukan para jagoan terbaik di duniatenisputra.Untuk itu, mundur dari ajang tersebut rasanya menjadi keputusan wajar dan bijaksana baginya.Dengan usia yang sudah menginjak 38 tahun, akan sangat berbahaya bagi Djokovic untuk terus tampil dengan tempo tinggi selama beberapa waktu beruntun.NOVAK DJOKOVIC - Petenis Serbia, Novak Djokovic, saat beraksi di ajang tenis US Open 2025. (Instagram @djokernole)MundurnyaNovak Djokovicmemberikan keberuntungan kepada pemain lain.Hal itu menjadi berkah bagi petenis Italia yang sekaligus menjadi lawan Djoker di Athena lalu, Lorenzo Musetti.Musetti menjadi petenis terakhir yang memastikan diri lolos ke ajang tersebut.Koleksi poinnya cukup mengantarkan sang jagoan tuan rumah mencoba peruntungan bersama nama besar lainnya. TRIBUNNEWS.COM -Kejutan besar tersaji dari turnamentenispaling bergengsi,ATP Finals 2025, yang diselenggarakan di Turin, Italia. Sajian tak terduga itu terjadi dalam hal daftar pemain yang berhak mengikuti ajangATP Finals 2025yang mempertemukan 8 petenis putra terbaik dunia. Namun, salah satu nama paling tersohor dalam daftar pemain itu memutuskan undur diri alias tak jadi mengikuti ATP Finals. Petenis tersebut adalahNovak Djokovicyang merelakan tempatnya diambil alih pemain lainnya. Djokovic memutuskan mundur setelah menjadi padatnya jadwal turnamentenisdi bulan Oktober dan November. Pada akhir pekan ini Djokovic juga turun di ajang Athens 250 dan menobatkan dirinya sebagai juara di akhir turnamen dengan mengalahkan Lorenzo Musetti. Baca juga:Djokovic Mundur dari Paris Masters 2025, Fokus Siapkan Penampilan di Dekat Rumah yang Baru Selain alasan jadwal padat, Djokovic juga berurusan dengan tingkat kebugaran yang tak terlalu baik. Ia bergulat dengan rasa sakit di area bahu yang sudah ia alami selama beberapa waktu terakhir. Kondisi tersebut membuat dirinya riskan bersaing di ajang ATP Finals yang mempertemukan para jagoan terbaik di duniatenisputra. Untuk itu, mundur dari ajang tersebut rasanya menjadi keputusan wajar dan bijaksana baginya. Dengan usia yang sudah menginjak 38 tahun, akan sangat berbahaya bagi Djokovic untuk terus tampil dengan tempo tinggi selama beberapa waktu beruntun. MundurnyaNovak Djokovicmemberikan keberuntungan kepada pemain lain. Hal itu menjadi berkah bagi petenis Italia yang sekaligus menjadi lawan Djoker di Athena lalu, Lorenzo Musetti. Musetti menjadi petenis terakhir yang memastikan diri lolos ke ajang tersebut. Koleksi poinnya cukup mengantarkan sang jagoan tuan rumah mencoba peruntungan bersama nama besar lainnya.",Tribun,liga_spanyol,ringkas beritapetenis serbianovak djokovic putus undur turnamenatp finals kondisi fisik djokovic pilih absen ajang gengsi tersebutposisinya ambil alih lorenzo musettitribunnewscom kejut saji turnamentenispaling bergengsiatp finals selenggara turin italiasajian duga daftar main hak ikut ajangatp finals temu tenis putra baik dunianamun salah nama sohor daftar main putus undur alias ikut atp finalspetenis adalahnovak djokovicyang rela tempat ambil alih main lainnyadjokovic putus mundur padat jadwal turnamentenisdi oktober novemberpada pekan djokovic turun ajang athens nobat juara turnamen kalah lorenzo musettibaca jugadjokovic mundur paris masters fokus siap tampil rumah baruselain alas jadwal padat djokovic urus tingkat bugar baikia gulat sakit area bahu alami terakhirkondisi riskan saing ajang atp finals temu jago baik duniatenisputrauntuk mundur ajang putus wajar bijaksana baginyadengan usia injak bahaya djokovic tampil tempo beruntunnovak djokovic tenis serbia novak djokovic aksi ajang tenis us open instagram djokernolemundurnyanovak djokovicmemberikan untung main lainhal berkah tenis italia lawan djoker athena lorenzo musettimusetti tenis lolos ajang tersebutkoleksi poin antar sang jago tuan rumah coba untung nama tribunnewscom kejut saji turnamentenispaling bergengsiatp finals selenggara turin italia saji duga daftar main hak ikut ajangatp finals temu tenis putra baik dunia salah nama sohor daftar main putus undur alias ikut atp finals tenis adalahnovak djokovicyang rela tempat ambil alih main djokovic putus mundur padat jadwal turnamentenisdi oktober november pekan djokovic turun ajang athens nobat juara turnamen kalah lorenzo musetti baca jugadjokovic mundur paris masters fokus siap tampil rumah alas jadwal padat djokovic urus tingkat bugar gulat sakit area bahu alami kondisi riskan saing ajang atp finals temu jago baik duniatenisputra mundur ajang putus wajar bijaksana bagi usia injak bahaya djokovic tampil tempo untun mundurnyanovak djokovicmemberikan untung main berkah tenis italia lawan djoker athena lorenzo musetti musetti tenis lolos ajang koleksi poin antar sang jago tuan rumah coba untung nama,ringkas beritapetenis serbianovak djokovic putus undur turnamenatp finals kondisi fisik djokovic pilih absen ajang gengsi tersebutposisinya ambil alih lorenzo musettitribunnewscom kejut saji turnamentenispaling bergengsiatp finals selenggara turin italiasajian duga daftar main hak ikut ajangatp finals temu tenis putra baik dunianamun salah nama sohor daftar main putus undur alias ikut atp finalspetenis adalahnovak djokovicyang rela tempat ambil alih main lainnyadjokovic putus mundur padat jadwal turnamentenisdi oktober novemberpada pekan djokovic turun ajang athens nobat juara turnamen kalah lorenzo musettibaca jugadjokovic mundur paris masters fokus siap tampil rumah baruselain alas jadwal padat djokovic urus tingkat bugar baikia gulat sakit area bahu alami terakhirkondisi riskan saing ajang atp finals temu jago baik duniatenisputrauntuk mundur ajang putus wajar bijaksana baginyadengan usia injak bahaya djokovic tampil tempo beruntunnovak djokovic tenis serbia novak djokovic aksi ajang tenis us open instagram djokernolemundurnyanovak djokovicmemberikan untung main lainhal berkah tenis italia lawan djoker athena lorenzo musettimusetti tenis lolos ajang tersebutkoleksi poin antar sang jago tuan rumah coba untung nama tribunnewscom kejut saji turnamentenispaling bergengsiatp finals selenggara turin italia saji duga daftar main hak ikut ajangatp finals temu tenis putra baik dunia salah nama sohor daftar main putus undur alias ikut atp finals tenis adalahnovak djokovicyang rela tempat ambil alih main djokovic putus mundur padat jadwal turnamentenisdi oktober november pekan djokovic turun ajang athens nobat juara turnamen kalah lorenzo musetti baca jugadjokovic mundur paris masters fokus siap tampil rumah alas jadwal padat djokovic urus tingkat bugar gulat sakit area bahu alami kondisi riskan saing ajang atp finals temu jago baik duniatenisputra mundur ajang putus wajar bijaksana bagi usia injak bahaya djokovic tampil tempo untun mundurnyanovak djokovicmemberikan untung main berkah tenis italia lawan djoker athena lorenzo musetti musetti tenis lolos ajang koleksi poin antar sang jago tuan rumah coba untung nama,Liga Spanyol,1,Liga Spanyol
Milan Disebut Malah Lebih Sip Tanpa Rafael Leao,"AC Milandiredam kala tandang keAtalanta. LegendaRossoneriAlessandro Costacurtamenilai keberadaanRafael Leaojustru lebih banyak merugikan tim. Milan ditahan Atalanta 1-1 dalam laga di Gewiss Stadium, Rabu (29/10/2025) dini hari WIB, dalam lanjutanLiga Italia. Keunggulan yang didapat dari Samuele Ricci gagal dipertahankan usai dibobol Ademola Lookman.  SCROLL TO CONTINUE WITH CONTENT Itu hasil imbang kedua beruntun Milan setelah akhir pekan kemarin ditahan Pisa. Ini juga berarti pasukan Massimiliano Allegri sudah tiga kali imbang dalam empat laga terakhir. Costacurta menilai Milan belum bisa menemukan keseimbangan yang tepat saat memainkan Rafael Leao. Meski sudah mengoleksi empat gol dari enam laga sejauh ini, penyerang 26 tahun itu malah membuat Milan kurang kohesif. ""Milan bermain jauh lebih baik tanpa Leao. Milan kebobolan empat gol dalam tiga pertandingan saat Leao jadi starter,"" kata Costacurta kepadaSky Sport, dikutipFootball Italia.  ""Ketika Leao diganti, Milan tak kebobolan. Itu adalah fakta yang akan memicu diskusi karena dengan Leao, Milan tidak lagi sebuah grup 11 pemain."" Milan selanjutnya sudah ditunggu ujian sulit lain di akhir pekan, kala harus menjamu AS Roma.",Detik,liga_italia,ac milandiredam tandang keatalanta legendarossonerialessandro costacurtamenilai keberadaanrafael leaojustru rugi tim mil tahan atalanta laga gewiss stadium rabu wib lanjutanliga italia unggul samuele ricci gagal tahan bobol ademola lookman scroll to continue with content hasil imbang untun mil pekan kemarin tahan pisa pasu massimiliano allegri kali imbang laga costacurta nilai mil temu imbang main rafael leao koleksi gol enam laga serang mil kohesif mil main leao mil bobol gol tanding leao starter costacurta kepadasky sport dikutipfootball italia leao ganti mil bobol fakta picu diskusi leao mil grup main mil tunggu uji sulit pekan jamu as roma,ac milandiredam tandang keatalanta legendarossonerialessandro costacurtamenilai keberadaanrafael leaojustru rugi tim mil tahan atalanta laga gewiss stadium rabu wib lanjutanliga italia unggul samuele ricci gagal tahan bobol ademola lookman scroll to continue with content hasil imbang untun mil pekan kemarin tahan pisa pasu massimiliano allegri kali imbang laga costacurta nilai mil temu imbang main rafael leao koleksi gol enam laga serang mil kohesif mil main leao mil bobol gol tanding leao starter costacurta kepadasky sport dikutipfootball italia leao ganti mil bobol fakta picu diskusi leao mil grup main mil tunggu uji sulit pekan jamu as roma,Liga Italia,1,Liga Italia
"Live MotoGP Portugal 2025, Bezzecchi Tertantang Kalahkan Acosta dan Marquez","Ringkasan Berita:Balapan utamaMotoGP Portugal 2025akan berlangsung pada Minggu (9/11/2025) pukul 20.00 WIB di Algarve International Circuit.Pembalap Aprilia,Marco Bezzecchitertantang berduel denganPedro AcostadanAlex Marquezyang mengalahkannya di sesi Sprint Race.Link live streaming dan live hasilMotoGP Portugal 2025bisa diakses dalam artikel ini.TRIBUNNEWS.COM- LiveMotoGP Portugal 2025di Algarve International Circuit hari ini, Minggu (9/11/2025) pukul 20.00 WIB. Bisa disaksikan melalui siaran langsung Trans7 dan live streaming Vidio.Marco Bezzecchimenantikan duel denganPedro AcostadanAlex Marquez.Selama agenda akhir pekan ini, dari sesi latihan hingga kualifikasi,Marco Bezzecchitampil meyakinkan hingga mendapat waktu tercepat 1 menit 37.556 detik untuk satu putaran yang membuatnya menempati pole position.Harapan Bezzecchi besar, tren positif tersebut bisa berlanjut di sesi Sprint Race bahkan untuk balapan nanti malam.MARCO BEZZECCHI - Pebalap besutan Aprilia Racing, Marco Bezzecchi berhasil menyabet pole position MotoGP Mandalika 2025 di Sirkuit Mandalika, pada 4 Oktober 2025. Bezzecchi mengikis gap poin atas Pecco Bagnaia. (Foto: Laman Resmi MotoGP) (MotoGP)Tapi sayang, di sesi Sprint Race, Bezzecchi 'terpeleset'. Ia awalnya disalipPedro Acostayang mengawali sesi di urutan kedua, kemudian disusul olehAlex Marquezyang awalnya start di posisi 5.""KetikaPedro Acostamelewati saya, saya berpikir 'Oke, saya bisa mencoba untuk tetap bersamanya dan bersaing dengan baik',"" kata Bezzecchi di situs resmi MotoGP.""Masalahnya adalah ketikaAlex Marquezdatang, saya langsung mengerti bahwa dia adalah yang terkuat.""""Saya berharap bisa merasa sedikit lebih baik; mungkin finis di posisi ketiga, tetapi ada sesuatu yang kurang dari saya,"" sambungnya.Terlepas dari hasil tersebut, Bezzechi berharap bisa kembali bersaing dengan Acosta dan Marquez pada sesi balapan utama.""Saya berharap pertarungan yang lebih besar,"" tantangnya.""Hanya untuk mencoba menempatkan diri saya dalam persaingan. Karena memang benar saya kurang cepat, jadi satu-satunya cara untuk memperkecil jarak adalah bersaing dengan mereka,"" tambahnya.""Di sini, balapannya selalu ketat karena bannya sulit diatur. Tapi treknya menguras fisik. Jadi banyak hal yang harus diperhatikan,"" tutupnya.Bezzecchi akan mengkoreksi apa yang menjadi kesalahan dan kelemahannya dari sesi sprint kemarin agar lebih baik pada sesi balapan.Baca juga:Jadwal MotoGP Portugal 2025 Hari Ini, Race Alex Marquez Cs Mulai Pukul 20.00 WIB Live Trans7Jadwal MotoGP Portugal 2025Minggu, 9 November 2025- Pukul 16.40-16.50 WIB: Warm-up MotoGP- Pukul 17.00-17.40 WIB: Rider Parade- Pukul 18.15 WIB: Race Moto2 (21 Laps)- Pukul 20.00 WIB: Race MotoGP (25 Laps)- Pukul 21.30 WIB: Race Moto3 (19 Laps)Link liveMotoGP Portugal 2025Live Streaming<<< TRIBUNNEWS.COM- LiveMotoGP Portugal 2025di Algarve International Circuit hari ini, Minggu (9/11/2025) pukul 20.00 WIB. Bisa disaksikan melalui siaran langsung Trans7 dan live streaming Vidio.Marco Bezzecchimenantikan duel denganPedro AcostadanAlex Marquez. Selama agenda akhir pekan ini, dari sesi latihan hingga kualifikasi,Marco Bezzecchitampil meyakinkan hingga mendapat waktu tercepat 1 menit 37.556 detik untuk satu putaran yang membuatnya menempati pole position. Harapan Bezzecchi besar, tren positif tersebut bisa berlanjut di sesi Sprint Race bahkan untuk balapan nanti malam. Tapi sayang, di sesi Sprint Race, Bezzecchi 'terpeleset'. Ia awalnya disalipPedro Acostayang mengawali sesi di urutan kedua, kemudian disusul olehAlex Marquezyang awalnya start di posisi 5. ""KetikaPedro Acostamelewati saya, saya berpikir 'Oke, saya bisa mencoba untuk tetap bersamanya dan bersaing dengan baik',"" kata Bezzecchi di situs resmi MotoGP. ""Masalahnya adalah ketikaAlex Marquezdatang, saya langsung mengerti bahwa dia adalah yang terkuat."" ""Saya berharap bisa merasa sedikit lebih baik; mungkin finis di posisi ketiga, tetapi ada sesuatu yang kurang dari saya,"" sambungnya. Terlepas dari hasil tersebut, Bezzechi berharap bisa kembali bersaing dengan Acosta dan Marquez pada sesi balapan utama. ""Saya berharap pertarungan yang lebih besar,"" tantangnya. ""Hanya untuk mencoba menempatkan diri saya dalam persaingan. Karena memang benar saya kurang cepat, jadi satu-satunya cara untuk memperkecil jarak adalah bersaing dengan mereka,"" tambahnya. ""Di sini, balapannya selalu ketat karena bannya sulit diatur. Tapi treknya menguras fisik. Jadi banyak hal yang harus diperhatikan,"" tutupnya. Bezzecchi akan mengkoreksi apa yang menjadi kesalahan dan kelemahannya dari sesi sprint kemarin agar lebih baik pada sesi balapan. Baca juga:Jadwal MotoGP Portugal 2025 Hari Ini, Race Alex Marquez Cs Mulai Pukul 20.00 WIB Live Trans7 Minggu, 9 November 2025 - Pukul 16.40-16.50 WIB: Warm-up MotoGP- Pukul 17.00-17.40 WIB: Rider Parade- Pukul 18.15 WIB: Race Moto2 (21 Laps)- Pukul 20.00 WIB: Race MotoGP (25 Laps)- Pukul 21.30 WIB: Race Moto3 (19 Laps) Live Streaming<<<",Tribun,liga_spanyol,ringkas beritabalapan utamamotogp portugal minggu wib algarve international circuitpembalap apriliamarco bezzecchitertantang duel denganpedro acostadanalex marquezyang kalah sesi sprint racelink live streaming live hasilmotogp portugal akses artikel initribunnewscom livemotogp portugal algarve international circuit minggu wib saksi siar langsung trans live streaming vidiomarco bezzecchimenantikan duel denganpedro acostadanalex marquezselama agenda pekan sesi latih kualifikasimarco bezzecchitampil cepat menit detik putar buat tempat pole positionharapan bezzecchi tren positif lanjut sesi sprint race balap malammarco bezzecchi balap besut aprilia racing marco bezzecchi hasil sabet pole position motogp mandalika sirkuit mandalika oktober bezzecchi kikis gap poin pecco bagnaia foto laman resmi motogp motogptapi sayang sesi sprint race bezzecchi peleset disalippedro acostayang awal sesi urut susul olehalex marquezyang start posisi ketikapedro acostamelewati pikir oke coba sama saing bezzecchi situs resmi motogpmasalahnya ketikaalex marquezdatang langsung erti terkuatsaya harap finis posisi tiga sambungnyaterlepas hasil bezzechi harap saing acosta marquez sesi balap utamasaya harap tarung tantangnyahanya coba tempat saing cepat satusatunya kecil jarak saing tambahnyadi balap ketat ban sulit atur trek uras fisik perhati tutupnyabezzecchi koreksi salah lemah sesi sprint kemarin sesi balapanbaca jugajadwal motogp portugal race alex marquez cs wib live transjadwal motogp portugal minggu november wib warmup motogp wib rider parade wib race moto laps wib race motogp laps wib race moto lapslink livemotogp portugal live streaming tribunnewscom livemotogp portugal algarve international circuit minggu wib saksi siar langsung trans live streaming vidiomarco bezzecchimenantikan duel denganpedro acostadanalex marquez agenda pekan sesi latih kualifikasimarco bezzecchitampil cepat menit detik putar buat tempat pole position harap bezzecchi tren positif lanjut sesi sprint race balap malam sayang sesi sprint race bezzecchi peleset disalippedro acostayang awal sesi urut susul olehalex marquezyang start posisi ketikapedro acostamelewati pikir oke coba sama saing bezzecchi situs resmi motogp ketikaalex marquezdatang langsung erti kuat harap finis posisi tiga sambung lepas hasil bezzechi harap saing acosta marquez sesi balap utama harap tarung tantang coba tempat saing cepat satusatunya kecil jarak saing balap ketat ban sulit atur trek uras fisik perhati tutup bezzecchi koreksi salah lemah sesi sprint kemarin sesi balap baca jugajadwal motogp portugal race alex marquez cs wib live trans minggu november wib warmup motogp wib rider parade wib race moto laps wib race motogp laps wib race moto laps live streaming,ringkas beritabalapan utamamotogp portugal minggu wib algarve international circuitpembalap apriliamarco bezzecchitertantang duel denganpedro acostadanalex marquezyang kalah sesi sprint racelink live streaming live hasilmotogp portugal akses artikel initribunnewscom livemotogp portugal algarve international circuit minggu wib saksi siar langsung trans live streaming vidiomarco bezzecchimenantikan duel denganpedro acostadanalex marquezselama agenda pekan sesi latih kualifikasimarco bezzecchitampil cepat menit detik putar buat tempat pole positionharapan bezzecchi tren positif lanjut sesi sprint race balap malammarco bezzecchi balap besut aprilia racing marco bezzecchi hasil sabet pole position motogp mandalika sirkuit mandalika oktober bezzecchi kikis gap poin pecco bagnaia foto laman resmi motogp motogptapi sayang sesi sprint race bezzecchi peleset disalippedro acostayang awal sesi urut susul olehalex marquezyang start posisi ketikapedro acostamelewati pikir oke coba sama saing bezzecchi situs resmi motogpmasalahnya ketikaalex marquezdatang langsung erti terkuatsaya harap finis posisi tiga sambungnyaterlepas hasil bezzechi harap saing acosta marquez sesi balap utamasaya harap tarung tantangnyahanya coba tempat saing cepat satusatunya kecil jarak saing tambahnyadi balap ketat ban sulit atur trek uras fisik perhati tutupnyabezzecchi koreksi salah lemah sesi sprint kemarin sesi balapanbaca jugajadwal motogp portugal race alex marquez cs wib live transjadwal motogp portugal minggu november wib warmup motogp wib rider parade wib race moto laps wib race motogp laps wib race moto lapslink livemotogp portugal live streaming tribunnewscom livemotogp portugal algarve international circuit minggu wib saksi siar langsung trans live streaming vidiomarco bezzecchimenantikan duel denganpedro acostadanalex marquez agenda pekan sesi latih kualifikasimarco bezzecchitampil cepat menit detik putar buat tempat pole position harap bezzecchi tren positif lanjut sesi sprint race balap malam sayang sesi sprint race bezzecchi peleset disalippedro acostayang awal sesi urut susul olehalex marquezyang start posisi ketikapedro acostamelewati pikir oke coba sama saing bezzecchi situs resmi motogp ketikaalex marquezdatang langsung erti kuat harap finis posisi tiga sambung lepas hasil bezzechi harap saing acosta marquez sesi balap utama harap tarung tantang coba tempat saing cepat satusatunya kecil jarak saing balap ketat ban sulit atur trek uras fisik perhati tutup bezzecchi koreksi salah lemah sesi sprint kemarin sesi balap baca jugajadwal motogp portugal race alex marquez cs wib live trans minggu november wib warmup motogp wib rider parade wib race moto laps wib race motogp laps wib race moto laps live streaming,Liga Spanyol,1,Liga Spanyol
"881 Menit Berlalu, Gawang Arsenal Akhirnya Bobol Lagi","Arsenalsempat melewati sejumlah pertandingan tanpa kebobolan. Setelah 881 menit, barulah gawang the Gunners bobol lagi. Sebelum menghadapi Sunderland di ajang Liga Inggris akhir pekan ini, kali terakhir gawang Arsenal bobol adalah pada akhir bulan September lalu. Pada pertandingan tersebut, Arsenal memang masih keluar sebagai pemenang walaupun kebobolan. Ketika itu Meriam London menang 2-1 melawan Newcastle. SCROLL TO CONTINUE WITH CONTENT  Selepas laga tersebut, laju tidak kebobolan skuad Mikel Arteta dimulai. Olympiakos, West Ham, Fulham, Atletico Madrid, Crystal Palace, Brighton, Burnley, dan Slavia Praha adalah rentetan lawan yang dihadapi. Dari kedelapan pertandingan di ajang-ajang Premier League, EFL Cup, dan Liga Champions tersebut Arsenal sukses menjaga gawangnya tetap perawan. Sampai akhirnya lawatan ke markas Sunderland di akhir pekan. Dalam pertandingan tersebutArsenalbahkan kebobolan duluan lewat gol Daniel Ballard. Ia mengakhiri laju clean sheet Arsenal lewat golnya di menit ke-36.  Setelah itu gol-gol dari Bukayo Saka dan Leandro Trossard bikin Arsenal berbalik unggul. Tapi gol Brian Brobbey di menit-menit akhir mengubah situasi. Skor akhir 2-2, membuat Sunderland dan Arsenal harus berbagi angka. Gol Brian Brobbey mengakhiri rentetan 10 kemenanganArsenaldi seluruh ajang, termasuk lima di Premier League. Dan di laga yang sama, rentetan tidak kebobolan Arsenal selama total 881 menit pun ikut pupus.",Detik,liga_inggris,arsenalsempat lewat tanding bobol menit baru gawang the gunners bobol hadap sunderland ajang liga inggris pekan kali gawang arsenal bobol september tanding arsenal menang bobol meriam london menang lawan newcastle scroll to continue with content lepas laga laju bobol skuad mikel arteta olympiakos west ham fulham atletico madrid crystal palace brighton burnley slavia praha rentet lawan hadap delap tanding ajangajang premier league efl cup liga champions arsenal sukses jaga gawang perawan lawat markas sunderland pekan tanding tersebutarsenalbahkan bobol duluan gol daniel ballard laju clean sheet arsenal gol menit golgol bukayo saka leandro trossard bikin arsenal balik unggul gol brian brobbey menitmenit ubah situasi skor sunderland arsenal bagi angka gol brian brobbey rentet kemenanganarsenaldi ajang premier league laga rentet bobol arsenal total menit pupus,arsenalsempat lewat tanding bobol menit baru gawang the gunners bobol hadap sunderland ajang liga inggris pekan kali gawang arsenal bobol september tanding arsenal menang bobol meriam london menang lawan newcastle scroll to continue with content lepas laga laju bobol skuad mikel arteta olympiakos west ham fulham atletico madrid crystal palace brighton burnley slavia praha rentet lawan hadap delap tanding ajangajang premier league efl cup liga champions arsenal sukses jaga gawang perawan lawat markas sunderland pekan tanding tersebutarsenalbahkan bobol duluan gol daniel ballard laju clean sheet arsenal gol menit golgol bukayo saka leandro trossard bikin arsenal balik unggul gol brian brobbey menitmenit ubah situasi skor sunderland arsenal bagi angka gol brian brobbey rentet kemenanganarsenaldi ajang premier league laga rentet bobol arsenal total menit pupus,Liga Inggris,1,Liga Inggris
"Genoa Vs Cremonese: Emil Audero Clean Sheet, Diapresiasi Pelatih","Emil Audero Mulyadimencatatkan clean sheet dan membawaCremonesemenang di markasGenoa. Aksi kiper Timnas Indonesia itu mendapat pujian sang pelatih. GiornatakesembilanLiga ItaliamempertemukanGenoa vs Cremonese. Pertandingan digelar di Stadion Luigi Ferraris, Kamis (30/10/2025) dini hari WIB. Emil Audero tampil sebagai starter untuk Cremonese. Ini menandai comeback kiper berusia 28 tahun itu setelah absen sejak September 2025 akibat cedera. SCROLL TO CONTINUE WITH CONTENT  Kembalinya Emil Audero memberikan rasa aman di lini belakang Cremonese. Tim tamu berhasil mengakhiri laga dengan kemenangan 2-0 atas Genoa. Emil Audero Mulyadi bermain oke sepanjang laga Genoa vs Cremonese. Dia mencatatkan sekali penyelamatan di dalam kotak penalti, serta mencegah gawangnya kebobolan dengan memblok bola sepakan on target Morten Frendrup di menit ke-82. Performa gacor Emil Mulyadi menjaga gawang diapresiasi pelatih Cremonese,Davide Nicola. Dia memuji lini belakang tim yang tampil disiplin hingga tak kebobolan.  ""Kerja bagus untuk semua pemain bertahan. Tidak kebobolan gol adalah kepuasan yang luar biasa bagi saya dan para pemain saya, terutama mereka yang berada di lini belakang,"" kata Nicola, dilansir dariCremona Sport Hasil ini mengakhiri puasa kemenangan Cremonese dalam enam laga terakhir.La Cremojuga berhasil clean sheet untuk pertama kalinya sejak diimbangi Parma tanpa gol, laga terakhir Emil Audero sebelum cedera, pada 21 September. Tambahan 3 angka membawa Cremonese naik ke posisi 8 klasemen sementara Liga Italia dengan 14 poin. Tim promosi Serie A ini sudah meraih 3 kemenangan, 5 imbang, dan sekali kalah.",Detik,liga_italia,emil audero mulyadimencatatkan clean sheet membawacremonesemenang markasgenoa aksi kiper timnas indonesia puji sang latih giornatakesembilanliga italiamempertemukangenoa vs cremonese tanding gelar stadion luigi ferraris kamis wib emil audero tampil starter cremonese tanda comeback kiper usia absen september akibat cedera scroll to continue with content kembali emil audero aman lini cremonese tim tamu hasil laga menang genoa emil audero mulyadi main oke laga genoa vs cremonese catat selamat kotak penalti cegah gawang bobol blok bola pakan on target morten frendrup menit performa gacor emil mulyadi jaga gawang apresiasi latih cremonesedavide nicola puji lini tim tampil disiplin bobol kerja bagus main tahan bobol gol puas main lini nicola lansir daricremona sport hasil puasa menang cremonese enam laga terakhirla cremojuga hasil clean sheet kali imbang parma gol laga emil audero cedera september tambah angka bawa cremonese posisi klasemen liga italia poin tim promosi serie a raih menang imbang kalah,emil audero mulyadimencatatkan clean sheet membawacremonesemenang markasgenoa aksi kiper timnas indonesia puji sang latih giornatakesembilanliga italiamempertemukangenoa vs cremonese tanding gelar stadion luigi ferraris kamis wib emil audero tampil starter cremonese tanda comeback kiper usia absen september akibat cedera scroll to continue with content kembali emil audero aman lini cremonese tim tamu hasil laga menang genoa emil audero mulyadi main oke laga genoa vs cremonese catat selamat kotak penalti cegah gawang bobol blok bola pakan on target morten frendrup menit performa gacor emil mulyadi jaga gawang apresiasi latih cremonesedavide nicola puji lini tim tampil disiplin bobol kerja bagus main tahan bobol gol puas main lini nicola lansir daricremona sport hasil puasa menang cremonese enam laga terakhirla cremojuga hasil clean sheet kali imbang parma gol laga emil audero cedera september tambah angka bawa cremonese posisi klasemen liga italia poin tim promosi serie a raih menang imbang kalah,Liga Italia,1,Liga Italia
Alasan Jiang Jie Coret Farhan Halim dari Skuad Timnas Voli Putra Indonesia di SEA Games 2025,"Ringkasan Berita:Jeff Jiang Jie menjadi aktor utama di balik keputusan mencoretFarhan Halimdari skuadTimnas Voli Putra IndonesiadiSEA Games 2025Masalah waktu bergabung dalam pemusatan latihan jadi alasan mengapaFarhan HalimdicoretFarhan Halim saat ini berkompetisi di Liga Voli Jepang memperkuat VC Nagano TridentsTRIBUNNEWS.COM- Asisten pelatihErwin Rusnimenjelaskan alasan pencoretanFarhan Halimdari skuadTimnas Voli Putra IndonesiauntukSEA Games 2025.Dalam keteranganErwin Rusni, pencoretanFarhan Halimmutlak berdasarkan keputusan pelatihTimnas Voli Putra Indonesia,Jeff Jiang Jie.Volimania Tanah Air bertanya-tanya apa alasanFarhan Halimdicoret dari skuad finalTimnas Voli Putra IndonesiauntukSEA Games 2025yang berlangsung di Thailand awal Desember nanti.Farhan dipandang sebagai salah satu outside hitter (OH) terbaik yang dimiliki Indonesia. Bahkan dia kini berstatus abroad, membela tim kasta tertinggi Liga Voli Jepang, VC Nagano Tridents.""Soal pencoretanFarhan Halimmemang keputusannya berada di tangan pelatih (Jeff Jiang Jie-red),"" terang asisten pelatihTimnas Voli Putra Indonesia,Erwin Rusni, ketika dihubungi Tribunnews, Minggu (9/11) sore WIB.""Kita sebagai asisten pelatih sudah memberikan masukan soal plus-minus pemain mana yang dipilih,"" sambung pria yang pernah memperkuat Jakarta Sananta di Proliga 2008.Erwin Rusni menambahkan, masalah mepetnya waktu bergabungFarhan Halimjuga jadi pertimbangan keputusan diambilJeff Jiang Jie.Jika memaksakan Farhan dibawa ke Thailand, sang pevoli baru bisa bergabung H-7 sebelum caborvoliindoor dipertandingkan. Sementara dalam pemusatan latihan, keberadaanFarhan Halimsangat dibutuhkan dalam TC untuk memadukan chemistry permainan.""Selain itu, Farhan baru bisa bergabung seminggu sebelum SEA Games (voli-red) berlangsung. Jadi itu sedikit banyak jadi kendala.""""Saat latihan juga kita kan butuh pemain yang lengkap, sehingga kalau baru bergabung seminggu sebelum dimulai, kita kerepotan.""""Karena itu akhirnya coach Jeff memilih itu (mencoret Farhan-red). Sementara untuk posisi hitter juga mumpuni dengan pemain yang ada, kita berusaha memaksimalkan.""Di sisi lain, pencoretanFarhan Halimjuga bukannya tanpa pertimbangan matang. Di posisi OH, timvoliputra Indonesia dihuni deretan spiker terbaik saat ini, meliputi Boy Arnez, Jordan Michael Susanto, Agil Angga Anggara, dan Fahri Septian Putratama.Jeff Jiang Jie percaya dengan skuad yang ada, Timnas Voli Putra Indonesia mampu mempertahankan medali emas, yang dalam tiga edisi terakhir penyelenggaraan SEA Games, sukses dibawa pulang ke Tanah Air.Baca juga:Kabar Farhan Halim setelah Dicoret dari Timnas Voli Indonesia: Masih Jadi Camat di Nagano TridentsPendaftaran Pemain Sempat TerlambatErwin Rusni juga menceritakan, keputusan pemilihan pemain juga bukannya tanpa kendala. Sebab skuad finalTimnas Voli Putra IndonesiauntukSEA Games 2025harus diserahkan ke PBVSI pada 29 Oktober kemarin.Sementara pemusatan latihan atau TCTimnas Voli Putra Indonesiabaru dimulai setelah Livoli, yang pada timeline PBVSI, aktif dimulai 23 Oktober lalu. TRIBUNNEWS.COM- Asisten pelatihErwin Rusnimenjelaskan alasan pencoretanFarhan Halimdari skuadTimnas Voli Putra IndonesiauntukSEA Games 2025. Dalam keteranganErwin Rusni, pencoretanFarhan Halimmutlak berdasarkan keputusan pelatihTimnas Voli Putra Indonesia,Jeff Jiang Jie. Volimania Tanah Air bertanya-tanya apa alasanFarhan Halimdicoret dari skuad finalTimnas Voli Putra IndonesiauntukSEA Games 2025yang berlangsung di Thailand awal Desember nanti. Farhan dipandang sebagai salah satu outside hitter (OH) terbaik yang dimiliki Indonesia. Bahkan dia kini berstatus abroad, membela tim kasta tertinggi Liga Voli Jepang, VC Nagano Tridents. ""Soal pencoretanFarhan Halimmemang keputusannya berada di tangan pelatih (Jeff Jiang Jie-red),"" terang asisten pelatihTimnas Voli Putra Indonesia,Erwin Rusni, ketika dihubungi Tribunnews, Minggu (9/11) sore WIB. ""Kita sebagai asisten pelatih sudah memberikan masukan soal plus-minus pemain mana yang dipilih,"" sambung pria yang pernah memperkuat Jakarta Sananta di Proliga 2008. Erwin Rusni menambahkan, masalah mepetnya waktu bergabungFarhan Halimjuga jadi pertimbangan keputusan diambilJeff Jiang Jie. Jika memaksakan Farhan dibawa ke Thailand, sang pevoli baru bisa bergabung H-7 sebelum caborvoliindoor dipertandingkan. Sementara dalam pemusatan latihan, keberadaanFarhan Halimsangat dibutuhkan dalam TC untuk memadukan chemistry permainan. ""Selain itu, Farhan baru bisa bergabung seminggu sebelum SEA Games (voli-red) berlangsung. Jadi itu sedikit banyak jadi kendala."" ""Saat latihan juga kita kan butuh pemain yang lengkap, sehingga kalau baru bergabung seminggu sebelum dimulai, kita kerepotan."" ""Karena itu akhirnya coach Jeff memilih itu (mencoret Farhan-red). Sementara untuk posisi hitter juga mumpuni dengan pemain yang ada, kita berusaha memaksimalkan."" Di sisi lain, pencoretanFarhan Halimjuga bukannya tanpa pertimbangan matang. Di posisi OH, timvoliputra Indonesia dihuni deretan spiker terbaik saat ini, meliputi Boy Arnez, Jordan Michael Susanto, Agil Angga Anggara, dan Fahri Septian Putratama. Jeff Jiang Jie percaya dengan skuad yang ada, Timnas Voli Putra Indonesia mampu mempertahankan medali emas, yang dalam tiga edisi terakhir penyelenggaraan SEA Games, sukses dibawa pulang ke Tanah Air. Baca juga:Kabar Farhan Halim setelah Dicoret dari Timnas Voli Indonesia: Masih Jadi Camat di Nagano Tridents Erwin Rusni juga menceritakan, keputusan pemilihan pemain juga bukannya tanpa kendala. Sebab skuad finalTimnas Voli Putra IndonesiauntukSEA Games 2025harus diserahkan ke PBVSI pada 29 Oktober kemarin. Sementara pemusatan latihan atau TCTimnas Voli Putra Indonesiabaru dimulai setelah Livoli, yang pada timeline PBVSI, aktif dimulai 23 Oktober lalu.",Tribun,liga_spanyol,ringkas beritajeff jiang jie aktor utama putus mencoretfarhan halimdari skuadtimnas voli putra indonesiadisea games gabung pusat latih alas mengapafarhan halimdicoretfarhan halim kompetisi liga voli jepang kuat vc nagano tridentstribunnewscom asisten pelatiherwin rusnimenjelaskan alas pencoretanfarhan halimdari skuadtimnas voli putra indonesiauntuksea games keteranganerwin rusni pencoretanfarhan halimmutlak dasar putus pelatihtimnas voli putra indonesiajeff jiang jievolimania tanah air bertanyatanya alasanfarhan halimdicoret skuad finaltimnas voli putra indonesiauntuksea games thailand desember nantifarhan pandang salah outside hitter oh baik milik indonesia status abroad bela tim kasta tinggi liga voli jepang vc nagano tridentssoal pencoretanfarhan halimmemang putus tangan latih jeff jiang jiered terang asisten pelatihtimnas voli putra indonesiaerwin rusni hubung tribunnews minggu sore wibkita asisten latih masuk plusminus main pilih sambung pria kuat jakarta sananta proliga erwin rusni mepet bergabungfarhan halimjuga timbang putus diambiljeff jiang jiejika paksa farhan bawa thailand sang voli gabung h caborvoliindoor tanding pusat latih keberadaanfarhan halimsangat butuh tc madu chemistry permainanselain farhan gabung minggu sea games volired kendalasaat latih butuh main lengkap gabung minggu kerepotankarena coach jeff pilih coret farhanred posisi hitter mumpuni main usaha memaksimalkandi sisi pencoretanfarhan halimjuga timbang matang posisi oh timvoliputra indonesia huni deret spiker baik liput boy arnez jordan michael susanto agil angga anggara fahri septian putratamajeff jiang jie percaya skuad timnas voli putra indonesia tahan medali emas edisi selenggara sea games sukses bawa pulang tanah airbaca jugakabar farhan halim coret timnas voli indonesia camat nagano tridentspendaftaran main terlambaterwin rusni cerita putus pilih main kendala skuad finaltimnas voli putra indonesiauntuksea games serah pbvsi oktober kemarinsementara pusat latih tctimnas voli putra indonesiabaru livoli timeline pbvsi aktif oktober tribunnewscom asisten pelatiherwin rusnimenjelaskan alas pencoretanfarhan halimdari skuadtimnas voli putra indonesiauntuksea games keteranganerwin rusni pencoretanfarhan halimmutlak dasar putus pelatihtimnas voli putra indonesiajeff jiang jie volimania tanah air bertanyatanya alasanfarhan halimdicoret skuad finaltimnas voli putra indonesiauntuksea games thailand desember farhan pandang salah outside hitter oh baik milik indonesia status abroad bela tim kasta tinggi liga voli jepang vc nagano tridents pencoretanfarhan halimmemang putus tangan latih jeff jiang jiered terang asisten pelatihtimnas voli putra indonesiaerwin rusni hubung tribunnews minggu sore wib asisten latih masuk plusminus main pilih sambung pria kuat jakarta sananta proliga erwin rusni mepet bergabungfarhan halimjuga timbang putus diambiljeff jiang jie paksa farhan bawa thailand sang voli gabung h caborvoliindoor tanding pusat latih keberadaanfarhan halimsangat butuh tc madu chemistry main farhan gabung minggu sea games volired kendala latih butuh main lengkap gabung minggu kerepot coach jeff pilih coret farhanred posisi hitter mumpuni main usaha maksimal sisi pencoretanfarhan halimjuga timbang matang posisi oh timvoliputra indonesia huni deret spiker baik liput boy arnez jordan michael susanto agil angga anggara fahri septian putratama jeff jiang jie percaya skuad timnas voli putra indonesia tahan medali emas edisi selenggara sea games sukses bawa pulang tanah air baca jugakabar farhan halim coret timnas voli indonesia camat nagano tridents erwin rusni cerita putus pilih main kendala skuad finaltimnas voli putra indonesiauntuksea games serah pbvsi oktober kemarin pusat latih tctimnas voli putra indonesiabaru livoli timeline pbvsi aktif oktober,ringkas beritajeff jiang jie aktor utama putus mencoretfarhan halimdari skuadtimnas voli putra indonesiadisea games gabung pusat latih alas mengapafarhan halimdicoretfarhan halim kompetisi liga voli jepang kuat vc nagano tridentstribunnewscom asisten pelatiherwin rusnimenjelaskan alas pencoretanfarhan halimdari skuadtimnas voli putra indonesiauntuksea games keteranganerwin rusni pencoretanfarhan halimmutlak dasar putus pelatihtimnas voli putra indonesiajeff jiang jievolimania tanah air bertanyatanya alasanfarhan halimdicoret skuad finaltimnas voli putra indonesiauntuksea games thailand desember nantifarhan pandang salah outside hitter oh baik milik indonesia status abroad bela tim kasta tinggi liga voli jepang vc nagano tridentssoal pencoretanfarhan halimmemang putus tangan latih jeff jiang jiered terang asisten pelatihtimnas voli putra indonesiaerwin rusni hubung tribunnews minggu sore wibkita asisten latih masuk plusminus main pilih sambung pria kuat jakarta sananta proliga erwin rusni mepet bergabungfarhan halimjuga timbang putus diambiljeff jiang jiejika paksa farhan bawa thailand sang voli gabung h caborvoliindoor tanding pusat latih keberadaanfarhan halimsangat butuh tc madu chemistry permainanselain farhan gabung minggu sea games volired kendalasaat latih butuh main lengkap gabung minggu kerepotankarena coach jeff pilih coret farhanred posisi hitter mumpuni main usaha memaksimalkandi sisi pencoretanfarhan halimjuga timbang matang posisi oh timvoliputra indonesia huni deret spiker baik liput boy arnez jordan michael susanto agil angga anggara fahri septian putratamajeff jiang jie percaya skuad timnas voli putra indonesia tahan medali emas edisi selenggara sea games sukses bawa pulang tanah airbaca jugakabar farhan halim coret timnas voli indonesia camat nagano tridentspendaftaran main terlambaterwin rusni cerita putus pilih main kendala skuad finaltimnas voli putra indonesiauntuksea games serah pbvsi oktober kemarinsementara pusat latih tctimnas voli putra indonesiabaru livoli timeline pbvsi aktif oktober tribunnewscom asisten pelatiherwin rusnimenjelaskan alas pencoretanfarhan halimdari skuadtimnas voli putra indonesiauntuksea games keteranganerwin rusni pencoretanfarhan halimmutlak dasar putus pelatihtimnas voli putra indonesiajeff jiang jie volimania tanah air bertanyatanya alasanfarhan halimdicoret skuad finaltimnas voli putra indonesiauntuksea games thailand desember farhan pandang salah outside hitter oh baik milik indonesia status abroad bela tim kasta tinggi liga voli jepang vc nagano tridents pencoretanfarhan halimmemang putus tangan latih jeff jiang jiered terang asisten pelatihtimnas voli putra indonesiaerwin rusni hubung tribunnews minggu sore wib asisten latih masuk plusminus main pilih sambung pria kuat jakarta sananta proliga erwin rusni mepet bergabungfarhan halimjuga timbang putus diambiljeff jiang jie paksa farhan bawa thailand sang voli gabung h caborvoliindoor tanding pusat latih keberadaanfarhan halimsangat butuh tc madu chemistry main farhan gabung minggu sea games volired kendala latih butuh main lengkap gabung minggu kerepot coach jeff pilih coret farhanred posisi hitter mumpuni main usaha maksimal sisi pencoretanfarhan halimjuga timbang matang posisi oh timvoliputra indonesia huni deret spiker baik liput boy arnez jordan michael susanto agil angga anggara fahri septian putratama jeff jiang jie percaya skuad timnas voli putra indonesia tahan medali emas edisi selenggara sea games sukses bawa pulang tanah air baca jugakabar farhan halim coret timnas voli indonesia camat nagano tridents erwin rusni cerita putus pilih main kendala skuad finaltimnas voli putra indonesiauntuksea games serah pbvsi oktober kemarin pusat latih tctimnas voli putra indonesiabaru livoli timeline pbvsi aktif oktober,Liga Spanyol,1,Liga Spanyol
"Update Klasemen MotoGP 2025: Poin Pecco Bagnaia Dijauhi Bezzecchi, Dipepet Acosta","Ringkasan Berita:KlasemenMotoGP2025 setelah sprint race Portugal jadi alarm bahaya bagiPecco BagnaiaPoinPecco Bagnaiamulai dijauhiMarco Bezzecchidengan selisih 10 angkaPedro Acosta yang finis P2 sprint race Portugal mengikis gap dengan Bagnaia menjadi 19 poinTRIBUNNEWS.COM- Update klasemenMotoGP2025 setelah sprint race Portugal jadi alarm bahaya bagiPecco Bagnaia, Minggu (9/11/2025).Marco Bezzecchi danPedro Acostayang berhasil finis podium sprint raceMotoGPPortugal 2025 mampu mengusik posisi Bagnaia di P4 klasemen.Jagoan Aprilia, Bezzecchi finis podium ketiga berhasil menambah koleksinya menjadi 298 poin. Posisi Bezzecchi kian aman di P3 klasemenMotoGP2025.Sementara itu,Pedro Acostayang nyaris menang sprint raceMotoGPuntuk kali pertama harus puas finis P2.Menariknya raihan si Hiu -julukan Acosta,berhasil menambah koleksinya menjadi 269 poin dan mengikis gap dengan Bagnaia urutan keempat klasemen menjadi 19 angka.lihat fotoPECCO BAGNAIA - Pebalap Ducati Lenovo, Pecco Bagnaia, ketika gagal lolos Q2 dalam sesi kualifikasi MotoGP Mandalika 2025 di Sirkuit Mandalika, pada 4 Oktober 2025. (Foto: Laman Resmi MotoGP)Apes menimpa FB63 gegara kena tikung dilast lapsprint raceMotoGPPortugal 2025 memaksa Bagnaia harus puas finis P8.Torehan Bagnaia di sprint race yang finis P8 bikin dirinya hanya bisa menambah koleksinya menjadi 288 poin.Koleksi tersebut mulai dikejar olehPedro Acostayang saat ini tengah berada dalam momentum apik di atas RC-16 KTM miliknya.Tentu bukan posisi yang nyaman bagi rekan setim Marc Marquez lantaran Bagnaia terancam bisa melorot ke P5 klasemen jika Acosta bisa menyalipnya.Baca juga:Hasil Sprint Race MotoGP Portugal 2025: Alex Marquez Menang, Rusak Mimpi Pedro Acosta Pecah TelurMau tak mau, suami Domizia Castagnini wajib bangkit dan menghindari blunder lagi songsong balapan utama di Sirkuit Portimao.Finis di depan Bezzecchi dan Acosta jadi kewajiban Bagnaia agar membuka kans kembali ke P3 atau setidaknya tak tergusur dari posisi keempatnya saat ini.Perjuangan murid Valentino Rossi di kampung halaman Cristiano Ronaldo akan kembali berlanjut di balapan utamaMotoGPPortugal 2025 hari ini.Balapan utama atau Grand PrixMotoGPPortugal 2025 dijawalkan bergulir mulai pukul 20.00 WIB.KlasemenMotoGP2025 setelah Sprint Race PortugalPer Sabtu (8/11/2025)1. Marc Marquez (545)2. Alex Marquez (425)3.Marco Bezzecchi(298)4. Francesco Bagnaia (288)5.Pedro Acosta(269) TRIBUNNEWS.COM- Update klasemenMotoGP2025 setelah sprint race Portugal jadi alarm bahaya bagiPecco Bagnaia, Minggu (9/11/2025). Marco Bezzecchi danPedro Acostayang berhasil finis podium sprint raceMotoGPPortugal 2025 mampu mengusik posisi Bagnaia di P4 klasemen. Jagoan Aprilia, Bezzecchi finis podium ketiga berhasil menambah koleksinya menjadi 298 poin. Posisi Bezzecchi kian aman di P3 klasemenMotoGP2025. Sementara itu,Pedro Acostayang nyaris menang sprint raceMotoGPuntuk kali pertama harus puas finis P2. Menariknya raihan si Hiu -julukan Acosta,berhasil menambah koleksinya menjadi 269 poin dan mengikis gap dengan Bagnaia urutan keempat klasemen menjadi 19 angka. Apes menimpa FB63 gegara kena tikung dilast lapsprint raceMotoGPPortugal 2025 memaksa Bagnaia harus puas finis P8. Torehan Bagnaia di sprint race yang finis P8 bikin dirinya hanya bisa menambah koleksinya menjadi 288 poin. Koleksi tersebut mulai dikejar olehPedro Acostayang saat ini tengah berada dalam momentum apik di atas RC-16 KTM miliknya. Tentu bukan posisi yang nyaman bagi rekan setim Marc Marquez lantaran Bagnaia terancam bisa melorot ke P5 klasemen jika Acosta bisa menyalipnya. Baca juga:Hasil Sprint Race MotoGP Portugal 2025: Alex Marquez Menang, Rusak Mimpi Pedro Acosta Pecah Telur Mau tak mau, suami Domizia Castagnini wajib bangkit dan menghindari blunder lagi songsong balapan utama di Sirkuit Portimao. Finis di depan Bezzecchi dan Acosta jadi kewajiban Bagnaia agar membuka kans kembali ke P3 atau setidaknya tak tergusur dari posisi keempatnya saat ini. Perjuangan murid Valentino Rossi di kampung halaman Cristiano Ronaldo akan kembali berlanjut di balapan utamaMotoGPPortugal 2025 hari ini. Balapan utama atau Grand PrixMotoGPPortugal 2025 dijawalkan bergulir mulai pukul 20.00 WIB. Per Sabtu (8/11/2025) 1. Marc Marquez (545)2. Alex Marquez (425)3.Marco Bezzecchi(298)4. Francesco Bagnaia (288)5.Pedro Acosta(269)",Tribun,liga_spanyol,ringkas beritaklasemenmotogp sprint race portugal alarm bahaya bagipecco bagnaiapoinpecco bagnaiamulai dijauhimarco bezzecchidengan selisih angkapedro acosta finis p sprint race portugal kikis gap bagnaia pointribunnewscom update klasemenmotogp sprint race portugal alarm bahaya bagipecco bagnaia minggu marco bezzecchi danpedro acostayang hasil finis podium sprint racemotogpportugal usik posisi bagnaia p klasemenjagoan aprilia bezzecchi finis podium tiga hasil tambah koleksi poin posisi bezzecchi kian aman p klasemenmotogpsementara itupedro acostayang menang sprint racemotogpuntuk kali puas finis pmenariknya raih si hiu juluk acostaberhasil tambah koleksi poin kikis gap bagnaia urut empat klasemen angkalihat fotopecco bagnaia balap ducati lenovo pecco bagnaia gagal lolos q sesi kualifikasi motogp mandalika sirkuit mandalika oktober foto laman resmi motogpapes timpa fb gegara kena tikung dilast lapsprint racemotogpportugal paksa bagnaia puas finis ptorehan bagnaia sprint race finis p bikin tambah koleksi poinkoleksi kejar olehpedro acostayang momentum apik rc ktm miliknyatentu posisi nyaman rekan tim marc marquez lantar bagnaia ancam lorot p klasemen acosta menyalipnyabaca jugahasil sprint race motogp portugal alex marquez menang rusak mimpi pedro acosta pecah telurmau suami domizia castagnini wajib bangkit hindar blunder songsong balap utama sirkuit portimaofinis bezzecchi acosta wajib bagnaia buka kans p gusur posisi empat iniperjuangan murid valentino rossi kampung halaman cristiano ronaldo lanjut balap utamamotogpportugal inibalapan utama grand prixmotogpportugal dijawalkan gulir wibklasemenmotogp sprint race portugalper sabtu marc marquez alex marquez marco bezzecchi francesco bagnaia pedro acosta tribunnewscom update klasemenmotogp sprint race portugal alarm bahaya bagipecco bagnaia minggu marco bezzecchi danpedro acostayang hasil finis podium sprint racemotogpportugal usik posisi bagnaia p klasemen jago aprilia bezzecchi finis podium tiga hasil tambah koleksi poin posisi bezzecchi kian aman p klasemenmotogp itupedro acostayang menang sprint racemotogpuntuk kali puas finis p tarik raih si hiu juluk acostaberhasil tambah koleksi poin kikis gap bagnaia urut empat klasemen angka apes timpa fb gegara kena tikung dilast lapsprint racemotogpportugal paksa bagnaia puas finis p toreh bagnaia sprint race finis p bikin tambah koleksi poin koleksi kejar olehpedro acostayang momentum apik rc ktm milik posisi nyaman rekan tim marc marquez lantar bagnaia ancam lorot p klasemen acosta salip baca jugahasil sprint race motogp portugal alex marquez menang rusak mimpi pedro acosta pecah telur suami domizia castagnini wajib bangkit hindar blunder songsong balap utama sirkuit portimao finis bezzecchi acosta wajib bagnaia buka kans p gusur posisi empat juang murid valentino rossi kampung halaman cristiano ronaldo lanjut balap utamamotogpportugal balap utama grand prixmotogpportugal dijawalkan gulir wib sabtu marc marquez alex marquez marco bezzecchi francesco bagnaia pedro acosta,ringkas beritaklasemenmotogp sprint race portugal alarm bahaya bagipecco bagnaiapoinpecco bagnaiamulai dijauhimarco bezzecchidengan selisih angkapedro acosta finis p sprint race portugal kikis gap bagnaia pointribunnewscom update klasemenmotogp sprint race portugal alarm bahaya bagipecco bagnaia minggu marco bezzecchi danpedro acostayang hasil finis podium sprint racemotogpportugal usik posisi bagnaia p klasemenjagoan aprilia bezzecchi finis podium tiga hasil tambah koleksi poin posisi bezzecchi kian aman p klasemenmotogpsementara itupedro acostayang menang sprint racemotogpuntuk kali puas finis pmenariknya raih si hiu juluk acostaberhasil tambah koleksi poin kikis gap bagnaia urut empat klasemen angkalihat fotopecco bagnaia balap ducati lenovo pecco bagnaia gagal lolos q sesi kualifikasi motogp mandalika sirkuit mandalika oktober foto laman resmi motogpapes timpa fb gegara kena tikung dilast lapsprint racemotogpportugal paksa bagnaia puas finis ptorehan bagnaia sprint race finis p bikin tambah koleksi poinkoleksi kejar olehpedro acostayang momentum apik rc ktm miliknyatentu posisi nyaman rekan tim marc marquez lantar bagnaia ancam lorot p klasemen acosta menyalipnyabaca jugahasil sprint race motogp portugal alex marquez menang rusak mimpi pedro acosta pecah telurmau suami domizia castagnini wajib bangkit hindar blunder songsong balap utama sirkuit portimaofinis bezzecchi acosta wajib bagnaia buka kans p gusur posisi empat iniperjuangan murid valentino rossi kampung halaman cristiano ronaldo lanjut balap utamamotogpportugal inibalapan utama grand prixmotogpportugal dijawalkan gulir wibklasemenmotogp sprint race portugalper sabtu marc marquez alex marquez marco bezzecchi francesco bagnaia pedro acosta tribunnewscom update klasemenmotogp sprint race portugal alarm bahaya bagipecco bagnaia minggu marco bezzecchi danpedro acostayang hasil finis podium sprint racemotogpportugal usik posisi bagnaia p klasemen jago aprilia bezzecchi finis podium tiga hasil tambah koleksi poin posisi bezzecchi kian aman p klasemenmotogp itupedro acostayang menang sprint racemotogpuntuk kali puas finis p tarik raih si hiu juluk acostaberhasil tambah koleksi poin kikis gap bagnaia urut empat klasemen angka apes timpa fb gegara kena tikung dilast lapsprint racemotogpportugal paksa bagnaia puas finis p toreh bagnaia sprint race finis p bikin tambah koleksi poin koleksi kejar olehpedro acostayang momentum apik rc ktm milik posisi nyaman rekan tim marc marquez lantar bagnaia ancam lorot p klasemen acosta salip baca jugahasil sprint race motogp portugal alex marquez menang rusak mimpi pedro acosta pecah telur suami domizia castagnini wajib bangkit hindar blunder songsong balap utama sirkuit portimao finis bezzecchi acosta wajib bagnaia buka kans p gusur posisi empat juang murid valentino rossi kampung halaman cristiano ronaldo lanjut balap utamamotogpportugal balap utama grand prixmotogpportugal dijawalkan gulir wib sabtu marc marquez alex marquez marco bezzecchi francesco bagnaia pedro acosta,Liga Spanyol,1,Liga Spanyol
"Klasemen Liga Italia: AC Milan Sikat AS Roma, 4 Besar Masih Panas","AC Milanmenjaga persainganSerie Atetap panas. Itu setelah Rossoneri menekukAS Roma, berikut updateklasemen Liga Italiadi pekan ke-10. Big match tersaji di pekan ke-10 Serie A saat Milan vs Roma digelar di San Siro, Senin (3/11/2025) dini hari WIB. Rossoneri menang 1-0 lewat gol tunggal Strahinja Pavlovic.  SCROLL TO CONTINUE WITH CONTENT Hasil itu membuat Milan masih menjaga posisinya dalam jalur persaingan juara. Tim asuhan Massimiliano Allegri kini mengemas 21 poin dari 10 laga di posisi ketiga klasemen liga Italia, naik satu peringkat dari pekan sebelumnya. Milan cuma di bawah Napoli (22) dan Inter Milan (21), yang di posisi tiga usai unggul selisih gol. Sementara Christian Pulisic dkk juga unggul selisih gol atas Roma, yang harus turun ke posisi 4 dengan 21 poin. Bologna, yang juga menang 3-1 atas Parma, naik ke peringkat 5klasemen Liga Italiadengan 18 poin. Juventus mengekor di posisi 6 dengan 18 poin, sementara Como turun ke posisi 7 dengan 17 poin. Udinese naik ke peringkat 8 dengan 15 poin, dan Cremonese (14) serta Sassuolo (13) turun ke posisi 9 dan 10. Klik di Sini untuk Update Klasemen Liga Italia",Detik,liga_italia,ac milanmenjaga persainganserie atetap panas rossoneri menekukas roma updateklasemen liga italiadi pekan big match saji pekan serie a mil vs roma gelar san siro senin wib rossoneri menang gol tunggal strahinja pavlovic scroll to continue with content hasil mil jaga posisi jalur saing juara tim asuh massimiliano allegri emas poin laga posisi tiga klasemen liga italia peringkat pekan mil napoli inter mil posisi unggul selisih gol christian pulisic dkk unggul selisih gol roma turun posisi poin bologna menang parma peringkat klasemen liga italiadengan poin juventus ekor posisi poin como turun posisi poin udinese peringkat poin cremonese sassuolo turun posisi klik update klasemen liga italia,ac milanmenjaga persainganserie atetap panas rossoneri menekukas roma updateklasemen liga italiadi pekan big match saji pekan serie a mil vs roma gelar san siro senin wib rossoneri menang gol tunggal strahinja pavlovic scroll to continue with content hasil mil jaga posisi jalur saing juara tim asuh massimiliano allegri emas poin laga posisi tiga klasemen liga italia peringkat pekan mil napoli inter mil posisi unggul selisih gol christian pulisic dkk unggul selisih gol roma turun posisi poin bologna menang parma peringkat klasemen liga italiadengan poin juventus ekor posisi poin como turun posisi poin udinese peringkat poin cremonese sassuolo turun posisi klik update klasemen liga italia,Liga Italia,1,Liga Italia
Kabar Farhan Halim setelah Dicoret dari Timnas Voli Indonesia: Masih Jadi Camat di Nagano Tridents,"Ringkasan Berita:Farhan Halim kembali menjadi cadangan tanpa menit bermain setelahVC Nagano Tridentskalah dari Tokyo Great Bears kemarinFarhan Halim tercoret dari skuad Timnas Voli Indonesia untukSEA Games 2025Pelatih Indonesia Jeff Jiang Jie menggantikanFarhan Halimdengan Jordan Michael SusantoTRIBUNNEWS.COM- KabarFarhan Halimsetelah tercoret dariTimnas Voli Putra Indonesiadari final skuad untukSEA Games 2025.Farhan Halimmasih menjadi ""camat"" alias cadangan mati.Secara mengejutkanFarhan Halimdicoret dari daftar 14 pemainTimnas Voli Putra Indonesiayang diberangkatkan keSEA Games 2025Thailand pada awal Desember mendatang.Pencoretan outside hitter kelahiran 26 April 2001 ini mengernyitkan alisvolimania Tanah Air. Sebab, Farhan merupakan salah satu hitter terbaik yang berkemampuan lengkap dimiliki Indonesia.Keputusan pelatih Timnas Voli Putra Indonesia Jeff Jiang Jie mencoret Farhan Halim tergolong berani, dan memilih Jordan Michael Susanto sebagai pengganti.SKUAD VOLI - Daftar skuad resmi Timnas Voli Putra Indonesia untuk SEA Games 2025 yang berlangsung di Thailand, awal Desember mendatang. Farhan Halim dicoret. (Instagram @indonesian_volleyball)Kendati demikian, pencoretan suami Dita Azizah ini jauh-jauh hari sudah diprediksi.Bahkan Jeff Jiang Jie sebelum pemusatan latihan atau TC di Sentul dimulai akhir Oktober lalu sudah mengatakan, bahwa dirinya tidak yakin klubFarhan Halimakan melepaskan untuk SEA Games.""Farhan bermain di Jepang dan sangat sulit baginya untuk pulang, bergabung dalam latihan,"" ucap Jiang Jie.""Jadi, kami mencoba untuk mendapatkan pemain lain untuk bergabung dengan tim,"" sambung pelatih berkebangsaan China.Perlu diketahui,Farhan Halimmenjadi satu-satunya pemain Timnas Voli Indonesia dipanggil untuk TC, yang berstatus abroad atau bermain di luar negeri.Saat ini Farhan bermain untukVC Nagano Tridents, klub yang bermain di kasta tertinggi pervolian Jepang atau SVLeague 2025/2026. Sebagai informasi,VC Nagano Tridentsjuga sempat dibela Rivan Nurmulki dan Doni Haryono.Sayangnya bersamaVC Nagano Tridents, Farhan juga kurang mendapatkan menit bermain. Bahkan bisa dikatakan camat alias cadangan mati.Bagaimana tidak, dari enam pertandingan yang sudah dilakoni Nagano,Farhan Halimbaru bermain satu kali. Itupun berstatus serve spesialis dalam laga menghadapi Osaka Blazers Sakai.Terbaru,Farhan Halimtidak diturunkan sama sekali saatVC Nagano Tridentsmenelan kekalahan pada matchday 5 dan 6 Liga Voli Jepang 2025/2026.Pada pertandingan yang berlangsung di Tokyo Great Bears, Jumat (7/11),VC Nagano Tridentsterkena reverse sweep dalam laga set penuh, 2-3 (26-24, 25-19, 17-25, 32-34, 10-15). Dalam laga ini Farhan halim hanya berada di area cadangan.Hal serupa juga terjadi saat Nagano bersua Tokyo Great Bears di kandang, Sabtu (8/11). TRIBUNNEWS.COM- KabarFarhan Halimsetelah tercoret dariTimnas Voli Putra Indonesiadari final skuad untukSEA Games 2025.Farhan Halimmasih menjadi ""camat"" alias cadangan mati. Secara mengejutkanFarhan Halimdicoret dari daftar 14 pemainTimnas Voli Putra Indonesiayang diberangkatkan keSEA Games 2025Thailand pada awal Desember mendatang. Pencoretan outside hitter kelahiran 26 April 2001 ini mengernyitkan alisvolimania Tanah Air. Sebab, Farhan merupakan salah satu hitter terbaik yang berkemampuan lengkap dimiliki Indonesia. Keputusan pelatih Timnas Voli Putra Indonesia Jeff Jiang Jie mencoret Farhan Halim tergolong berani, dan memilih Jordan Michael Susanto sebagai pengganti. Kendati demikian, pencoretan suami Dita Azizah ini jauh-jauh hari sudah diprediksi. Bahkan Jeff Jiang Jie sebelum pemusatan latihan atau TC di Sentul dimulai akhir Oktober lalu sudah mengatakan, bahwa dirinya tidak yakin klubFarhan Halimakan melepaskan untuk SEA Games. ""Farhan bermain di Jepang dan sangat sulit baginya untuk pulang, bergabung dalam latihan,"" ucap Jiang Jie. ""Jadi, kami mencoba untuk mendapatkan pemain lain untuk bergabung dengan tim,"" sambung pelatih berkebangsaan China. Perlu diketahui,Farhan Halimmenjadi satu-satunya pemain Timnas Voli Indonesia dipanggil untuk TC, yang berstatus abroad atau bermain di luar negeri. Saat ini Farhan bermain untukVC Nagano Tridents, klub yang bermain di kasta tertinggi pervolian Jepang atau SVLeague 2025/2026. Sebagai informasi,VC Nagano Tridentsjuga sempat dibela Rivan Nurmulki dan Doni Haryono. Sayangnya bersamaVC Nagano Tridents, Farhan juga kurang mendapatkan menit bermain. Bahkan bisa dikatakan camat alias cadangan mati. Bagaimana tidak, dari enam pertandingan yang sudah dilakoni Nagano,Farhan Halimbaru bermain satu kali. Itupun berstatus serve spesialis dalam laga menghadapi Osaka Blazers Sakai. Terbaru,Farhan Halimtidak diturunkan sama sekali saatVC Nagano Tridentsmenelan kekalahan pada matchday 5 dan 6 Liga Voli Jepang 2025/2026. Pada pertandingan yang berlangsung di Tokyo Great Bears, Jumat (7/11),VC Nagano Tridentsterkena reverse sweep dalam laga set penuh, 2-3 (26-24, 25-19, 17-25, 32-34, 10-15). Dalam laga ini Farhan halim hanya berada di area cadangan. Hal serupa juga terjadi saat Nagano bersua Tokyo Great Bears di kandang, Sabtu (8/11).",Tribun,liga_spanyol,ringkas beritafarhan halim cadang menit main setelahvc nagano tridentskalah tokyo great bears kemarinfarhan halim coret skuad timnas voli indonesia untuksea games latih indonesia jeff jiang jie menggantikanfarhan halimdengan jordan michael susantotribunnewscom kabarfarhan halimsetelah coret daritimnas voli putra indonesiadari final skuad untuksea games farhan halimmasih camat alias cadang matisecara mengejutkanfarhan halimdicoret daftar pemaintimnas voli putra indonesiayang berangkat kesea games thailand desember mendatangpencoretan outside hitter lahir april kernyit alisvolimania tanah air farhan salah hitter baik mampu lengkap milik indonesiakeputusan latih timnas voli putra indonesia jeff jiang jie coret farhan halim golong berani pilih jordan michael susanto penggantiskuad voli daftar skuad resmi timnas voli putra indonesia sea games thailand desember farhan halim coret instagram indonesianvolleyballkendati coret suami dita azizah jauhjauh diprediksibahkan jeff jiang jie pusat latih tc sentul oktober klubfarhan halimakan lepas sea gamesfarhan main jepang sulit bagi pulang gabung latih jiang jiejadi coba main gabung tim sambung latih bangsa chinaperlu diketahuifarhan halimmenjadi satusatunya main timnas voli indonesia panggil tc status abroad main negerisaat farhan main untukvc nagano tridents klub main kasta tinggi voli jepang svleague informasivc nagano tridentsjuga bela rivan nurmulki doni haryonosayangnya bersamavc nagano tridents farhan menit main camat alias cadang matibagaimana enam tanding lakon naganofarhan halimbaru main kali itu status serve spesialis laga hadap osaka blazers sakaiterbarufarhan halimtidak turun saatvc nagano tridentsmenelan kalah matchday liga voli jepang tanding tokyo great bears jumat vc nagano tridentsterkena reverse sweep laga set penuh laga farhan halim area cadanganhal nagano sua tokyo great bears kandang sabtu tribunnewscom kabarfarhan halimsetelah coret daritimnas voli putra indonesiadari final skuad untuksea games farhan halimmasih camat alias cadang mati mengejutkanfarhan halimdicoret daftar pemaintimnas voli putra indonesiayang berangkat kesea games thailand desember coret outside hitter lahir april kernyit alisvolimania tanah air farhan salah hitter baik mampu lengkap milik indonesia putus latih timnas voli putra indonesia jeff jiang jie coret farhan halim golong berani pilih jordan michael susanto ganti kendati coret suami dita azizah jauhjauh prediksi jeff jiang jie pusat latih tc sentul oktober klubfarhan halimakan lepas sea games farhan main jepang sulit bagi pulang gabung latih jiang jie coba main gabung tim sambung latih bangsa china diketahuifarhan halimmenjadi satusatunya main timnas voli indonesia panggil tc status abroad main negeri farhan main untukvc nagano tridents klub main kasta tinggi voli jepang svleague informasivc nagano tridentsjuga bela rivan nurmulki doni haryono sayang bersamavc nagano tridents farhan menit main camat alias cadang mati enam tanding lakon naganofarhan halimbaru main kali itu status serve spesialis laga hadap osaka blazers sakai terbarufarhan halimtidak turun saatvc nagano tridentsmenelan kalah matchday liga voli jepang tanding tokyo great bears jumat vc nagano tridentsterkena reverse sweep laga set penuh laga farhan halim area cadang nagano sua tokyo great bears kandang sabtu,ringkas beritafarhan halim cadang menit main setelahvc nagano tridentskalah tokyo great bears kemarinfarhan halim coret skuad timnas voli indonesia untuksea games latih indonesia jeff jiang jie menggantikanfarhan halimdengan jordan michael susantotribunnewscom kabarfarhan halimsetelah coret daritimnas voli putra indonesiadari final skuad untuksea games farhan halimmasih camat alias cadang matisecara mengejutkanfarhan halimdicoret daftar pemaintimnas voli putra indonesiayang berangkat kesea games thailand desember mendatangpencoretan outside hitter lahir april kernyit alisvolimania tanah air farhan salah hitter baik mampu lengkap milik indonesiakeputusan latih timnas voli putra indonesia jeff jiang jie coret farhan halim golong berani pilih jordan michael susanto penggantiskuad voli daftar skuad resmi timnas voli putra indonesia sea games thailand desember farhan halim coret instagram indonesianvolleyballkendati coret suami dita azizah jauhjauh diprediksibahkan jeff jiang jie pusat latih tc sentul oktober klubfarhan halimakan lepas sea gamesfarhan main jepang sulit bagi pulang gabung latih jiang jiejadi coba main gabung tim sambung latih bangsa chinaperlu diketahuifarhan halimmenjadi satusatunya main timnas voli indonesia panggil tc status abroad main negerisaat farhan main untukvc nagano tridents klub main kasta tinggi voli jepang svleague informasivc nagano tridentsjuga bela rivan nurmulki doni haryonosayangnya bersamavc nagano tridents farhan menit main camat alias cadang matibagaimana enam tanding lakon naganofarhan halimbaru main kali itu status serve spesialis laga hadap osaka blazers sakaiterbarufarhan halimtidak turun saatvc nagano tridentsmenelan kalah matchday liga voli jepang tanding tokyo great bears jumat vc nagano tridentsterkena reverse sweep laga set penuh laga farhan halim area cadanganhal nagano sua tokyo great bears kandang sabtu tribunnewscom kabarfarhan halimsetelah coret daritimnas voli putra indonesiadari final skuad untuksea games farhan halimmasih camat alias cadang mati mengejutkanfarhan halimdicoret daftar pemaintimnas voli putra indonesiayang berangkat kesea games thailand desember coret outside hitter lahir april kernyit alisvolimania tanah air farhan salah hitter baik mampu lengkap milik indonesia putus latih timnas voli putra indonesia jeff jiang jie coret farhan halim golong berani pilih jordan michael susanto ganti kendati coret suami dita azizah jauhjauh prediksi jeff jiang jie pusat latih tc sentul oktober klubfarhan halimakan lepas sea games farhan main jepang sulit bagi pulang gabung latih jiang jie coba main gabung tim sambung latih bangsa china diketahuifarhan halimmenjadi satusatunya main timnas voli indonesia panggil tc status abroad main negeri farhan main untukvc nagano tridents klub main kasta tinggi voli jepang svleague informasivc nagano tridentsjuga bela rivan nurmulki doni haryono sayang bersamavc nagano tridents farhan menit main camat alias cadang mati enam tanding lakon naganofarhan halimbaru main kali itu status serve spesialis laga hadap osaka blazers sakai terbarufarhan halimtidak turun saatvc nagano tridentsmenelan kalah matchday liga voli jepang tanding tokyo great bears jumat vc nagano tridentsterkena reverse sweep laga set penuh laga farhan halim area cadang nagano sua tokyo great bears kandang sabtu,Liga Spanyol,1,Liga Spanyol
"Union Berlin Vs Bayern: Imbang 2-2, Laju Sempurna Die Roten Terhenti","Rentetan kemenanganBayern Munichdi musim 2025/2026 terhenti di tanganUnion Berlin. Bayern harus puas dengan hasil seri 2-2 usai dua kali tertinggal. LagaUnion Berlin vs Bayerndi pekan ke-10Bundesligadigelar di Stadion An der Alten Forsterei, Berlin, Sabtu (8/11/2025) malam WIB. Bayern datang dengan catatan 16 kemenangan beruntun di semua kompetisi sejak awal musim. Union Berlin sempat menjebol gawang Bayern pada menit kesembilan lewat sundulan Ilyas Ansah usai memanfaatkan sepak pojok. Namun, setelah mengecek VAR, wasit menganulir gol tersebut karena offside. SCROLL TO CONTINUE WITH CONTENT Gawang Bayern akhirnya benar-benar bobol pada menit ke-27. Berawal dari sepak pojok Janik Haberer, Danilho Doekhi yang ada di kotak penalti lantas melepaskan tembakan mendatar. Kiper Bayern Manuel Neuer gagal menangkap dengan sempurna dan bola masuk ke gawang.  Bayern mencetak gol balasan pada menit ke-38 lewat Luis Diaz. Dari sudut sempit di sisi kiri kotak penalti Union Berlin, Luis Diaz melepaskan tembakan dengan kanannya. Luis Diaz menyia-nyiakan sebuah peluang bagus pada menit ke-45. Meski tinggal menghadapi kiper Union Berlin, Luis Diaz gagal mengarahkan sepakannya ke gawang. Pada injury time, Harry Kane sempat membobol gawang Union Berlin. Namun, gol tidak disahkan wasit karena Kane lebih dulu berada dalam posisi offside. Union Berlin kembali memimpin pada menit ke-83. Danilho Doekhi menyambar bola rebound untuk menjebol gawang Neuer.  Bayern lantas selamat dari kekalahan berkat gol Kane pada injury time. Kane menanduk bola umpan silang Tom Bischof untuk mengubah skor menjadi 2-2. Dengan hasil ini, Bayern masih nyaman di puncak klasemen Liga Jerman dengan 28 poin dari 10 laga. Sementara Union Berlin ada di urutan ke-10 dengan 12 poin. Susunan Pemain Union Berlin: Ronnow, Haberer (Juranovic 70'), Doekhi, Querfeld, Diogo Leite, Rothe (Kohn 78'), Burke (Jeong 78'), Khedira, Kemlein (Kral 70'), Schafer, Ansah (Skarke 78') Bayern Munich: Neuer, Laimer (Bischof 80'), Upamecano, Tah, Stanisic, Kimmich, Goretzka (Pavlovic 80'), Olise, Gnabry (Karl 59'), Luis Diaz, Kane",Detik,liga_inggris,rentet kemenanganbayern munichdi musim henti tanganunion lin bayern puas hasil seri kali tinggal lagaunion lin vs bayerndi pekan kebundesligadigelar stadion an der alten forsterei lin sabtu malam wib bayern catat menang untun kompetisi musim union lin jebol gawang bayern menit sembilan sundul ilyas ansah manfaat sepak pojok ecek var wasit anulir gol offside scroll to continue with content gawang bayern benarbenar bobol menit sepak pojok janik haberer danilho doekhi kotak penalti lantas lepas tembak datar kiper bayern manuel neuer gagal tangkap sempurna bola masuk gawang bayern cetak gol balas menit luis diaz sudut sempit sisi kiri kotak penalti union lin luis diaz lepas tembak kanan luis diaz menyianyiakan peluang bagus menit tinggal hadap kiper union lin luis diaz gagal arah pakan gawang injury time harry kane bobol gawang union lin gol sah wasit kane posisi offside union lin pimpin menit danilho doekhi sambar bola rebound jebol gawang neuer bayern lantas selamat kalah berkat gol kane injury time kane tanduk bola umpan silang tom bischof ubah skor hasil bayern nyaman puncak klasemen liga jerman poin laga union lin urut poin susun main union lin ronnow haberer juranovic doekhi querfeld diogo leite rothe kohn burke jeong khedira kemlein kral schafer ansah skarke bayern munich neuer laimer bischof upamecano tah stanisic kimmich goretzka pavlovic olise gnabry karl luis diaz kane,rentet kemenanganbayern munichdi musim henti tanganunion lin bayern puas hasil seri kali tinggal lagaunion lin vs bayerndi pekan kebundesligadigelar stadion an der alten forsterei lin sabtu malam wib bayern catat menang untun kompetisi musim union lin jebol gawang bayern menit sembilan sundul ilyas ansah manfaat sepak pojok ecek var wasit anulir gol offside scroll to continue with content gawang bayern benarbenar bobol menit sepak pojok janik haberer danilho doekhi kotak penalti lantas lepas tembak datar kiper bayern manuel neuer gagal tangkap sempurna bola masuk gawang bayern cetak gol balas menit luis diaz sudut sempit sisi kiri kotak penalti union lin luis diaz lepas tembak kanan luis diaz menyianyiakan peluang bagus menit tinggal hadap kiper union lin luis diaz gagal arah pakan gawang injury time harry kane bobol gawang union lin gol sah wasit kane posisi offside union lin pimpin menit danilho doekhi sambar bola rebound jebol gawang neuer bayern lantas selamat kalah berkat gol kane injury time kane tanduk bola umpan silang tom bischof ubah skor hasil bayern nyaman puncak klasemen liga jerman poin laga union lin urut poin susun main union lin ronnow haberer juranovic doekhi querfeld diogo leite rothe kohn burke jeong khedira kemlein kral schafer ansah skarke bayern munich neuer laimer bischof upamecano tah stanisic kimmich goretzka pavlovic olise gnabry karl luis diaz kane,Liga Inggris,1,Liga Inggris
FIFA Matchday: Timnas U-23 Proyeksi SEA Games Uji Coba 2 Kali Lawan Mali,"Timnas Indonesia U-23proyeksiSEA Games 2025akan mengisi slot FIFA Matchday Bulan November. PSSI memilih Mali sebagai lawan uji tanding sebanyak dua kali. Lantaran timnas senior sedang tidak punya pelatih, PSSI menetapkanTimnas U-23yang akan menjalani FIFA Matchday bulan ini. Bagi Timnas U-23 kesempatan ini bak menyelam sambil minum air. Uji coba ini akan digelar sebanyak dua kali di Stadion Pakansari pada 15 dan 18 November. Sebanyak 30 pemain dipanggil untuk menjalani dua laga ini. SCROLL TO CONTINUE WITH CONTENT  ""PSSI memastikan bahwa Timnas U-23 akan melawan Mali U-23 sebanyak dua kali pada tanggal 15 dan 18 November ini di Stadion Pakansari dengan kick off pukul 20.00 WIB. Tim Mali akan datang ke Indonesia pada tanggal 13 November,"" kata Sekjen PSSI Yunus Nusi, dalam pernyataannya. ""Untuk penjualan tiket dua pertandingan ini, kami akan segera menginformasikannya. Semoga dua uji coba internasional ini membuat Timnas U-23 semakin matang dan solid jelang bertanding di SEA Games 2025 mendatang,"" ujarnya menambahkan. Sebelumnya pada tanggal 10 dan 13 Oktober lalu, Garuda Muda sudah melakoni dua laga uji coba internasional melawan India di Stadion Madya, Jakarta.  Laga melawanMalisekaligus bisa menjadi kesempatan terakhir buat pelatih Timnas U-23 Indra Sjafri untuk memilih skuad final. Karena masih ada 30 pemain, ia harus mencoret tujuh orang agar menyisakan 23 pemain. Tanggal 15 dan 18 November 2025 Pukul 20.00 WIB di Stadion Pakansari, Kabupaten Bogor.",Detik,liga_indonesia,timnas indonesia uproyeksisea games isi slot fifa matchday november pssi pilih mal lawan uji tanding kali lantar timnas senior latih pssi menetapkantimnas uyang jalan fifa matchday timnas u sempat bak selam minum air uji coba gelar kali stadion pakansari november main panggil jalan laga scroll to continue with content pssi timnas u lawan mal u kali tanggal november stadion pakansari kick off wib tim mal indonesia tanggal november sekjen pssi yunus nus nyata jual tiket tanding informasi moga uji coba internasional timnas u matang solid jelang tanding sea games tanggal oktober garuda muda lakon laga uji coba internasional lawan india stadion madya jakarta laga melawanmalisekaligus sempat latih timnas u indra sjafri pilih skuad final main coret tujuh orang sisa main tanggal november wib stadion pakansari kabupaten bogor,timnas indonesia uproyeksisea games isi slot fifa matchday november pssi pilih mal lawan uji tanding kali lantar timnas senior latih pssi menetapkantimnas uyang jalan fifa matchday timnas u sempat bak selam minum air uji coba gelar kali stadion pakansari november main panggil jalan laga scroll to continue with content pssi timnas u lawan mal u kali tanggal november stadion pakansari kick off wib tim mal indonesia tanggal november sekjen pssi yunus nus nyata jual tiket tanding informasi moga uji coba internasional timnas u matang solid jelang tanding sea games tanggal oktober garuda muda lakon laga uji coba internasional lawan india stadion madya jakarta laga melawanmalisekaligus sempat latih timnas u indra sjafri pilih skuad final main coret tujuh orang sisa main tanggal november wib stadion pakansari kabupaten bogor,Liga Indonesia,1,Liga Indonesia
"Jadwal MotoGP Portugal 2025 Hari Ini, Race Alex Marquez Cs Mulai Pukul 20.00 WIB Live Trans7","Ringkasan Berita:Jadwal raceMotoGPPortugal 2025 hari ini, Minggu (9/11/2025) mulai pukul 16.40 WIB untuk sesi pemanasan.Race Pecco Badnaia cs dijadwalkan pukul 20.00 WIB sebanyak 25 putaran Algarve International CircuitStarting Grid dan klasemenMotoGP2025 tersedia dalam artikel ini, Adik Marc Marquez incar kemenangan.TRIBUNNEWS.COM- JadwalMotoGPPortugal 2025 di Algarve International Circuit hari ini, Minggu (9/11/2025) dimulai pukul 16.40 WIB untuk sesi warm-up rider kelas utama.Main race atau balapan utama para riderMotoGP2025 dijadwalkan mulai pukul 20.00 WIB, setelah sesi Moto2 yang berlangsung sebanyak 21 putaran.Ada perubahan yang akan terjadi pada starting grid MotoGP Portugal 2025 hari ini setelah insiden kecelakaan Raul Fernandez pada sesi Latihan Bebas (FP) 2 kemarin.Ekspresi Raul Fernandez rider besutan Trackhouse Aprilia ketika mendapat posisi ketiga Starting Grid MotoGP Jerman 2024. (Instragam @raulfernandez_25)Fernandez tidak dapat melanjutkan sesi setelah itu, ia bahkan harus undur diri dari sesi balapan akhir pekan ini.Pembalap yang akan memulai balapan di grid malam ini sejumlah 21 dari 22 rider secara keseluruhan.Raul Fernandez tidak ambil bagian dalam kualifikasi, jadi susunan gridnya sama seperti kualifikasi pertama dan kedua.Marco Bezzecchi berada di posisi terdepan, diikuti oleh Pedro Acosta, dan Fabio Quartararo dari line pertama.Pecco Bagnaia memimpin baris kedua di depan pemenang Sprint RaceMotoGPPortugal 2025 kemarin,Alex Marquez, dan Johann Zarco.Lalu diikuti oleh Joan Mir, Jack Miller, serta Fabio Di Giannantonio pada baris ketiga.TekadAlex MarquezPemenang Sprint RaceMotoGPPortugal 2025 tak ingin mengulang kesalahan yang sama pada race nanti malam.Pada sesi sprint kemarin, dalam beberapa momenAlex Marquezmerasakan melambat di lintasan dan ada ketidakseimbangan ban depan sehingga membuatnya tidak nyaman.Karena itu, adik Marc Marquez tersebut terlibat persaingan ketat dengan Pedro Acosta yang harus ditentukan hingga putaran terakhir.""Saya mengawali dengan sangat baik, dan ketika saya berada di belakang mereka, saya menyadari bahwa saya punya sesuatu yang lebih,"" kata Alex ketika memulai sesi sprint dari urutan kelima dikutip dari Crash.""Rencana saya adalah menyalip di tikungan terakhir sebelum yang pertama. Saya selalu memiliki kemampuan berkendara yang baik di sana, dengan Honda dan Ducati,"" sambungnya.  TRIBUNNEWS.COM- JadwalMotoGPPortugal 2025 di Algarve International Circuit hari ini, Minggu (9/11/2025) dimulai pukul 16.40 WIB untuk sesi warm-up rider kelas utama. Main race atau balapan utama para riderMotoGP2025 dijadwalkan mulai pukul 20.00 WIB, setelah sesi Moto2 yang berlangsung sebanyak 21 putaran. Ada perubahan yang akan terjadi pada starting grid MotoGP Portugal 2025 hari ini setelah insiden kecelakaan Raul Fernandez pada sesi Latihan Bebas (FP) 2 kemarin. Fernandez tidak dapat melanjutkan sesi setelah itu, ia bahkan harus undur diri dari sesi balapan akhir pekan ini. Pembalap yang akan memulai balapan di grid malam ini sejumlah 21 dari 22 rider secara keseluruhan. Raul Fernandez tidak ambil bagian dalam kualifikasi, jadi susunan gridnya sama seperti kualifikasi pertama dan kedua. Marco Bezzecchi berada di posisi terdepan, diikuti oleh Pedro Acosta, dan Fabio Quartararo dari line pertama. Pecco Bagnaia memimpin baris kedua di depan pemenang Sprint RaceMotoGPPortugal 2025 kemarin,Alex Marquez, dan Johann Zarco. Lalu diikuti oleh Joan Mir, Jack Miller, serta Fabio Di Giannantonio pada baris ketiga. Pemenang Sprint RaceMotoGPPortugal 2025 tak ingin mengulang kesalahan yang sama pada race nanti malam. Pada sesi sprint kemarin, dalam beberapa momenAlex Marquezmerasakan melambat di lintasan dan ada ketidakseimbangan ban depan sehingga membuatnya tidak nyaman. Karena itu, adik Marc Marquez tersebut terlibat persaingan ketat dengan Pedro Acosta yang harus ditentukan hingga putaran terakhir. ""Saya mengawali dengan sangat baik, dan ketika saya berada di belakang mereka, saya menyadari bahwa saya punya sesuatu yang lebih,"" kata Alex ketika memulai sesi sprint dari urutan kelima dikutip dari Crash. ""Rencana saya adalah menyalip di tikungan terakhir sebelum yang pertama. Saya selalu memiliki kemampuan berkendara yang baik di sana, dengan Honda dan Ducati,"" sambungnya.",Tribun,liga_spanyol,ringkas beritajadwal racemotogpportugal minggu wib sesi pemanasanrace pecco badnaia cs jadwal wib putar algarve international circuitstarting grid klasemenmotogp sedia artikel adik marc marquez incar kemenangantribunnewscom jadwalmotogpportugal algarve international circuit minggu wib sesi warmup rider kelas utamamain race balap utama ridermotogp jadwal wib sesi moto putaranada ubah starting grid motogp portugal insiden celaka raul fernandez sesi latih bebas fp kemarinekspresi raul fernandez rider besut trackhouse aprilia posisi tiga starting grid motogp jerman instragam raulfernandezfernandez lanjut sesi undur sesi balap pekan inipembalap balap grid malam rider keseluruhanraul fernandez ambil kualifikasi susun gridnya kualifikasi keduamarco bezzecchi posisi depan ikut pedro acosta fabio quartararo line pertamapecco bagnaia pimpin baris menang sprint racemotogpportugal kemarinalex marquez johann zarcolalu ikut joan mir jack miller fabio giannantonio baris ketigatekadalex marquezpemenang sprint racemotogpportugal ulang salah race malampada sesi sprint kemarin momenalex marquezmerasakan lambat lintas ketidakseimbangan ban buat nyamankarena adik marc marquez libat saing ketat pedro acosta tentu putar terakhirsaya awal sadar alex sesi sprint urut kutip crashrencana salip tikung milik mampu kendara honda ducati sambung tribunnewscom jadwalmotogpportugal algarve international circuit minggu wib sesi warmup rider kelas utama main race balap utama ridermotogp jadwal wib sesi moto putar ubah starting grid motogp portugal insiden celaka raul fernandez sesi latih bebas fp kemarin fernandez lanjut sesi undur sesi balap pekan balap balap grid malam rider raul fernandez ambil kualifikasi susun gridnya kualifikasi marco bezzecchi posisi depan ikut pedro acosta fabio quartararo line pecco bagnaia pimpin baris menang sprint racemotogpportugal kemarinalex marquez johann zarco ikut joan mir jack miller fabio giannantonio baris tiga menang sprint racemotogpportugal ulang salah race malam sesi sprint kemarin momenalex marquezmerasakan lambat lintas ketidakseimbangan ban buat nyaman adik marc marquez libat saing ketat pedro acosta tentu putar awal sadar alex sesi sprint urut kutip crash rencana salip tikung milik mampu kendara honda ducati sambung,ringkas beritajadwal racemotogpportugal minggu wib sesi pemanasanrace pecco badnaia cs jadwal wib putar algarve international circuitstarting grid klasemenmotogp sedia artikel adik marc marquez incar kemenangantribunnewscom jadwalmotogpportugal algarve international circuit minggu wib sesi warmup rider kelas utamamain race balap utama ridermotogp jadwal wib sesi moto putaranada ubah starting grid motogp portugal insiden celaka raul fernandez sesi latih bebas fp kemarinekspresi raul fernandez rider besut trackhouse aprilia posisi tiga starting grid motogp jerman instragam raulfernandezfernandez lanjut sesi undur sesi balap pekan inipembalap balap grid malam rider keseluruhanraul fernandez ambil kualifikasi susun gridnya kualifikasi keduamarco bezzecchi posisi depan ikut pedro acosta fabio quartararo line pertamapecco bagnaia pimpin baris menang sprint racemotogpportugal kemarinalex marquez johann zarcolalu ikut joan mir jack miller fabio giannantonio baris ketigatekadalex marquezpemenang sprint racemotogpportugal ulang salah race malampada sesi sprint kemarin momenalex marquezmerasakan lambat lintas ketidakseimbangan ban buat nyamankarena adik marc marquez libat saing ketat pedro acosta tentu putar terakhirsaya awal sadar alex sesi sprint urut kutip crashrencana salip tikung milik mampu kendara honda ducati sambung tribunnewscom jadwalmotogpportugal algarve international circuit minggu wib sesi warmup rider kelas utama main race balap utama ridermotogp jadwal wib sesi moto putar ubah starting grid motogp portugal insiden celaka raul fernandez sesi latih bebas fp kemarin fernandez lanjut sesi undur sesi balap pekan balap balap grid malam rider raul fernandez ambil kualifikasi susun gridnya kualifikasi marco bezzecchi posisi depan ikut pedro acosta fabio quartararo line pecco bagnaia pimpin baris menang sprint racemotogpportugal kemarinalex marquez johann zarco ikut joan mir jack miller fabio giannantonio baris tiga menang sprint racemotogpportugal ulang salah race malam sesi sprint kemarin momenalex marquezmerasakan lambat lintas ketidakseimbangan ban buat nyaman adik marc marquez libat saing ketat pedro acosta tentu putar awal sadar alex sesi sprint urut kutip crash rencana salip tikung milik mampu kendara honda ducati sambung,Liga Spanyol,1,Liga Spanyol
Cristiano Ronaldo Plin-plan soal Piala Dunia?,"Cristiano Ronaldodinilai plin-plan soal Piala Dunia. Pernah sebut memenangi trofi itu adalah mimpi terbesar, tapi kini sepertinya tidak lagi. Dalam wawancara dengan Piers Morgan di akun Youtube pribadi milik Cristiano Ronaldo, CR7 menjawab pertanyaan soal kariernya, rencana pensiun, sampai terdekat Piala Dunia 2026.  SCROLL TO CONTINUE WITH CONTENT Timnas Portugalselangkah lagi lolos kePiala Dunia 2026.Mereka sedang jalani Kualifikasi Zona Eropa dan butuh satu dari dua laga lagi kontra Irlandia dan Armenia pada November nanti. Titel Piala Dunia belum pernah masuk lemariCristiano Ronaldo.Akankah CR7 berambisi memenanginya di tahun depan? Sekaligus tentu, mengukuhkan gelar GOAT (Greatest of All Time)? ""Jika Anda bertanya kepadaku, Cristiano, apakah memenangkan Piala Dunia adalah sebuah mimpi? Tidak, itu bukan mimpi,"" kata Ronaldo. ""Mendefinisikan apa? Mendefinisikan apakah aku salah satu yang terbaik dalam sejarah, memenangkan satu turnamen (yang hanya terdiri dari) enam pertandingan, tujuh pertandingan. Menurut Anda itu adil?"" sambung pemain berusia 40 tahun itu.  Di Piala Dunia 2022 kemarin setelah Timnas Portugal dikalahkan Maroko di perempatfinal,Cristiano Ronaldotampak terpukul. Tangisnya pecah ketika timnya tersingkir. Ditambah, pelatih Portugal saat itu yakni Fernando Santos mencadangkan Ronaldo di beberapa laga sepanjang turnamen. CR7 pun harus mengalah dan menghangatkan bangku cadangan. Selepas Portugal tersingkir, Ronaldo menulis kata-kata sedih di sosmed pribadinya. Ronaldo ungkap, mimpi terbesarnya adalah bawa Portugal raih titel Piala Dunia. ""Memenangkan Piala Dunia untuk Portugal adalah impian terbesar dan terambisius dalam karieku. Aku berjuang untuk itu. Aku berjuang keras untuk mimpi itu. Dalam lima edisi Piala Dunia yang aku ikuti selama 16 tahun, selalu bersama para pemain hebat dan didukung oleh jutaan rakyat Portugal, aku memberikan segalanya. Aku memberikan segalanya di lapangan. Aku tidak pernah takut berjuang dan tidak pernah menyerah untuk mimpi itu,"" tulisnya.  Ronaldo sudah persembahkan titel juara Piala Eropa dan dua kali menangi UEFA Nations League buatTimnas Portugal.AkankahPiala Dunia 2026nanti jadi panggung terakhirnya bersama A Selecao? Atas perkataan terbaru Ronaldo, dirinya dicap plin-plan oleh banyak penggemar sepakbola. Duh...",Detik,liga_inggris,cristiano ronaldodinilai plinplan piala dunia tang trofi mimpi besar wawancara piers morgan akun youtube pribadi milik cristiano ronaldo cr karier rencana pensiun dekat piala dunia scroll to continue with content timnas portugalselangkah lolos piala dunia jalan kualifikasi zona eropa butuh laga kontra irlandia armenia november titel piala dunia masuk lemaricristiano ronaldoakankah cr ambisi menang kukuh gelar goat greatest of all time kepada cristiano menang piala dunia mimpi mimpi ronaldo definisi definisi salah baik sejarah menang turnamen enam tanding tujuh tanding adil sambung main usia piala dunia kemarin timnas portugal kalah maroko perempatfinalcristiano ronaldotampak pukul tangis pecah tim singkir tambah latih portugal fernando santos cadang ronaldo laga turnamen cr kalah hangat bangku cadang lepas portugal singkir ronaldo tulis katakata sedih sosmed pribadi ronaldo mimpi besar bawa portugal raih titel piala dunia menang piala dunia portugal impi besar ambisius karieku juang juang keras mimpi edisi piala dunia ikut main hebat dukung juta rakyat portugal lapang takut juang serah mimpi tulis ronaldo sembah titel juara piala eropa kali tang uefa nations league buattimnas portugalakankahpiala dunia panggung akhir a selecao kata baru ronaldo cap plinplan gemar sepakbola duh,cristiano ronaldodinilai plinplan piala dunia tang trofi mimpi besar wawancara piers morgan akun youtube pribadi milik cristiano ronaldo cr karier rencana pensiun dekat piala dunia scroll to continue with content timnas portugalselangkah lolos piala dunia jalan kualifikasi zona eropa butuh laga kontra irlandia armenia november titel piala dunia masuk lemaricristiano ronaldoakankah cr ambisi menang kukuh gelar goat greatest of all time kepada cristiano menang piala dunia mimpi mimpi ronaldo definisi definisi salah baik sejarah menang turnamen enam tanding tujuh tanding adil sambung main usia piala dunia kemarin timnas portugal kalah maroko perempatfinalcristiano ronaldotampak pukul tangis pecah tim singkir tambah latih portugal fernando santos cadang ronaldo laga turnamen cr kalah hangat bangku cadang lepas portugal singkir ronaldo tulis katakata sedih sosmed pribadi ronaldo mimpi besar bawa portugal raih titel piala dunia menang piala dunia portugal impi besar ambisius karieku juang juang keras mimpi edisi piala dunia ikut main hebat dukung juta rakyat portugal lapang takut juang serah mimpi tulis ronaldo sembah titel juara piala eropa kali tang uefa nations league buattimnas portugalakankahpiala dunia panggung akhir a selecao kata baru ronaldo cap plinplan gemar sepakbola duh,Liga Inggris,1,Liga Inggris
Kiper Selangor Menangis Usai Blunder yang Bikin Persib Menang,"KiperSelangorFC, Sikh Izhan, menangis usai bikin blunder yang membuatPersib Bandungmenang 3-2. Blunder Izhan bikin Gergasi Merah tersingkir dariAFC Champions League 2. Persib Bandung melakukan comeback luar biasa untuk menang 3-2 di kandang Selangor FC, MBPJ Stadium, pada match day keempat Grup G AFC Champions League 2, Kamis (6/11/2025). Maung Bandung tertinggal dua gol saat babak pertama tuntas. Tuan rumah bikin gol lewat Chrigor di menit ke-3 dan bunuh diri Patrico Matricardi di menit ke-17. SCROLL TO CONTINUE WITH CONTENT Persib bangkit bikin tiga gol selepas jeda. Andrew Jung memperkecil ketinggalan Persib di menit ke-48. Adam Alis kemudian menjadi pahlawan kemenangan Persib. Ia bikin dua gol di ke-81 dan 90+7 untuk memastikan kemenangan Pangeran Biru. Gol penentu kemenangan Persib lahir berawal dari kesalahan kiper Selangor Sikh Izhan. Izhan tak tenang saat mendapatkan bola backpass. Ia berusaha langsung menyapu bola tapi bola tak tepat mengenai kakinya. Bola justru mengarah ke depan membentur Adam yang melakukan pressing. Bola kemudian memantul masuk ke gawang Selangor. Izhan tampak begitu terpukul usai melakukan blunder. Ia langsung tersujud lemas lalu dan kemudian tampak menangis. JARINGAN KEMENANGAN ADAM ALIS!Comeback dilengkapkan oleh Persib Bandung di MBPJ selepas kesilapan sekali lagi dari Selangor!Selangor sah tersingkir selepas 0 mata dari 4 perlawanan di ACL2.#ACL2pic.twitter.com/vtgcZFiXOT   Para pemain Selangor berusaha menenangkan dan menyemangati Izhan. Namun, Izhan tampak masih menangis hingga saat meninggalkan lapangan ketika laga usai. Blunder ini mencoreng penampilan Izhan yang tampil apik sepanjang laga. Ia mampu dua kali melakukan penyelamatan krusial membendung serangan Persib. Izhan layak sangat terpukul karena blundernya ini membuat Selangor dipastikan tersingkir dari ACL 2. Selangor di posisi juru kunci Grup F dengan belum meraih angka dengan sisa dua laga. Sementara, Persib semakin kukuh di puncak Grup G dengan sepuluh poin. Pasukan Bojan Hodak hanya butuh satu angka lagi untuk memastikan melaju ke 16 besar.",Detik,liga_indonesia,kiperselangorfc sikh izhan menang bikin blunder membuatpersib bandungmenang blunder izhan bikin gergasi merah singkir dariafc champions league persib bandung comeback menang kandang selangor fc mbpj stadium match day empat grup g afc champions league kamis maung bandung tinggal gol babak tuntas tuan rumah bikin gol chrigor menit bunuh patrico matricardi menit scroll to continue with content persib bangkit bikin gol lepas jeda andrew jung kecil tinggal persib menit adam alis pahlawan menang persib bikin gol menang pangeran biru gol tentu menang persib lahir salah kiper selangor sikh izhan izhan tenang bola backpass usaha langsung sapu bola bola kaki bola arah bentur adam pressing bola pantul masuk gawang selangor izhan pukul blunder langsung sujud lemas menang jaring menang adam aliscomeback lengkap persib bandung mbpj lepas silap selangorselangor sah singkir lepas mata lawan aclaclpictwittercomvtgczfixot main selangor usaha tenang semangat izhan izhan menang tinggal lapang laga blunder coreng tampil izhan tampil apik laga kali selamat krusial bendung serang persib izhan layak pukul blundernya selangor singkir acl selangor posisi juru kunci grup f raih angka sisa laga persib kukuh puncak grup g puluh poin pasu bojan hodak butuh angka laju,kiperselangorfc sikh izhan menang bikin blunder membuatpersib bandungmenang blunder izhan bikin gergasi merah singkir dariafc champions league persib bandung comeback menang kandang selangor fc mbpj stadium match day empat grup g afc champions league kamis maung bandung tinggal gol babak tuntas tuan rumah bikin gol chrigor menit bunuh patrico matricardi menit scroll to continue with content persib bangkit bikin gol lepas jeda andrew jung kecil tinggal persib menit adam alis pahlawan menang persib bikin gol menang pangeran biru gol tentu menang persib lahir salah kiper selangor sikh izhan izhan tenang bola backpass usaha langsung sapu bola bola kaki bola arah bentur adam pressing bola pantul masuk gawang selangor izhan pukul blunder langsung sujud lemas menang jaring menang adam aliscomeback lengkap persib bandung mbpj lepas silap selangorselangor sah singkir lepas mata lawan aclaclpictwittercomvtgczfixot main selangor usaha tenang semangat izhan izhan menang tinggal lapang laga blunder coreng tampil izhan tampil apik laga kali selamat krusial bendung serang persib izhan layak pukul blundernya selangor singkir acl selangor posisi juru kunci grup f raih angka sisa laga persib kukuh puncak grup g puluh poin pasu bojan hodak butuh angka laju,Liga Indonesia,1,Liga Indonesia
Sunderland Vs Arsenal: Laga Emosional untuk Xhaka,"GelandangSunderland,Granit Xhaka, harus berhadapan denganArsenalpada akhir pekan ini. Laga tersebut bakal menjadi sangat emosional untuk pemain berusia 33 tahun tersebut. Xhaka menghabiskan waktu tujuh musim bersama Arsenal. Dia kemudian pindah ke Bayer Leverkusen selama dua musim. Sunderland kemudian memboyong Xhaka pada musim panas 2025. Pemain asal Swiss itu menjelma menjadi andalan tim di lini tengah dan juga menjadi kapten. SCROLL TO CONTINUE WITH CONTENT  Sunderland menjamu Arsenal di Stadium of Light dalam lanjutan Liga Inggris, Minggu (9/11/2025) dini hari WIB. Xhaka menganggap laga ini bakal sangat emosional untuknya. ""Kami tahu kualitas yang dimiliki Arsenal. Ini akan menjadi pertandingan yang emosional bagi saya - saya menjalani tujuh tahun yang luar biasa di sana. Saya masih berhubungan dengan banyak pemain, dengan staf pelatih,"" kata Xhaka yang dikutip dari situs resmi Sunderland. ""Bermain melawan mereka di Sunderland, tentu saja, sangat istimewa. Semoga saya juga bisa menikmatinya dan mari kita lihat siapa tim yang lebih baik pada hari ini,"" sambungnya. Xhaka mencatatkan 297 laga bersama Arsenal di semua ajang. Dia mengangkat dua trofi Piala FA dan Community Shiled.",Detik,liga_inggris,gelandangsunderlandgranit xhaka hadap denganarsenalpada pekan laga emosional main usia xhaka habis tujuh musim arsenal pindah bayer leverkusen musim sunderland boyong xhaka musim panas main swiss jelma andal tim lini kapten scroll to continue with content sunderland jamu arsenal stadium of light lanjut liga inggris minggu wib xhaka anggap laga emosional untuk kualitas milik arsenal tanding emosional jalan tujuh hubung main staf latih xhaka kutip situs resmi sunderland main lawan sunderland istimewa moga nikmat mari lihat tim sambung xhaka catat laga arsenal ajang angkat trofi piala fa community shiled,gelandangsunderlandgranit xhaka hadap denganarsenalpada pekan laga emosional main usia xhaka habis tujuh musim arsenal pindah bayer leverkusen musim sunderland boyong xhaka musim panas main swiss jelma andal tim lini kapten scroll to continue with content sunderland jamu arsenal stadium of light lanjut liga inggris minggu wib xhaka anggap laga emosional untuk kualitas milik arsenal tanding emosional jalan tujuh hubung main staf latih xhaka kutip situs resmi sunderland main lawan sunderland istimewa moga nikmat mari lihat tim sambung xhaka catat laga arsenal ajang angkat trofi piala fa community shiled,Liga Inggris,1,Liga Inggris
"Gladbach Kalahkan Koln 3-1, Kevin Diks Cetak Gol Perdana di Bundesliga","Borussia Moenchengladbachberhasil menang melawan FC Koln.Kevin Diksmembuat gol perdananya di Bundesliga Jerman. Gladbach vs Koln berlangsung di Borussia-Park, Minggu (9/11/2025) dini hari WIB. Tuan rumah menang 3-1. Gladbach memimpin 1-0 di injury time babak pertama lewat Philipp Sander. Diks kemudian menggandakan keunggulan timnya menjadi 2-0 di menit ke-61 lewat eksekusi penalti. SCROLL TO CONTINUE WITH CONTENT Haris Tabakovic membuat Gladbach makin di atas angin. Golnya di menit ke-64 membuat Gladbach memimpin 3-0.  FC Koln cuma bisa membalas satu gol di penghujung laga. Luca Waldschmidt mencetak gol lewat titik penalti dan itu membuat Gladbach menang 3-1. Kemenangan ini teramat spesial bagi Diks, yang merupakan pemain Timnas Indonesia. Dia baru musim ini bergabung dengan Gladbach dan pada pertandingan ke-10 di Bundesliga akhirnya bisa mencetak gol. Gladbach naik ke posisi ke-12 dengan sembilan poin. Koln di urutan kesembilan dengan 14 poin.",Detik,liga_italia,borussia moenchengladbachberhasil menang lawan fc kolnkevin diksmembuat gol perdana bundesliga jerman gladbach vs koln borussiapark minggu wib tuan rumah menang gladbach pimpin injury time babak philipp sander diks ganda unggul tim menit eksekusi penalti scroll to continue with content haris tabakovic gladbach angin gol menit gladbach pimpin fc koln balas gol hujung laga luca waldschmidt cetak gol titik penalti gladbach menang menang amat spesial diks main timnas indonesia musim gabung gladbach tanding bundesliga cetak gol gladbach posisi sembilan poin koln urut sembilan poin,borussia moenchengladbachberhasil menang lawan fc kolnkevin diksmembuat gol perdana bundesliga jerman gladbach vs koln borussiapark minggu wib tuan rumah menang gladbach pimpin injury time babak philipp sander diks ganda unggul tim menit eksekusi penalti scroll to continue with content haris tabakovic gladbach angin gol menit gladbach pimpin fc koln balas gol hujung laga luca waldschmidt cetak gol titik penalti gladbach menang menang amat spesial diks main timnas indonesia musim gabung gladbach tanding bundesliga cetak gol gladbach posisi sembilan poin koln urut sembilan poin,Liga Italia,1,Liga Italia
Perang Komentar Presiden Inter Vs Conte soal Wasit,"PresidenInter MilanBeppe Marottadan pelatihNapoliAntonio Contemasih perang opini soal wasit di Serie A. Ini terjadi usai kemenangan Napoli atas Inter. Napoli mengalahkan Inter dengan skor 3-1 di pekan kedelapan Serie A di Stadion Diego Armando Maradona pada 25 Oktober. Usai pertandingan, Marotta mengkritik keputusan wasit soal penalti untuk Napoli. Marotta sampai datang ke konferensi pers usai pertandingan untuk menyampaikan keluhannya itu. Ia menilai wasit terlalu gampang terpengaruh. SCROLL TO CONTINUE WITH CONTENT Tindakan Marotta yang menyampaikan keluhannya dalam konferensi pers usai pertandingan itu mendapat tanggapan dari Conte. Conte berharap sikap Marotta itu tidak memengaruhi wasit.  ""Ketika Presiden datang untuk bicara di depan media, mereka mengira mereka mengirim pesan yang kuat dan memengaruhi narasi. Kami di sini bukan untuk merengek, tapi kami juga tidak bodoh,"" ucap Conte kala itu menanggapi kehadiran Marotta di konferensi pers. Conte kembali ditanya soal wasit dalam konferensi pers jelang pertandingan Napoli di Liga Champions, Senin (3/11/2025). ""Ketika Anda mulai membahas wasit, meski sedikit, dan mengangkat masalah, mereka jadi bingung. Anda sudah melihatnya. Begitu seseorang angkat bicara, semua jadi kacau,"" ucap Conte.  ""Wasit mungkin sudah melihat dengan benar! Kalau Anda memanggilnya, itu karena Anda berpikir ada kesalahan, tapi dalam beberapa kasus, mereka sudah mengambil keputusan tepat. Kami harus hat-hati, situasinya rawan. Mari kita bekerja sama, tapi dengan cara yang tepat, tidak seperti di masa lalu."" Ditanya soal komentar Conte, Marotta menjawab dengan blak-blakan. Ia tak mau ambil pusing opini mantan pelatih Inter itu. ""Saya tidak mau menjawabnya. Dia bebas mengatakan hal-hal tertentu. Kalau ada respek dan demokrasi, semua orang bebas mengekspresikan keyakinannya. Semuanya baik-baik saja,"" kata Marotta.",Detik,liga_italia,presideninter milanbeppe marottadan pelatihnapoliantonio contemasih perang opini wasit serie a menang napoli inter napoli kalah inter skor pekan delap serie a stadion ego armando maradona oktober tanding marotta kritik putus wasit penalti napoli marotta konferensi pers tanding keluh nilai wasit gampang pengaruh scroll to continue with content tindak marotta keluh konferensi pers tanding tanggap conte conte harap sikap marotta pengaruh wasit presiden bicara media kirim pesan kuat pengaruh narasi rengek bodoh conte tanggap hadir marotta konferensi pers conte wasit konferensi pers jelang tanding napoli liga champions senin bahas wasit angkat bingung angkat bicara kacau conte wasit panggil pikir salah ambil putus hathati situasi rawan mari komentar conte marotta blakblakan ambil pusing opini mantan latih inter jawab bebas halhal respek demokrasi orang bebas ekspresi yakin baikbaik marotta,presideninter milanbeppe marottadan pelatihnapoliantonio contemasih perang opini wasit serie a menang napoli inter napoli kalah inter skor pekan delap serie a stadion ego armando maradona oktober tanding marotta kritik putus wasit penalti napoli marotta konferensi pers tanding keluh nilai wasit gampang pengaruh scroll to continue with content tindak marotta keluh konferensi pers tanding tanggap conte conte harap sikap marotta pengaruh wasit presiden bicara media kirim pesan kuat pengaruh narasi rengek bodoh conte tanggap hadir marotta konferensi pers conte wasit konferensi pers jelang tanding napoli liga champions senin bahas wasit angkat bingung angkat bicara kacau conte wasit panggil pikir salah ambil putus hathati situasi rawan mari komentar conte marotta blakblakan ambil pusing opini mantan latih inter jawab bebas halhal respek demokrasi orang bebas ekspresi yakin baikbaik marotta,Liga Italia,1,Liga Italia
"Union Berlin Vs Bayern: Imbang 2-2, Laju Sempurna Die Roten Terhenti","Rentetan kemenanganBayern Munichdi musim 2025/2026 terhenti di tanganUnion Berlin. Bayern harus puas dengan hasil seri 2-2 usai dua kali tertinggal. LagaUnion Berlin vs Bayerndi pekan ke-10Bundesligadigelar di Stadion An der Alten Forsterei, Berlin, Sabtu (8/11/2025) malam WIB. Bayern datang dengan catatan 16 kemenangan beruntun di semua kompetisi sejak awal musim. Union Berlin sempat menjebol gawang Bayern pada menit kesembilan lewat sundulan Ilyas Ansah usai memanfaatkan sepak pojok. Namun, setelah mengecek VAR, wasit menganulir gol tersebut karena offside. SCROLL TO CONTINUE WITH CONTENT Gawang Bayern akhirnya benar-benar bobol pada menit ke-27. Berawal dari sepak pojok Janik Haberer, Danilho Doekhi yang ada di kotak penalti lantas melepaskan tembakan mendatar. Kiper Bayern Manuel Neuer gagal menangkap dengan sempurna dan bola masuk ke gawang.  Bayern mencetak gol balasan pada menit ke-38 lewat Luis Diaz. Dari sudut sempit di sisi kiri kotak penalti Union Berlin, Luis Diaz melepaskan tembakan dengan kanannya. Luis Diaz menyia-nyiakan sebuah peluang bagus pada menit ke-45. Meski tinggal menghadapi kiper Union Berlin, Luis Diaz gagal mengarahkan sepakannya ke gawang. Pada injury time, Harry Kane sempat membobol gawang Union Berlin. Namun, gol tidak disahkan wasit karena Kane lebih dulu berada dalam posisi offside. Union Berlin kembali memimpin pada menit ke-83. Danilho Doekhi menyambar bola rebound untuk menjebol gawang Neuer.  Bayern lantas selamat dari kekalahan berkat gol Kane pada injury time. Kane menanduk bola umpan silang Tom Bischof untuk mengubah skor menjadi 2-2. Dengan hasil ini, Bayern masih nyaman di puncak klasemen Liga Jerman dengan 28 poin dari 10 laga. Sementara Union Berlin ada di urutan ke-10 dengan 12 poin. Susunan Pemain Union Berlin: Ronnow, Haberer (Juranovic 70'), Doekhi, Querfeld, Diogo Leite, Rothe (Kohn 78'), Burke (Jeong 78'), Khedira, Kemlein (Kral 70'), Schafer, Ansah (Skarke 78') Bayern Munich: Neuer, Laimer (Bischof 80'), Upamecano, Tah, Stanisic, Kimmich, Goretzka (Pavlovic 80'), Olise, Gnabry (Karl 59'), Luis Diaz, Kane",Detik,liga_italia,rentet kemenanganbayern munichdi musim henti tanganunion lin bayern puas hasil seri kali tinggal lagaunion lin vs bayerndi pekan kebundesligadigelar stadion an der alten forsterei lin sabtu malam wib bayern catat menang untun kompetisi musim union lin jebol gawang bayern menit sembilan sundul ilyas ansah manfaat sepak pojok ecek var wasit anulir gol offside scroll to continue with content gawang bayern benarbenar bobol menit sepak pojok janik haberer danilho doekhi kotak penalti lantas lepas tembak datar kiper bayern manuel neuer gagal tangkap sempurna bola masuk gawang bayern cetak gol balas menit luis diaz sudut sempit sisi kiri kotak penalti union lin luis diaz lepas tembak kanan luis diaz menyianyiakan peluang bagus menit tinggal hadap kiper union lin luis diaz gagal arah pakan gawang injury time harry kane bobol gawang union lin gol sah wasit kane posisi offside union lin pimpin menit danilho doekhi sambar bola rebound jebol gawang neuer bayern lantas selamat kalah berkat gol kane injury time kane tanduk bola umpan silang tom bischof ubah skor hasil bayern nyaman puncak klasemen liga jerman poin laga union lin urut poin susun main union lin ronnow haberer juranovic doekhi querfeld diogo leite rothe kohn burke jeong khedira kemlein kral schafer ansah skarke bayern munich neuer laimer bischof upamecano tah stanisic kimmich goretzka pavlovic olise gnabry karl luis diaz kane,rentet kemenanganbayern munichdi musim henti tanganunion lin bayern puas hasil seri kali tinggal lagaunion lin vs bayerndi pekan kebundesligadigelar stadion an der alten forsterei lin sabtu malam wib bayern catat menang untun kompetisi musim union lin jebol gawang bayern menit sembilan sundul ilyas ansah manfaat sepak pojok ecek var wasit anulir gol offside scroll to continue with content gawang bayern benarbenar bobol menit sepak pojok janik haberer danilho doekhi kotak penalti lantas lepas tembak datar kiper bayern manuel neuer gagal tangkap sempurna bola masuk gawang bayern cetak gol balas menit luis diaz sudut sempit sisi kiri kotak penalti union lin luis diaz lepas tembak kanan luis diaz menyianyiakan peluang bagus menit tinggal hadap kiper union lin luis diaz gagal arah pakan gawang injury time harry kane bobol gawang union lin gol sah wasit kane posisi offside union lin pimpin menit danilho doekhi sambar bola rebound jebol gawang neuer bayern lantas selamat kalah berkat gol kane injury time kane tanduk bola umpan silang tom bischof ubah skor hasil bayern nyaman puncak klasemen liga jerman poin laga union lin urut poin susun main union lin ronnow haberer juranovic doekhi querfeld diogo leite rothe kohn burke jeong khedira kemlein kral schafer ansah skarke bayern munich neuer laimer bischof upamecano tah stanisic kimmich goretzka pavlovic olise gnabry karl luis diaz kane,Liga Italia,1,Liga Italia
"Soal Chelsea Musim Ini, Maresca: Di Luar Bising, di Dalam...","Chelseakembali menang diLiga Inggris. Manajer The Blues,Enzo Maresca, menegaskan timnya kalem di dalam tapi ada gangguan bising dari luar. Dalam lanjutan Liga Inggris, Chelsea menang 3-0 atas Wolverhampton Wanderers. Dalam pertandingan di Stamford Bridge, gol Chelsea dikemas oleh Malo Gusto, Joao Pedro, dan Pedro Neto. Kemenangan ini mengantarkan Chelsea menembus posisi ke posisi kedua klasemen Liga Inggris. Si Biru menorehkan 20 poin. SCROLL TO CONTINUE WITH CONTENT  Beberapa hari lalu,Chelseadikritik oleh Wayne Rooney karena kebijakan rotasi yang dilakukan oleh Maresca. Pelatih asal Italia itu pun menjawab dengan santai, menegaskan tim asal London Barat itu sudah menuju arah yang tepat. ""Ada banyak kebisingan di luar. Di dalam, kami yakin bahwa sebagai klub, sebagai tim kami ada di arah yang benar dan melakukan hal bagus. Pada saat bersamaan, kami banyak melakukan hal bagus,"" kata Maresca di Sky Sports.  Maresca juga memberikan penjelasan soal rotasi yang dia lakukan. Andai Chelsea tak menang, kebijakannya itu baru menjadi masalah. ""Itu bagian dari pekerjaan saya, itu bagian dari pertandingan. Pada akhirnya, ini adalah urusan saat anda tak menang ada masalah, tapi saat anda menang semuanya bagus,"" kataMaresca.",Detik,liga_inggris,chelseakembali menang liga inggris manajer the bluesenzo maresca tim kalem ganggu bising lanjut liga inggris chelsea menang wolverhampton wanderers tanding stamford bridge gol chelsea kemas malo gusto joao pedro pedro neto menang antar chelsea tembus posisi posisi klasemen liga inggris si biru toreh poin scroll to continue with content laluchelseadikritik wayne rooney bijak rotasi maresca latih italia santai tim london barat arah bising klub tim arah bagus sama bagus maresca sky sports maresca jelas rotasi laku andai chelsea menang bijak kerja tanding urus menang menang bagus katamaresca,chelseakembali menang liga inggris manajer the bluesenzo maresca tim kalem ganggu bising lanjut liga inggris chelsea menang wolverhampton wanderers tanding stamford bridge gol chelsea kemas malo gusto joao pedro pedro neto menang antar chelsea tembus posisi posisi klasemen liga inggris si biru toreh poin scroll to continue with content laluchelseadikritik wayne rooney bijak rotasi maresca latih italia santai tim london barat arah bising klub tim arah bagus sama bagus maresca sky sports maresca jelas rotasi laku andai chelsea menang bijak kerja tanding urus menang menang bagus katamaresca,Liga Inggris,1,Liga Inggris
Cristiano Ronaldo Plin-plan soal Piala Dunia?,"Cristiano Ronaldodinilai plin-plan soal Piala Dunia. Pernah sebut memenangi trofi itu adalah mimpi terbesar, tapi kini sepertinya tidak lagi. Dalam wawancara dengan Piers Morgan di akun Youtube pribadi milik Cristiano Ronaldo, CR7 menjawab pertanyaan soal kariernya, rencana pensiun, sampai terdekat Piala Dunia 2026.  SCROLL TO CONTINUE WITH CONTENT Timnas Portugalselangkah lagi lolos kePiala Dunia 2026.Mereka sedang jalani Kualifikasi Zona Eropa dan butuh satu dari dua laga lagi kontra Irlandia dan Armenia pada November nanti. Titel Piala Dunia belum pernah masuk lemariCristiano Ronaldo.Akankah CR7 berambisi memenanginya di tahun depan? Sekaligus tentu, mengukuhkan gelar GOAT (Greatest of All Time)? ""Jika Anda bertanya kepadaku, Cristiano, apakah memenangkan Piala Dunia adalah sebuah mimpi? Tidak, itu bukan mimpi,"" kata Ronaldo. ""Mendefinisikan apa? Mendefinisikan apakah aku salah satu yang terbaik dalam sejarah, memenangkan satu turnamen (yang hanya terdiri dari) enam pertandingan, tujuh pertandingan. Menurut Anda itu adil?"" sambung pemain berusia 40 tahun itu.  Di Piala Dunia 2022 kemarin setelah Timnas Portugal dikalahkan Maroko di perempatfinal,Cristiano Ronaldotampak terpukul. Tangisnya pecah ketika timnya tersingkir. Ditambah, pelatih Portugal saat itu yakni Fernando Santos mencadangkan Ronaldo di beberapa laga sepanjang turnamen. CR7 pun harus mengalah dan menghangatkan bangku cadangan. Selepas Portugal tersingkir, Ronaldo menulis kata-kata sedih di sosmed pribadinya. Ronaldo ungkap, mimpi terbesarnya adalah bawa Portugal raih titel Piala Dunia. ""Memenangkan Piala Dunia untuk Portugal adalah impian terbesar dan terambisius dalam karieku. Aku berjuang untuk itu. Aku berjuang keras untuk mimpi itu. Dalam lima edisi Piala Dunia yang aku ikuti selama 16 tahun, selalu bersama para pemain hebat dan didukung oleh jutaan rakyat Portugal, aku memberikan segalanya. Aku memberikan segalanya di lapangan. Aku tidak pernah takut berjuang dan tidak pernah menyerah untuk mimpi itu,"" tulisnya.  Ronaldo sudah persembahkan titel juara Piala Eropa dan dua kali menangi UEFA Nations League buatTimnas Portugal.AkankahPiala Dunia 2026nanti jadi panggung terakhirnya bersama A Selecao? Atas perkataan terbaru Ronaldo, dirinya dicap plin-plan oleh banyak penggemar sepakbola. Duh...",Detik,liga_spanyol,cristiano ronaldodinilai plinplan piala dunia tang trofi mimpi besar wawancara piers morgan akun youtube pribadi milik cristiano ronaldo cr karier rencana pensiun dekat piala dunia scroll to continue with content timnas portugalselangkah lolos piala dunia jalan kualifikasi zona eropa butuh laga kontra irlandia armenia november titel piala dunia masuk lemaricristiano ronaldoakankah cr ambisi menang kukuh gelar goat greatest of all time kepada cristiano menang piala dunia mimpi mimpi ronaldo definisi definisi salah baik sejarah menang turnamen enam tanding tujuh tanding adil sambung main usia piala dunia kemarin timnas portugal kalah maroko perempatfinalcristiano ronaldotampak pukul tangis pecah tim singkir tambah latih portugal fernando santos cadang ronaldo laga turnamen cr kalah hangat bangku cadang lepas portugal singkir ronaldo tulis katakata sedih sosmed pribadi ronaldo mimpi besar bawa portugal raih titel piala dunia menang piala dunia portugal impi besar ambisius karieku juang juang keras mimpi edisi piala dunia ikut main hebat dukung juta rakyat portugal lapang takut juang serah mimpi tulis ronaldo sembah titel juara piala eropa kali tang uefa nations league buattimnas portugalakankahpiala dunia panggung akhir a selecao kata baru ronaldo cap plinplan gemar sepakbola duh,cristiano ronaldodinilai plinplan piala dunia tang trofi mimpi besar wawancara piers morgan akun youtube pribadi milik cristiano ronaldo cr karier rencana pensiun dekat piala dunia scroll to continue with content timnas portugalselangkah lolos piala dunia jalan kualifikasi zona eropa butuh laga kontra irlandia armenia november titel piala dunia masuk lemaricristiano ronaldoakankah cr ambisi menang kukuh gelar goat greatest of all time kepada cristiano menang piala dunia mimpi mimpi ronaldo definisi definisi salah baik sejarah menang turnamen enam tanding tujuh tanding adil sambung main usia piala dunia kemarin timnas portugal kalah maroko perempatfinalcristiano ronaldotampak pukul tangis pecah tim singkir tambah latih portugal fernando santos cadang ronaldo laga turnamen cr kalah hangat bangku cadang lepas portugal singkir ronaldo tulis katakata sedih sosmed pribadi ronaldo mimpi besar bawa portugal raih titel piala dunia menang piala dunia portugal impi besar ambisius karieku juang juang keras mimpi edisi piala dunia ikut main hebat dukung juta rakyat portugal lapang takut juang serah mimpi tulis ronaldo sembah titel juara piala eropa kali tang uefa nations league buattimnas portugalakankahpiala dunia panggung akhir a selecao kata baru ronaldo cap plinplan gemar sepakbola duh,Liga Spanyol,1,Liga Spanyol
Juventus Vs Udinese: Si Nyonya Tua Menang 3-1,"Juventusmeraih kemenangan 3-1 atasUdinesedi kandang. Bianconeri mengakhiri puasa kemenangan yang terjadi dalam delapan laga sebelumnya. Juventus menjamu Udinese di Allianz Stadium pada laga lanjutan Liga Italia, Kamis (30/10/2025). Si Nyonya Tua bisa unggul cepat di menit ke-4 lewat penalti Dusan Vlahovic. Namun pada menit akhir babak pertama, Juventus kecolongan. Nicolo Zainolo bikin gol penyama kedudukan di menit ke-45+1. SCROLL TO CONTINUE WITH CONTENT Pada babak kedua, Federico Gatti mencetak gol kemenangan Juventus pada menit ke-67. Pada menit akhir laga, penalti Kenan Yildiz memastikan Juventus menang 3-1. Juventus akhirnya kembali meraih tiga angka setelah delapan laga beruntun tanpa kemenangan. Hasil ini membawa Juventus ke peringkat keenam dengan 15 poin. Udinese di posisi ke-9 dengan 12 angka.  Jalannya Pertandingan Tuan rumah mengambil inisiatif menyerang di awal laga. Tekanan Juventus berbuah hadiah penalti ketika laga baru berjalan empat menit. Lois Openda yang bergerak di sisi kanan kotak penalti melepas umpan tarik. Bila bisa dijangkau oleh Dusan Vlahovic. Saba Goglichidze mengganggu laju Vlahovic dengan melakukan tekel sambil menarik kaosnya. Wasit menunjuk titik putih. Vlahovic yang maju sebagai eksekutor menjalankan tugasnya dengan baik. Eksekusi mendatarnya ke pojok kanan gawang mengecoh Maduka Okoye. Juventus bisa mencetak gol kedua di menit ke-17. Ia bisa menyontek umpan dari Weston McKennie di sisi kiri. Namun, gol ini dianulir karena Vlahovic lebih dulu offside. Vlahovic kembali punya kesempatan di menit ke-34. Ia mampu menanduk bola kiriman sepak pojok. Namun, sundulannya masih melambung. Juventus terus menekan. Filip Kostic menusuk lalu melepas sepakan terukur. Okoye masih sigap dengan bisa menepis bola. Udinese yang lebih banyak tertekan justru bisa mencuri gol penyama kedudukan di menit akhir babak pertama. Zebra kecil mengawali serangan setelah bisa merebut bola dari Manuel Locatelli di depan kotak penalti. Adam Buksa melancarkan sepakan dari dalam kotak penalti. Tembakannya bisa diblok tapi bola liar didapat oleh Nicolo Zaniolo. Zaniolo dengan cerdik menempatkan bola ke pojok bawah gawang dengan kaki kirinya. Skor 1-1 bertahan hingga babak pertama tuntas. Juventus masih dominan selepas jeda. Lois Openda mencoba mengancam tapi tembakannya masih bisa diamankan Okoye. Bianconeri mengembalikan keunggulan di menit ke-67. Berawal dari sepak pojok Juventus yang bisa dihalau pemain Udinese bola kembali ke pemain Juventus di sisi kanan. Andrea Cambiaso memberikan umpan silang ke tiang jauh. Umpannya disundul oleh Federico Gatti. Tandukan Gatti tak kuasa dibendung Okoye. Juventus hampir menambah gol di menit ke-78 lewat aksi individu dari Kenan Yildiz. Ia menusuk dari sisi lalu melancarkan sepakan yang tak terjangkau Okoye. Gol urung tercipta karena bola menerpa tiang. Pada menit ke-90+6, Goglichidze kembali melakukan pelanggaran yang berbuah penalti untuk Juventus. Kali ini, ia mejegal Yildiz. Yildiz yang maju sebagai penendang mengecoh Okoye. Juventus menang 3-1. Susunan Pemain Juventus:DiGregorio; Kalulu, Gatti, Kelly; Cambiaso, Locatelli, McKennie, Kostic; Yildiz; Openda, Vlahovic Udinese:Okoye; Goglichidze, Kabasele, Solet; Ehizibue, Piotrowski, Karlstrom, Atta, Kamara; Zaniolo, Davis",Detik,liga_italia,juventusmeraih menang atasudinesedi kandang bianconeri puasa menang delapan laga juventus jamu udinese allianz stadium laga lanjut liga italia kamis si nyonya tua unggul cepat menit penalti dus vlahovic menit babak juventus colong nicolo zainolo bikin gol sama duduk menit scroll to continue with content babak federico gatti cetak gol menang juventus menit menit laga penalti kenan yildiz juventus menang juventus raih angka delapan laga untun menang hasil bawa juventus peringkat enam poin udinese posisi angka jalan tanding tuan rumah ambil inisiatif serang laga tekan juventus buah hadiah penalti laga jalan menit lois openda gerak sisi kanan kotak penalti lepas umpan tarik jangkau dus vlahovic saba goglichidze ganggu laju vlahovic tekel tarik kaos wasit titik putih vlahovic maju eksekutor jalan tugas eksekusi datar pojok kanan gawang kecoh maduka okoye juventus cetak gol menit sontek umpan weston mckennie sisi kiri gol anulir vlahovic offside vlahovic sempat menit tanduk bola kirim sepak pojok sundul lambung juventus tekan filip kostic tusuk lepas pakan ukur okoye sigap menep bola udinese tekan curi gol sama duduk menit babak zebra awal serang rebut bola manuel locatelli kotak penalti adam buksa lancar pakan kotak penalti tembak blok bola liar nicolo zaniolo zaniolo cerdik tempat bola pojok gawang kaki kiri skor tahan babak tuntas juventus dominan lepas jeda lois openda coba ancam tembak aman okoye bianconeri kembali unggul menit sepak pojok juventus halau main udinese bola main juventus sisi kanan andrea cambiaso umpan silang tiang umpan sundul federico gatti tandu gatti kuasa bendung okoye juventus tambah gol menit aksi individu kenan yildiz tusuk sisi lancar pakan jangkau okoye gol urung cipta bola terpa tiang menit goglichidze langgar buah penalti juventus kali mejegal yildiz yildiz maju tendang kecoh okoye juventus menang susun main juventusdigregorio kalulu gatti kelly cambiaso locatelli mckennie kostic yildiz openda vlahovic udineseokoye goglichidze kabasele solet ehizibue piotrowski karlstrom atta kamara zaniolo davis,juventusmeraih menang atasudinesedi kandang bianconeri puasa menang delapan laga juventus jamu udinese allianz stadium laga lanjut liga italia kamis si nyonya tua unggul cepat menit penalti dus vlahovic menit babak juventus colong nicolo zainolo bikin gol sama duduk menit scroll to continue with content babak federico gatti cetak gol menang juventus menit menit laga penalti kenan yildiz juventus menang juventus raih angka delapan laga untun menang hasil bawa juventus peringkat enam poin udinese posisi angka jalan tanding tuan rumah ambil inisiatif serang laga tekan juventus buah hadiah penalti laga jalan menit lois openda gerak sisi kanan kotak penalti lepas umpan tarik jangkau dus vlahovic saba goglichidze ganggu laju vlahovic tekel tarik kaos wasit titik putih vlahovic maju eksekutor jalan tugas eksekusi datar pojok kanan gawang kecoh maduka okoye juventus cetak gol menit sontek umpan weston mckennie sisi kiri gol anulir vlahovic offside vlahovic sempat menit tanduk bola kirim sepak pojok sundul lambung juventus tekan filip kostic tusuk lepas pakan ukur okoye sigap menep bola udinese tekan curi gol sama duduk menit babak zebra awal serang rebut bola manuel locatelli kotak penalti adam buksa lancar pakan kotak penalti tembak blok bola liar nicolo zaniolo zaniolo cerdik tempat bola pojok gawang kaki kiri skor tahan babak tuntas juventus dominan lepas jeda lois openda coba ancam tembak aman okoye bianconeri kembali unggul menit sepak pojok juventus halau main udinese bola main juventus sisi kanan andrea cambiaso umpan silang tiang umpan sundul federico gatti tandu gatti kuasa bendung okoye juventus tambah gol menit aksi individu kenan yildiz tusuk sisi lancar pakan jangkau okoye gol urung cipta bola terpa tiang menit goglichidze langgar buah penalti juventus kali mejegal yildiz yildiz maju tendang kecoh okoye juventus menang susun main juventusdigregorio kalulu gatti kelly cambiaso locatelli mckennie kostic yildiz openda vlahovic udineseokoye goglichidze kabasele solet ehizibue piotrowski karlstrom atta kamara zaniolo davis,Liga Italia,1,Liga Italia
Bhayangkara FC Vs Bali United: The Guardian Menang 2-1,"Bhayangkara Presisi Lampung FCmenjamuBali Uniteddalam lanjutan Super League. The Guardian menutup laga dengan hasil manis. Bhayangkara FC vs Bali United berlangsung di Stadion Sumpah Pemuda, Lampung, Jumat (7/11/2025) sore WIB. Pasukan Paul Munster menang 2-1. Tuan rumah sudah memimpin 1-0 saat laga baru berjalan empat menit. Dendy Sulistyawan mencetak gol dengan memanfaatkan assist dari Ryan Kurnia. SCROLL TO CONTINUE WITH CONTENT Bali United punya peluang emas di menit ke-32. Thijmen Goppel melepaskan umpan. Rahmat Arjuna menyambut lewat sundulan, namun tak berbuah gol.  Gol penyeimbang 1-1 didapatkan Bali United pada babak kedua. Adalah Made Andhika Wijaya yang mencetak gol di menit ke-60. Bali United harus bermain dengan 10 orang di menit ke-82. Tim Receveur mendapatkan kartu kuning dua kali setelah berbenturan dengan Dedi Kusnandar. Bhayangkara FC akhirnya mampu memimpin 2-1 di menit ke-84. Bola sepak pojok dari Firza Andika berhasil disundul Slavko Damjanovic. Skor tersebut bertahan sampai laga tuntas. Bhayangkara FC duduk di posisi keenam dengan 18 gol dan Bali United di urutan ke-10 dengan 13 poin. Susunan Pemain: Bhayangkara FC: Aqil Savik, Ari Idrus, Nehar Sadiki, Slavko Damjanovic, Firza Andika, Christian Ilic, Lautaro Belleggia, Wahyu Subo Seto, Dendy Sulistyawan, Ilija Spasojevic, Ryan Kurnia. Bali United: Mike Hauptmeijer; Joao Vitor Ferrari, Kadek Arel, Ricky Fajrin, Thijmen Gopel, Brandon Wilson, I Kadek Agung, Tim Receveur, Boris Kopitovic, Jordy Bruijn, Rahmat Arjuna",Detik,liga_indonesia,bhayangkara presisi lampung fcmenjamubali uniteddalam lanjut super league the guardian tutup laga hasil manis bhayangkara fc vs bal united stadion sumpah pemuda lampung jumat sore wib pasu paul munster menang tuan rumah pimpin laga jalan menit dendy sulistyawan cetak gol manfaat assist ryan kurnia scroll to continue with content bal united peluang emas menit thijmen goppel lepas umpan rahmat arjuna sambut sundul buah gol gol imbang dapat bal united babak made andhika wijaya cetak gol menit bal united main orang menit tim receveur kartu kuning kali bentur dedi kusnandar bhayangkara fc pimpin menit bola sepak pojok firza andika hasil sundul slavko damjanovic skor tahan laga tuntas bhayangkara fc duduk posisi enam gol bal united urut poin susun main bhayangkara fc aqil savik ari idrus nehar sadik slavko damjanovic firza andika christian ilic lautaro belleggia wahyu subo seto dendy sulistyawan ilija spasojevic ryan kurnia bal united mike hauptmeijer joao vitor ferrari kadek arel ricky fajrin thijmen gopel brandon wilson i kadek agung tim receveur bor kopitovic jordy bruijn rahmat arjuna,bhayangkara presisi lampung fcmenjamubali uniteddalam lanjut super league the guardian tutup laga hasil manis bhayangkara fc vs bal united stadion sumpah pemuda lampung jumat sore wib pasu paul munster menang tuan rumah pimpin laga jalan menit dendy sulistyawan cetak gol manfaat assist ryan kurnia scroll to continue with content bal united peluang emas menit thijmen goppel lepas umpan rahmat arjuna sambut sundul buah gol gol imbang dapat bal united babak made andhika wijaya cetak gol menit bal united main orang menit tim receveur kartu kuning kali bentur dedi kusnandar bhayangkara fc pimpin menit bola sepak pojok firza andika hasil sundul slavko damjanovic skor tahan laga tuntas bhayangkara fc duduk posisi enam gol bal united urut poin susun main bhayangkara fc aqil savik ari idrus nehar sadik slavko damjanovic firza andika christian ilic lautaro belleggia wahyu subo seto dendy sulistyawan ilija spasojevic ryan kurnia bal united mike hauptmeijer joao vitor ferrari kadek arel ricky fajrin thijmen gopel brandon wilson i kadek agung tim receveur bor kopitovic jordy bruijn rahmat arjuna,Liga Indonesia,1,Liga Indonesia
Firmino dan Real Madrid yang Tidak Berjodoh,"Roberto Firminomengaku sempat dua kali ditawari gabung keReal Madrid.Karena tidak dijadikan pilihan utama, Firmino pun menolaknya. Dalam wawancara denganTNT Sports Brasil,Roberto Firmino mengaku tawaran pertama datang di tahun 2023. Itu setelah kontraknya habis dengan Liverpool. Tawaran kedua datang di tahun 2025 ini. Namun karena tidak berjodoh, sang striker pun tidak merumput di Bernabeu. SCROLL TO CONTINUE WITH CONTENT  ""Ada minat dari Real Madrid di tahun 2023 setelah kontrak saya habis dengan Liverpool dan di tahun 2025 baru-baru ini,"" bukaRoberto Firmino. ""Tahun 2023, tawarannya lebih konkrit. Namun sayangnya ada beberapa faktor, seperti misalnya saya bukan pilihan utama atau kedua jadi harus menunggu. Bukannya saya tidak sabar, tapi saya harus menunggu,"" sambungnya. ""Lalu tawaran dari Al Ahli datang. Saya berdoa dan memutuskan untuk dapatkan yang terbaik, jadi saya pergi ke Arab Saudi,"" tambahnya.  Real Madridsempat cari sosok penyerang tengah selepas Karim Benzema pergi. Sempat ada Joselu lalu kini ada Kylian Mbappe. Meski nama terakhir, notabenenya merupakan penyerang sayap. Roberto Firminomenangkan titel Liga Champions Asia bersama Al Ahli. Di musim panas 2025, pemain berusia 34 tahun itu direkrut klub Qatar, Al Sadd. Sebelumnya, Firmino sukses di Liverpool pada periode 2012-2023. ""Tentu saja, Real Madrid adalah klub besar. Akan menjadi suatu kehormatan yang luar biasa jika bisa bermain di sana,"" tutup Firmino yang sedikit menyesali gagal berseragam Los Blancos.",Detik,liga_spanyol,roberto firminomengaku kali tawar gabung real madridkarena jadi pilih utama firmino tolak wawancara dengantnt sports brasilroberto firmino aku tawar kontrak habis liverpool tawar jodoh sang striker rumput bernabeu scroll to continue with content minat real madrid kontrak habis liverpool barubaru bukaroberto firmino tawar konkrit sayang faktor pilih utama tunggu sabar tunggu sambung tawar al ahli doa putus dapat baik pergi arab saudi real madridsempat cari sosok serang lepas karim benzema pergi joselu kylian mbappe nama notabene serang sayap roberto firminomenangkan titel liga champions asia al ahli musim panas main usia rekrut klub qatar al sadd firmino sukses liverpool periode real madrid klub hormat main tutup firmino sali gagal seragam los blancos,roberto firminomengaku kali tawar gabung real madridkarena jadi pilih utama firmino tolak wawancara dengantnt sports brasilroberto firmino aku tawar kontrak habis liverpool tawar jodoh sang striker rumput bernabeu scroll to continue with content minat real madrid kontrak habis liverpool barubaru bukaroberto firmino tawar konkrit sayang faktor pilih utama tunggu sabar tunggu sambung tawar al ahli doa putus dapat baik pergi arab saudi real madridsempat cari sosok serang lepas karim benzema pergi joselu kylian mbappe nama notabene serang sayap roberto firminomenangkan titel liga champions asia al ahli musim panas main usia rekrut klub qatar al sadd firmino sukses liverpool periode real madrid klub hormat main tutup firmino sali gagal seragam los blancos,Liga Spanyol,1,Liga Spanyol
